_id	Protocolo	data	hora	natureza	situacao	bairro	endereco	numero	detalhe_endereco_acidente	complemento	bairro_cruzamento	num_semaforo	sentido_via	tipo	auto	moto	ciclom	ciclista	pedestre	onibus	caminhao	viatura	outros	vitimas	vitimasfatais	acidente_verificado	tempo_clima	situacao_semaforo	sinalizacao	condicao_via	conservacao_via	ponto_controle	situacao_placa	velocidade_max_via	mao_direcao	divisao_via1	divisao_via2	divisao_via3
173	202201690,0	2022-01-26T00:00:00	""	COM VÍTIMA	FINALIZADA	DERBY	AV GOVERNADOR AGAMENON MAGALHAES	""	RUA JOAQUIM NABUCO	EM FRNTE A ESCOLA BARBOSA LIMA / SENT BOA VIAGEM	DERBY	147,0	BOA VIAGEM	ENGAVETAMENTO	2,0	0,0	0,0	0,0	0,0	1,0	0,0	0,0	0,0	1,0	0,0	Longo da via	Bom	Sem defeito	Perfeito estado	Seca	Perfeito estado	Faixa de pedestre	""	60 km/h	Dupla	Canteiro central	""	""
174	202201708,0	2022-01-26T00:00:00	""	COM VÍTIMA	FINALIZADA	IMBIRIBEIRA	AV PRESIDENTE DUTRA	""	""	LADO OPOSTO AO ANTIGO OUT LET SENTIDO BOA VIAGEM	IMBIRIBEIRA	""	""	COLISÃO COM CICLISTA	0,0	1,0	0,0	1,0	0,0	0,0	0,0	0,0	0,0	1,0	0,0	Longo da via	Bom	Não existe	Perfeito estado	Seca	Perfeito estado	Não existe	Não há placas	""	Única	Faixa seccionada	""	""
175	202201712,0	2022-01-26T00:00:00	""	COM VÍTIMA	FINALIZADA	BOA VISTA	RUA JOAQUIM FELIPE	60,0	""	E/F AO NUCE	BOA VISTA	""	CIDADE	COLISÃO LATERAL	1,0	1,0	0,0	0,0	0,0	0,0	0,0	0,0	0,0	1,0	0,0	Longo da via	Bom	Não existe	Perfeito estado	Seca	Perfeito estado	Não existe	Outras	""	Única	Faixa seccionada	""	""
176	202201717,0	2022-01-26T00:00:00	""	COM VÍTIMA	FINALIZADA	BREJO DA GUABIRABA	AV VEREADOR OTACILIO AZEVEDO	1120,0	RUA SENHOR DO BONFIM	PROX A GARAGEM DA GLOBO,  AZEVEDO MOTO PEÇAS	BREJO DA GUABIRABA	""	CIDADE	COLISÃO TRANSVERSAL	0,0	1,0	0,0	0,0	0,0	0,0	0,0	1,0	0,0	1,0	0,0	Cruzamento	Bom	Não existe	Não existente	Seca	Perfeito estado	Não existe	Não há placas	30 km/h	Dupla	Não existe	""	""
177	202201718,0	2022-01-26T00:00:00	""	SEM VÍTIMA	FINALIZADA	IPSEP	AV SALDANHA MARINHO	345,0	""	E/F AO BAR DO GAIAMUM	IPSEP	""	""	COLISÃO LATERAL	0,0	0,0	0,0	0,0	0,0	0,0	0,0	0,0	0,0	0,0	0,0	""	""	""	""	""	""	""	""	""	""	""	""	""
178	202201723,0	2022-01-26T00:00:00	""	COM VÍTIMA	FINALIZADA	CAJUEIRO	AV CIDADE DE MONTEIRO	""	""	EM FRENTE AO ARMAZÉM CORAL	CAJUEIRO	""	""	COLISÃO LATERAL	1,0	1,0	0,0	0,0	0,0	0,0	0,0	0,0	0,0	1,0	0,0	Longo da via	Bom	Não existe	Perfeito estado	Seca	Perfeito estado	Não existe	Não há placas	""	Única	Faixa contínua	""	""
179	202201743,0	2022-01-27T00:00:00	""	SEM VÍTIMA	FINALIZADA	CASA AMARELA	AV NORTE MIGUEL ARRAES DE ALENCAR	""	""	EM FRENTE AO ARMAZEM CORAL	CASA AMARELA	""	CIDADE	COLISÃO LATERAL	0,0	0,0	0,0	0,0	0,0	1,0	1,0	0,0	0,0	0,0	0,0	""	""	""	""	""	""	""	""	""	""	""	""	""
180	202201744,0	2022-01-27T00:00:00	""	COM VÍTIMA	FINALIZADA	BOA VIAGEM	AV CONSELHEIRO AGUIAR	82,0	RUA ARTUR MUNIZ	AO LADO EDIFICIO CALIFORNIA	BOA VIAGEM	5,0	CIDADE	COLISÃO LATERAL	1,0	1,0	0,0	0,0	0,0	0,0	0,0	0,0	0,0	1,0	0,0	Cruzamento	Bom	Sem defeito	Perfeito estado	Molhada	Perfeito estado	Faixa de pedestre	Não há placas	""	Única	Não existe	""	""
181	202201747,0	2022-01-27T00:00:00	""	COM VÍTIMA	FINALIZADA	JAQUEIRA	AV RUI BARBOSA	1672,0	""	E/F A CEDIRE VIDEO ENDOSCOPIA	JAQUEIRA	292,0	CIDADE	COLISÃO LATERAL	1,0	1,0	0,0	0,0	0,0	0,0	0,0	0,0	0,0	1,0	0,0	Longo da via	Bom	Sem defeito	Perfeito estado	Seca	Perfeito estado	""	R-6a	40 km/h	Única	Faixa contínua	""	""
182	202201759,0	2022-01-27T00:00:00	""	COM VÍTIMA	FINALIZADA	BOA VIAGEM	AV DOM JOAO VI	""	""	SEMAFORO 639	BOA VIAGEM	639,0	""	COLISÃO TRASEIRA	1,0	1,0	0,0	0,0	0,0	0,0	0,0	0,0	0,0	1,0	0,0	Longo da via	Bom	Sem defeito	Perfeito estado	Molhada	Perfeito estado	Faixa de pedestre	Não há placas	""	Única	Não existe	""	""
183	202201781,0	2022-01-27T00:00:00	""	COM VÍTIMA	FINALIZADA	SANTO AMARO	AV DR JAYME DA FONTE	""	AV GOVERNADOR AGAMENON MAGALHAES	NO SEMÁFORO 049	SANTO AMARO	49,0	CIDADE	COLISÃO COM CICLISTA	1,0	0,0	0,0	1,0	0,0	0,0	0,0	0,0	0,0	1,0	0,0	Cruzamento	Chuvoso	Sem defeito	Perfeito estado	Seca	Perfeito estado	Faixa de pedestre	Não há placas	60 km/h	Dupla	Canteiro central	""	""
184	202201794,0	2022-01-27T00:00:00	""	SEM VÍTIMA	FINALIZADA	APIPUCOS	AV DEZESSETE DE AGOSTO	""	RUA MANDACARU	PRÓXIMO AO AÇUDE DE APIPUCOS	APIPUCOS	""	""	COLISÃO TRASEIRA	3,0	0,0	0,0	0,0	0,0	0,0	0,0	0,0	0,0	0,0	0,0	Longo da via	Bom	Sem defeito	Perfeito estado	Seca	Perfeito estado	""	""	60KM/H	Dupla	Faixa contínua	""	""
185	202201805,0	2022-01-28T00:00:00	""	COM VÍTIMA	FINALIZADA	CAMPO GRANDE	RUA JERONIMO VILELA	86,0	EST DE BELEM	ESTRADA DE BELÉM - PROX À FARMACIA DROGASIL	CAMPO GRANDE	""	SUBURBIO	COLISÃO TRANSVERSAL	1,0	1,0	0,0	0,0	0,0	0,0	0,0	0,0	0,0	1,0	0,0	Longo da via	Bom	Não existe	Ilegível	Seca	Mal iluminada	Não existe	Não há placas	""	Dupla	Faixa seccionada	""	""
186	202201826,0	2022-01-28T00:00:00	""	COM VÍTIMA	FINALIZADA	IBURA	AV DOIS RIOS	""	""	BR 101 SUL  SENTIDO LITORAL SUL	IBURA	""	""	TOMBAMENTO	0,0	0,0	0,0	0,0	0,0	0,0	0,0	0,0	0,0	1,0	0,0	""	""	""	""	""	""	""	""	""	""	""	""	""
187	202201827,0	2022-01-28T00:00:00	""	SEM VÍTIMA	FINALIZADA	SÍTIO DOS PINTOS	RUA DO SITIO SAO BRAZ	61,0	""	E/F A IGREJA BATISTA MISSIONARIA EM  DOIS IRMÃOS	SÍTIO DOS PINTOS	""	CIDADE	CHOQUE	1,0	0,0	0,0	0,0	0,0	0,0	1,0	0,0	0,0	0,0	0,0	Longo da via	Bom	Não existe	Perfeito estado	Seca	Perfeito estado	Não existe	Não há placas	30 km/h	Dupla	Não existe	""	""
188	202201849,0	2022-01-28T00:00:00	""	SEM VÍTIMA	FINALIZADA	GRAÇAS	RUA DAS GRACAS	196,0	RUA DOM SEBASTIAO LEME	EM FRENTE A IGREJA DAS GRAÇAS	GRAÇAS	""	""	COLISÃO TRASEIRA	2,0	0,0	0,0	0,0	0,0	0,0	0,0	0,0	0,0	0,0	0,0	""	""	""	""	""	""	""	""	""	""	""	""	""
189	202201868,0	2022-01-28T00:00:00	""	SEM VÍTIMA	FINALIZADA	PINA	AVENIDA CELSO FURTADO (VIA MANGUE)	""	""	VIA MANGUE / POR TRAS DO EXTRA	PINA	""	""	CHOQUE	0,0	0,0	0,0	0,0	0,0	0,0	0,0	0,0	0,0	0,0	0,0	""	""	""	""	""	""	""	""	""	""	""	""	""
190	202201873,0	2022-01-29T00:00:00	""	SEM VÍTIMA	FINALIZADA	SANTO AMARO	AV GOVERNADOR AGAMENON MAGALHAES	""	""	EM FRENTE A ACADEMIA DAS CIDADES SENTIDO OLINDA	SANTO AMARO	""	SUBURBIO	COLISÃO LATERAL	2,0	0,0	0,0	0,0	0,0	0,0	0,0	0,0	0,0	0,0	0,0	""	""	""	""	""	""	""	""	""	""	""	""	""
191	202201883,0	2022-01-29T00:00:00	""	SEM VÍTIMA	FINALIZADA	IMBIRIBEIRA	AV GENERAL MAC ARTHUR	418,0	""	EM FRENTE AO NÚMERO 418	IMBIRIBEIRA	""	""	CHOQUE	1,0	0,0	0,0	0,0	0,0	0,0	0,0	0,0	0,0	0,0	0,0	Longo da via	Chuvoso	Não existe	Perfeito estado	Seca	Perfeito estado	Não existe	R-6a	""	Única	Faixa seccionada	""	""
192	202201894,0	2022-01-29T00:00:00	""	COM VÍTIMA	FINALIZADA	PRADO	AV ENGENHEIRO ABDIAS DE CARVALHO	1233,0	RUA SANTA EDWIRGES	E/F A BOSH SERVICE	PRADO	354,0	CIDADE	COLISÃO TRASEIRA	3,0	0,0	0,0	0,0	0,0	0,0	0,0	0,0	0,0	1,0	0,0	Longo da via	Nublado	Sem defeito	Perfeito estado	Seca	Perfeito estado	Faixa de pedestre	Outras	40 km/h	Dupla	Canteiro central	""	""
193	202201905,0	2022-01-29T00:00:00	""	COM VÍTIMA	FINALIZADA	CAXANGÁ	AV CAXANGA	""	""	EM FRENTE A  CAXANGÁ GOLF CLUBE	CAXANGÁ	""	""	CHOQUE	0,0	1,0	0,0	0,0	0,0	0,0	0,0	0,0	0,0	1,0	0,0	""	""	""	""	""	""	""	""	""	""	""	""	""
194	202201926,0	2022-01-29T00:00:00	""	COM VÍTIMA	FINALIZADA	VÁRZEA	RUA RIBEIRO PESSOA	""	""	E/F A UPA DA CAXANGA S/T UR7	VÁRZEA	281,0	CIDADE	COLISÃO LATERAL	1,0	1,0	0,0	0,0	0,0	0,0	0,0	0,0	0,0	1,0	0,0	Longo da via	Nublado	Sem defeito	Perfeito estado	Seca	Perfeito estado	Faixa de pedestre	Não há placas	""	Dupla	Faixa seccionada	""	""
195	202201979,0	2022-01-30T00:00:00	""	COM VÍTIMA	FINALIZADA	CORDEIRO	AV CAXANGA	1220,0	RUA GREGORIO JUNIOR	PROX A FUNERARIA SANTA PAULA,  FUNERÁRIA SÃO JORGE	CORDEIRO	236,0	SUBURBIO	COLISÃO LATERAL	0,0	1,0	0,0	0,0	0,0	1,0	0,0	0,0	0,0	2,0	0,0	Cruzamento	Bom	Sem defeito	Perfeito estado	Seca	Perfeito estado	Faixa de pedestre	R-25d	60 km/h	Dupla	Faixa contínua	Canteiro central	""
196	202201982,0	2022-01-30T00:00:00	""	COM VÍTIMA	FINALIZADA	PORTO DA MADEIRA	AV BEBERIBE	""	LAD DO SAPOTI	DALVA DE OLIVEIRA	PORTO DA MADEIRA	3677,0	""	COLISÃO TRANSVERSAL	1,0	1,0	0,0	0,0	0,0	0,0	0,0	0,0	0,0	2,0	0,0	Cruzamento	Bom	Sem defeito	Perfeito estado	Seca	Perfeito estado	Não existe	Outras	""	Dupla	Não existe	""	""
197	202201997,0	2022-01-30T00:00:00	""	COM VÍTIMA	FINALIZADA	BOMBA DO HEMETÉRIO	RUA CHA DE ALEGRIA	20,0	""	PRÓX AO ESPETINHO DA CEÇA	BOMBA DO HEMETÉRIO	""	SUBURBIO	CHOQUE	1,0	0,0	0,0	0,0	0,0	0,0	0,0	0,0	0,0	2,0	0,0	Longo da via	Bom	Não existe	Perfeito estado	Seca	Mal conservada	Não existe	Outras	30 km/h	Dupla	Não existe	""	""
198	202202000,0	2022-01-30T00:00:00	""	SEM VÍTIMA	FINALIZADA	PARNAMIRIM	EST DO ENCANAMENTO	""	""	PRÓX À SMART FIT E À DROGASIL	PARNAMIRIM	""	""	COLISÃO TRASEIRA	2,0	0,0	0,0	0,0	0,0	0,0	0,0	0,0	0,0	0,0	0,0	""	""	""	""	""	""	""	""	""	""	""	""	""
199	202202006,0	2022-01-30T00:00:00	""	COM VÍTIMA	FINALIZADA	CAMPO GRANDE	EST DE BELEM	1335,0	""	PRÓX A LOJA DONA  SAMAMBAIA	CAMPO GRANDE	""	""	ATROPELAMENTO DE ANIMAL	0,0	0,0	0,0	0,0	0,0	0,0	0,0	0,0	0,0	1,0	0,0	""	""	""	""	""	""	""	""	""	""	""	""	""
200	202202007,0	2022-01-30T00:00:00	""	SEM VÍTIMA	FINALIZADA	MADALENA	RUA DOM JOAO DE SOUZA	333,0	""	E/F AO EDF PRAÇA DAS FIGUEIRAS	MADALENA	""	""	CHOQUE	0,0	0,0	0,0	0,0	0,0	0,0	0,0	0,0	0,0	0,0	0,0	""	""	""	""	""	""	""	""	""	""	""	""	""
201	202202010,0	2022-01-30T00:00:00	""	COM VÍTIMA	FINALIZADA	CASA AMARELA	RUA OSCAR DE BARROS	150,0	RUA XAVANTES	E/F A CLINICA DE OLHOS CASA AMARELA	CASA AMARELA	""	""	COLISÃO TRANSVERSAL	1,0	1,0	0,0	0,0	0,0	0,0	0,0	0,0	0,0	1,0	0,0	Cruzamento	Bom	Não existe	Perfeito estado	Seca	Perfeito estado	Faixa de retenção	R-6a	""	Dupla	Não existe	""	""
202	202202012,0	2022-01-30T00:00:00	""	SEM VÍTIMA	CANCELADA	BOMBA DO HEMETÉRIO	RUA PROFESSOR JOSE AMARINO DOS REIS	660,0	""	PRÓX AO CLUBE DO TEIMOSO	BOMBA DO HEMETÉRIO	""	""	COLISÃO TRASEIRA	0,0	0,0	0,0	0,0	0,0	0,0	0,0	0,0	0,0	0,0	0,0	""	""	""	""	""	""	""	""	""	""	""	""	""
203	202202032,0	2022-01-31T00:00:00	""	COM VÍTIMA	FINALIZADA	JOANA BEZERRA	AV GOVERNADOR AGAMENON MAGALHAES	""	""	VIADUTO CAPITAO TEMUDO	JOANA BEZERRA	""	SUBURBIO	COLISÃO TRANSVERSAL	1,0	1,0	0,0	0,0	0,0	0,0	0,0	0,0	0,0	1,0	0,0	Viaduto	Bom	Não existe	Perfeito estado	Seca	Perfeito estado	Não existe	Não há placas	""	Única	Faixa seccionada	""	""
204	202202035,0	2022-01-31T00:00:00	""	VÍTIMA FATAL	FINALIZADA	CABANGA	VIADUTO CAPITAO TEMUDO	""	""	PRÓXIMO A ALÇA DE ACESSO PARA VIA MANGUE	CABANGA	""	SUBURBIO	COLISÃO LATERAL	1,0	1,0	0,0	0,0	0,0	0,0	0,0	0,0	0,0	0,0	1,0	Viaduto	Bom	Não existe	Perfeito estado	Seca	Perfeito estado	""	Não há placas	60 km/h	Dupla	Canteiro central	""	""
205	202202046,0	2022-01-31T00:00:00	""	SEM VÍTIMA	FINALIZADA	APIPUCOS	AV DEZESSETE DE AGOSTO	""	""	PRÓXIMO AO AÇUDE DE APIPUCOS	APIPUCOS	""	""	COLISÃO LATERAL	0,0	0,0	0,0	0,0	0,0	0,0	0,0	0,0	0,0	0,0	0,0	Longo da via	Bom	Sem defeito	Perfeito estado	Seca	Perfeito estado	""	Outras	""	Dupla	Faixa contínua	""	""
206	202202052,0	2022-01-31T00:00:00	""	SEM VÍTIMA	CANCELADA	SANTO AMARO	RUA PRINCESA IZABEL	""	""	ENTRE O TREZE DE MAIO  E  FACULDADE DE DIREITO	SANTO AMARO	""	""	COLISÃO LATERAL	2,0	0,0	0,0	0,0	0,0	0,0	0,0	0,0	0,0	0,0	0,0	""	""	""	""	""	""	""	""	""	""	""	""	""
207	202202060,0	2022-01-31T00:00:00	""	COM VÍTIMA	CANCELADA	BOA VISTA	AV CONDE DA BOA VISTA	""	""	E/F A FAFIRE	BOA VISTA	""	""	COLISÃO FRONTAL	1,0	0,0	0,0	0,0	0,0	1,0	0,0	0,0	0,0	1,0	0,0	""	""	""	""	""	""	""	""	""	""	""	""	""
208	202202064,0	2022-01-31T00:00:00	""	COM VÍTIMA	FINALIZADA	AFOGADOS	AV SUL	""	RUA ANTONIO MACARIO	E/F AO POSTO PETRONAC	AFOGADOS	""	CIDADE	COLISÃO LATERAL	1,0	1,0	0,0	0,0	0,0	0,0	0,0	0,0	0,0	1,0	0,0	Longo da via	Bom	Não existe	Perfeito estado	Seca	Perfeito estado	Não existe	Não há placas	""	Única	Faixa seccionada	""	""
209	202202066,0	2022-01-31T00:00:00	""	COM VÍTIMA	FINALIZADA	ENCRUZILHADA	AV NORTE MIGUEL ARRAES DE ALENCAR	""	""	AO LADO DA RENAULT S/T SUB	ENCRUZILHADA	665,0	SUBURBIO	COLISÃO LATERAL	1,0	1,0	0,0	0,0	0,0	0,0	0,0	0,0	0,0	1,0	0,0	Longo da via	Bom	Sem defeito	Perfeito estado	Seca	Perfeito estado	Faixa de pedestre	R-6a	""	Dupla	Canteiro central	""	""
210	202202079,0	2022-01-31T00:00:00	""	SEM VÍTIMA	CANCELADA	IPUTINGA	RUA DR VIRGINIO MARQUES	274,0	""	PRÓX A IGREJA CATÓLICA DA IPUTINGA	IPUTINGA	""	""	CHOQUE	0,0	0,0	0,0	0,0	0,0	0,0	0,0	0,0	0,0	0,0	0,0	""	""	""	""	""	""	""	""	""	""	""	""	""
211	202202082,0	2022-01-31T00:00:00	""	SEM VÍTIMA	FINALIZADA	PINA	AV BOA VIAGEM	""	""	PRÓXIMO AO NÚCLEO DA POLICIA MILITAR	PINA	""	CIDADE	COLISÃO TRASEIRA	2,0	0,0	0,0	0,0	0,0	0,0	0,0	0,0	0,0	0,0	0,0	""	""	""	""	""	""	""	""	""	""	""	""	""
212	202202112,0	2022-02-01T00:00:00	""	COM VÍTIMA	FINALIZADA	PARNAMIRIM	AV PARNAMIRIM	416,0	""	E/F A TROIS BARBEARIA	PARNAMIRIM	""	""	QUEDA	0,0	1,0	0,0	0,0	0,0	1,0	0,0	0,0	0,0	1,0	0,0	Longo da via	Bom	Não existe	Perfeito estado	Seca	Perfeito estado	Outros	Outras	""	Única	Faixa seccionada	""	""
213	202202135,0	2022-02-01T00:00:00	""	COM VÍTIMA	FINALIZADA	IPSEP	RUA ITANAGE	11,0	""	E/F IPSEP MOVEIS	IPSEP	""	SUBURBIO	COLISÃO TRASEIRA	1,0	1,0	0,0	0,0	0,0	0,0	0,0	0,0	0,0	1,0	0,0	Longo da via	Bom	Não existe	Perfeito estado	Seca	Perfeito estado	Não existe	Não há placas	""	Dupla	Não existe	""	""
214	202202143,0	2022-02-01T00:00:00	""	COM VÍTIMA	CANCELADA	CAXANGÁ	AV JOAQUIM RIBEIRO	1250,0	""	PRÓX À DISTRIBUIDORA DE ÁGUA PURELEVE - SENTIDO CAMARAGIBE	CAXANGÁ	""	""	COLISÃO FRONTAL	1,0	1,0	0,0	0,0	0,0	0,0	0,0	0,0	0,0	1,0	0,0	""	""	""	""	""	""	""	""	""	""	""	""	""
215	202202156,0	2022-02-01T00:00:00	""	COM VÍTIMA	FINALIZADA	SÃO JOSÉ	C SANTA RITA	""	""	TERMINAL CAIS DE SANTA RITA	SÃO JOSÉ	571,0	CIDADE	ATROPELAMENTO DE PESSOA	0,0	0,0	0,0	0,0	1,0	1,0	0,0	0,0	0,0	1,0	0,0	Outros	Bom	Sem defeito	Incompleta	Seca	Mal conservada	Não existe	Não há placas	""	Dupla	Outros	""	""
216	202202164,0	2022-02-01T00:00:00	""	SEM VÍTIMA	FINALIZADA	JARDIM SÃO PAULO	AV SAO PAULO	426,0	""	ENFRENTE AO RENDI MAIS	JARDIM SÃO PAULO	""	""	COLISÃO FRONTAL	1,0	1,0	0,0	0,0	0,0	0,0	0,0	0,0	0,0	0,0	0,0	""	""	""	""	""	""	""	""	""	""	""	""	""
217	202202188,0	2022-02-01T00:00:00	""	COM VÍTIMA	FINALIZADA	VÁRZEA	RUA DIOGO DE VASCONCELOS	608,0	""	ENFRENTE AO BAR ALTO JATO	VÁRZEA	""	CIDADE	COLISÃO TRASEIRA	5,0	0,0	0,0	0,0	0,0	1,0	0,0	0,0	0,0	1,0	0,0	Longo da via	Bom	Não existe	Ilegível	Seca	Perfeito estado	Não existe	Não há placas	""	Dupla	Não existe	""	""
218	202202222,0	2022-02-02T00:00:00	""	COM VÍTIMA	FINALIZADA	SANTO AMARO	AV GOVERNADOR AGAMENON MAGALHAES	""	""	PROXIMO DO POSTO BR, ANTES DO RETORNO PARA SANTO AMARO	SANTO AMARO	""	""	COLISÃO TRANSVERSAL	1,0	1,0	0,0	0,0	0,0	0,0	0,0	0,0	0,0	1,0	0,0	Longo da via	Bom	Sem defeito	Perfeito estado	Seca	Perfeito estado	Faixa de pedestre	Outras	""	Dupla	Canteiro central	""	""
219	202202223,0	2022-02-02T00:00:00	""	COM VÍTIMA	FINALIZADA	IMBIRIBEIRA	AV MARECHAL MASCARENHAS DE MORAES	3963,0	""	EM FRENTE A TUPAN	IMBIRIBEIRA	""	CIDADE	COLISÃO LATERAL	1,0	1,0	0,0	0,0	0,0	0,0	0,0	0,0	0,0	1,0	0,0	Longo da via	Bom	Não existe	Perfeito estado	Seca	Perfeito estado	Não existe	Não há placas	""	Dupla	Canteiro central	""	""
220	202202238,0	2022-02-02T00:00:00	""	COM VÍTIMA	FINALIZADA	PINA	AV ANTONIO DE GOES	534,0	RUA JOSE MARIANO FILHO	""	PINA	538,0	""	COLISÃO FRONTAL	1,0	1,0	0,0	0,0	0,0	0,0	0,0	0,0	0,0	1,0	0,0	Cruzamento	Bom	Sem defeito	""	Seca	Perfeito estado	Faixa de pedestre	R-19	60 km/h	Única	Faixa contínua	Faixa seccionada	Canteiro central
221	202202255,0	2022-02-02T00:00:00	""	COM VÍTIMA	FINALIZADA	PARNAMIRIM	RUA JOAO TUDE DE MELO	""	RUA VIRGINIA LORETO	RUA VIRGINIA LORETO	PARNAMIRIM	649,0	CARREFOUR	COLISÃO LATERAL	1,0	1,0	0,0	0,0	0,0	0,0	0,0	0,0	1,0	1,0	0,0	Longo da via	Bom	Sem defeito	Perfeito estado	Seca	Perfeito estado	Não existe	Não há placas	""	Única	Faixa contínua	""	""
222	202202257,0	2022-02-02T00:00:00	""	COM VÍTIMA	FINALIZADA	IMBIRIBEIRA	AV MARECHAL MASCARENHAS DE MORAES	1681,0	""	CENTRO DE DISTRIBUIÇÃO DA  LAZER ELETRO	IMBIRIBEIRA	""	CIDADE	COLISÃO LATERAL	1,0	1,0	0,0	0,0	0,0	0,0	0,0	0,0	0,0	1,0	0,0	Longo da via	Bom	Não existe	Perfeito estado	Seca	Perfeito estado	Não existe	Não há placas	""	Única	Faixa seccionada	""	""
223	202202260,0	2022-02-02T00:00:00	""	COM VÍTIMA	CANCELADA	IMBIRIBEIRA	AV MARECHAL MASCARENHAS DE MORAES	""	""	E/F A HONDA  S/T CID	IMBIRIBEIRA	""	""	COLISÃO LATERAL	1,0	1,0	0,0	0,0	0,0	0,0	0,0	0,0	0,0	1,0	0,0	""	""	""	""	""	""	""	""	""	""	""	""	""
224	202202263,0	2022-02-02T00:00:00	""	COM VÍTIMA	FINALIZADA	CAMPO GRANDE	RUA JERONIMO VILELA	""	RUA DR JOSE MACHADO	ESQUINA DA PADARIA SANTO ANTONIO	CAMPO GRANDE	565,0	CIDADE	COLISÃO LATERAL	1,0	1,0	0,0	0,0	0,0	0,0	0,0	0,0	0,0	1,0	0,0	Cruzamento	Bom	Desligado	Perfeito estado	Seca	Perfeito estado	Faixa de pedestre	R-6a	""	Dupla	Faixa contínua	""	""
225	202202273,0	2022-02-02T00:00:00	""	COM VÍTIMA	FINALIZADA	JOANA BEZERRA	PTE JOSE DE BARROS LIMA	""	""	""	JOANA BEZERRA	""	SUBURBIO	COLISÃO TRANSVERSAL	1,0	1,0	0,0	0,0	0,0	0,0	0,0	0,0	0,0	1,0	0,0	Viaduto	Bom	Não existe	Perfeito estado	Seca	Perfeito estado	Não existe	Não há placas	60 km/h	""	Faixa contínua	Faixa seccionada	""
226	202202284,0	2022-02-02T00:00:00	""	COM VÍTIMA	FINALIZADA	DOIS IRMÃOS	RUA PROF CLAUDIO SELVA	20,0	""	ESCOLA MUNIC. SOCIÓLOGO GILBERTO FREIRE	DOIS IRMÃOS	""	SUBURBIO	QUEDA	0,0	1,0	0,0	0,0	0,0	0,0	0,0	0,0	0,0	1,0	0,0	Esquina	Bom	Não existe	Perfeito estado	Seca	Perfeito estado	Não existe	Outras	""	Dupla	Não existe	""	""
227	202202297,0	2022-02-03T00:00:00	""	COM VÍTIMA	FINALIZADA	DOIS UNIDOS	AV HILDEBRANDO DE VASCONCELOS	""	RUA MARCIA MENDES	PROXIMO AO CT DO SANTA CRUZ	DOIS UNIDOS	""	SUBURBIO	COLISÃO TRANSVERSAL	1,0	1,0	0,0	0,0	0,0	0,0	0,0	0,0	0,0	2,0	0,0	Cruzamento	Bom	Não existe	Perfeito estado	Seca	Perfeito estado	Faixa de pedestre	"Placas ""Pare"""	""	Dupla	Faixa seccionada	""	""
228	202202327,0	2022-02-03T00:00:00	""	SEM VÍTIMA	FINALIZADA	BOA VIAGEM	RUA TENENTE JOAO CICERO	486,0	RUA MINISTRO NELSON HUNGRIA	ED. PRAIA DE IPANEMA	BOA VIAGEM	""	SUBURBIO	CHOQUE	1,0	0,0	0,0	0,0	0,0	0,0	0,0	0,0	0,0	0,0	0,0	Cruzamento	Bom	Não existe	Perfeito estado	Seca	Perfeito estado	Faixa de pedestre	Outras	""	Única	Não existe	""	""
229	202202343,0	2022-02-03T00:00:00	""	COM VÍTIMA	FINALIZADA	GRAÇAS	RUA DO FUTURO	480,0	""	E/F AO EDIFICIO CHAMPERY	GRAÇAS	""	CIDADE	COLISÃO COM CICLISTA	1,0	0,0	0,0	1,0	0,0	0,0	0,0	0,0	0,0	1,0	0,0	Longo da via	Bom	Não existe	Perfeito estado	Seca	Perfeito estado	Não existe	Outras	""	Única	Faixa seccionada	""	""
230	202202397,0	2022-02-03T00:00:00	""	SEM VÍTIMA	FINALIZADA	AREIAS	AV TAPAJOS	73,0	""	OPOSTO CANTINHO DO BINA	AREIAS	620,0	""	COLISÃO TRASEIRA	1,0	0,0	0,0	0,0	0,0	0,0	0,0	1,0	0,0	0,0	0,0	Longo da via	Bom	Sem defeito	Incompleta	Seca	Perfeito estado	Não existe	R-6c	""	Dupla	Não existe	""	""
231	202202408,0	2022-02-03T00:00:00	""	COM VÍTIMA	FINALIZADA	BOA VIAGEM	RUA VISCONDE DE JEQUITINHONHA	""	RUA BALTAZAR PASSOS	""	BOA VIAGEM	154,0	SUBURBIO	COLISÃO LATERAL	1,0	1,0	0,0	0,0	0,0	0,0	0,0	0,0	0,0	1,0	0,0	Cruzamento	Bom	Sem defeito	Perfeito estado	Seca	Perfeito estado	Faixa de pedestre	"Placas ""Dê a preferência"""	""	""	Faixa seccionada	""	""
232	202202409,0	2022-02-03T00:00:00	""	COM VÍTIMA	FINALIZADA	IBURA	LAD DA COHAB	""	""	NA SUBIDA DA LADEIRA	IBURA	""	CIDADE	COLISÃO LATERAL	1,0	1,0	0,0	0,0	0,0	0,0	0,0	0,0	0,0	1,0	0,0	Outros	Bom	Não existe	Ilegível	Seca	Perfeito estado	Não existe	Não há placas	""	Dupla	Faixa contínua	""	""