_id	Protocolo	data	hora	natureza	situacao	bairro	endereco	numero	detalhe_endereco_acidente	complemento	bairro_cruzamento	num_semaforo	sentido_via	tipo	auto	moto	ciclom	ciclista	pedestre	onibus	caminhao	viatura	outros	vitimas	vitimasfatais	acidente_verificado	tempo_clima	situacao_semaforo	sinalizacao	condicao_via	conservacao_via	ponto_controle	situacao_placa	velocidade_max_via	mao_direcao	divisao_via1	divisao_via2	divisao_via3
294	202203174,0	2022-02-13T00:00:00	""	COM VÍTIMA	FINALIZADA	LINHA DO TIRO	RUA ELADIO CAMBOIM	251,0	RUA URIEL DE HOLANDA	PRÓX À PADARIA PÃO DE OURO	LINHA DO TIRO	""	""	ATROPELAMENTO DE PESSOA	0,0	1,0	0,0	0,0	1,0	0,0	0,0	0,0	0,0	1,0	0,0	Longo da via	Bom	Não existe	Não existente	Seca	Perfeito estado	Não existe	Não há placas	""	Dupla	Não existe	""	""
295	202203180,0	2022-02-13T00:00:00	""	COM VÍTIMA	CANCELADA	PINA	AV ANTONIO DE GOES	275,0	""	CENTRO DIAGNÓTICO LUCILO ÁVILA	PINA	""	""	COLISÃO TRASEIRA	1,0	1,0	0,0	0,0	0,0	0,0	0,0	0,0	0,0	1,0	0,0	""	""	""	""	""	""	""	""	""	""	""	""	""
296	202203182,0	2022-02-13T00:00:00	""	SEM VÍTIMA	FINALIZADA	BOA VIAGEM	RUA BRUNO VELOSO	""	AV ENGENHEIRO DOMINGOS FERREIRA	""	BOA VIAGEM	""	""	COLISÃO LATERAL	2,0	0,0	0,0	0,0	0,0	0,0	0,0	0,0	0,0	0,0	0,0	""	""	""	""	""	""	""	""	""	""	""	""	""
297	202203183,0	2022-02-13T00:00:00	""	COM VÍTIMA	FINALIZADA	CORDEIRO	AV CAXANGA	2555,0	AV INACIO MONTEIRO	ENFRENTE A DROGASIL	CORDEIRO	234,0	CIDADE	COLISÃO TRANSVERSAL	1,0	1,0	0,0	0,0	0,0	0,0	0,0	0,0	0,0	1,0	0,0	Cruzamento	Bom	Sem defeito	Incompleta	Seca	Perfeito estado	""	R-6a	60 km/h	Dupla	Faixa contínua	Canteiro central	""
298	202203190,0	2022-02-13T00:00:00	""	COM VÍTIMA	FINALIZADA	JORDÃO	RUA ALBERTO LUNDGREN	83,0	RUA DR ALVARO FERRAZ	ENFRENTE AO BALAIO	JORDÃO	""	""	ATROPELAMENTO DE PESSOA	0,0	0,0	0,0	0,0	1,0	1,0	0,0	0,0	0,0	1,0	0,0	Cruzamento	Bom	Não existe	Perfeito estado	Seca	Perfeito estado	Faixa de pedestre	R-6a	""	Dupla	Faixa contínua	""	""
299	202203193,0	2022-02-13T00:00:00	""	SEM VÍTIMA	FINALIZADA	IBURA	""	31A	""	EM FRENTE DROGARIAS IBURA	IBURA	""	SUBURBIO	COLISÃO FRONTAL	1,0	0,0	0,0	0,0	0,0	0,0	0,0	1,0	0,0	0,0	0,0	Longo da via	Bom	Não existe	Não existente	Seca	Perfeito estado	Não existe	"Placas ""Pare"""	40 km/h	Dupla	Não existe	""	""
300	202203199,0	2022-02-13T00:00:00	""	COM VÍTIMA	CANCELADA	TEJIPIÓ	AV DR JOSE RUFINO	3254,0	""	E/F AO 14  BATALHAO / SEMAFORO 208	TEJIPIÓ	""	""	COLISÃO TRASEIRA	1,0	1,0	0,0	1,0	0,0	0,0	0,0	0,0	0,0	1,0	0,0	""	""	""	""	""	""	""	""	""	""	""	""	""
301	202203223,0	2022-02-14T00:00:00	""	SEM VÍTIMA	FINALIZADA	CAXANGÁ	AV CAXANGA	""	""	IPUTINGA VEÍCULOS	CAXANGÁ	""	SUBURBIO	COLISÃO FRONTAL	1,0	0,0	0,0	0,0	0,0	0,0	0,0	1,0	0,0	0,0	0,0	""	""	""	""	""	""	""	""	""	""	""	""	""
302	202203225,0	2022-02-14T00:00:00	""	SEM VÍTIMA	FINALIZADA	BOA VIAGEM	RUA RIO AZUL	99,0	""	E/F AO ARMAZEM DE CONSTRUÇÃO	BOA VIAGEM	""	SUBURBIO	""	1,0	0,0	0,0	0,0	0,0	0,0	0,0	0,0	0,0	0,0	0,0	Longo da via	Bom	Não existe	Perfeito estado	Seca	Perfeito estado	Não existe	Não há placas	""	Única	Faixa seccionada	""	""
303	202203243,0	2022-02-14T00:00:00	""	COM VÍTIMA	FINALIZADA	CAMPINA DO BARRETO	RUA DOS PEIXINHOS	987,0	""	EM FRENTE AO ORATÓRIO DA DIVINA PROVIDÊNCIA	CAMPINA DO BARRETO	""	CIDADE	COLISÃO LATERAL	1,0	1,0	0,0	0,0	0,0	0,0	0,0	0,0	0,0	1,0	0,0	Longo da via	Bom	Não existe	Não existente	Seca	Perfeito estado	Não existe	Não há placas	""	Dupla	Não existe	""	""
304	202203245,0	2022-02-14T00:00:00	""	COM VÍTIMA	CANCELADA	ESPINHEIRO	RUA CONS PORTELA	""	RUA QUARENTA E OITO	EM FRENTE AO BIGCAR	ESPINHEIRO	11,0	""	COLISÃO LATERAL	1,0	1,0	0,0	0,0	0,0	0,0	0,0	0,0	0,0	1,0	0,0	""	""	""	""	""	""	""	""	""	""	""	""	""
305	202203249,0	2022-02-14T00:00:00	""	COM VÍTIMA	FINALIZADA	TEJIPIÓ	AV DR JOSE RUFINO	3795,0	""	EM FRENTE A ESTAÇÃO TEJIPIO	TEJIPIÓ	""	SUBURBIO	COLISÃO TRANSVERSAL	1,0	1,0	0,0	0,0	0,0	0,0	0,0	0,0	0,0	1,0	0,0	Longo da via	Bom	Não existe	Incompleta	Seca	Perfeito estado	Não existe	Não há placas	""	Dupla	Faixa contínua	""	""
306	202203251,0	2022-02-14T00:00:00	""	COM VÍTIMA	CANCELADA	PORTO DA MADEIRA	AV BEBERIBE	""	""	EM FRENTE AO COLEGIO NOVENTA GRAUS	PORTO DA MADEIRA	""	""	COLISÃO LATERAL	0,0	2,0	0,0	0,0	0,0	0,0	0,0	0,0	0,0	2,0	0,0	""	""	""	""	""	""	""	""	""	""	""	""	""
307	202203311,0	2022-02-15T00:00:00	""	COM VÍTIMA	FINALIZADA	TAMARINEIRA	AV NORTE MIGUEL ARRAES DE ALENCAR	""	EST VELHA DE AGUA FRIA	PROXIMO A FERREIRA COSTA	TAMARINEIRA	62,0	CIDADE	COLISÃO TRASEIRA	0,0	2,0	0,0	0,0	0,0	0,0	0,0	0,0	0,0	1,0	0,0	Cruzamento	Bom	Sem defeito	Perfeito estado	Seca	Perfeito estado	Faixa de pedestre	R-6a	60 km/h	Dupla	Faixa contínua	""	""
308	202203313,0	2022-02-15T00:00:00	""	COM VÍTIMA	FINALIZADA	ALTO JOSÉ BONIFÁCIO	RUA ALTO JOSE BONIFACIO	192,0	RUA CORREGO DO EUCLIDES	PROX. A RODINHA	ALTO JOSÉ BONIFÁCIO	""	CIDADE	COLISÃO COM CICLISTA	0,0	1,0	0,0	1,0	0,0	0,0	0,0	0,0	0,0	1,0	0,0	Esquina	Bom	Não existe	Perfeito estado	Seca	Perfeito estado	Faixa de pedestre	Outras	""	Dupla	Faixa contínua	Faixa seccionada	""
309	202203330,0	2022-02-15T00:00:00	""	COM VÍTIMA	FINALIZADA	ÁGUA FRIA	EST VELHA DE AGUA FRIA	727,0	""	ESPAÇO TAMARINEIRA,  JPK ENERGY	ÁGUA FRIA	""	CIDADE	COLISÃO COM CICLISTA	0,0	1,0	0,0	1,0	0,0	0,0	0,0	0,0	0,0	1,0	0,0	Longo da via	Bom	Não existe	Perfeito estado	Seca	Perfeito estado	Não existe	R-6a	60 km/h	Dupla	Faixa contínua	""	""
310	202203351,0	2022-02-15T00:00:00	""	COM VÍTIMA	FINALIZADA	IPUTINGA	AV CAXANGA	""	EST DO BARBALHO	PRÓX AO BIG BOMPREÇO E CACAU SHOW	IPUTINGA	533,0	""	COLISÃO TRASEIRA	0,0	2,0	0,0	0,0	0,0	0,0	0,0	0,0	0,0	1,0	0,0	Cruzamento	Bom	Sem defeito	Perfeito estado	Seca	Perfeito estado	Agente	R-26	60 km/h	Dupla	Canteiro central	""	""
311	202203357,0	2022-02-15T00:00:00	""	SEM VÍTIMA	FINALIZADA	TOTÓ	RUA ONZE DE AGOSTO	687,0	""	TERMINAL TOTO - JARDIM SÃO PAULO BOA VIAGEM SHOPPING RECIFE	TOTÓ	""	""	CHOQUE	1,0	0,0	0,0	0,0	0,0	1,0	0,0	0,0	0,0	0,0	0,0	""	Bom	Não existe	Não existente	Seca	Perfeito estado	Não existe	Não há placas	""	Dupla	Não existe	""	""
312	202203365,0	2022-02-15T00:00:00	""	COM VÍTIMA	FINALIZADA	CORDEIRO	RUA DR MIGUEL VIEIRA FERREIRA	537,0	RUA SOROCABA	PROXIMO AO ARMAZEM CIA DA CONSTRUÇÃO	CORDEIRO	""	CIDADE	ATROPELAMENTO DE PESSOA	1,0	0,0	0,0	0,0	1,0	0,0	0,0	0,0	0,0	1,0	0,0	Longo da via	Bom	Não existe	Incompleta	Seca	Perfeito estado	Não existe	R-19	30 km/h	""	Não existe	""	""
313	202203371,0	2022-02-15T00:00:00	""	SEM VÍTIMA	CANCELADA	IPUTINGA	RUA SAO MATEUS	266,0	""	E/F A PADARIA MASSA PURA	IPUTINGA	""	""	COLISÃO LATERAL	0,0	0,0	0,0	0,0	0,0	0,0	0,0	0,0	0,0	0,0	0,0	""	""	""	""	""	""	""	""	""	""	""	""	""
314	202203374,0	2022-02-16T00:00:00	""	SEM VÍTIMA	FINALIZADA	PASSARINHO	EST DE PASSARINHO	3413,0	""	PRÓXIMO AO TERMINAL DE ÔNIBUS COMPLEMENTAR	PASSARINHO	""	SUBURBIO	""	1,0	0,0	0,0	0,0	0,0	0,0	0,0	1,0	0,0	0,0	0,0	Longo da via	Bom	Não existe	Não existente	Seca	Perfeito estado	Não existe	Não há placas	""	Dupla	Não existe	""	""
315	202203389,0	2022-02-16T00:00:00	""	COM VÍTIMA	FINALIZADA	PINA	RUA TOME GIBSON	""	AVENIDA CELSO FURTADO (VIA MANGUE)	PROX. AO AEROCLUB (SENT. PINA)	PINA	""	CIDADE	COLISÃO LATERAL	1,0	1,0	0,0	0,0	0,0	0,0	0,0	0,0	0,0	1,0	0,0	Longo da via	Chuvoso	Não existe	Perfeito estado	Molhada	Perfeito estado	Não existe	Não há placas	60 km/h	Única	Faixa seccionada	""	""
316	202203409,0	2022-02-16T00:00:00	""	COM VÍTIMA	FINALIZADA	CURADO	BR 101 (DENTRO DA CEASA)	""	""	EM FRENTE AO RC FRIOS E RESTAURANTE DO BIU	CURADO	""	""	COLISÃO FRONTAL	2,0	1,0	0,0	0,0	0,0	0,0	0,0	0,0	0,0	1,0	0,0	Longo da via	Bom	Não existe	Incompleta	Seca	Perfeito estado	Não existe	R-4b	""	Única	Não existe	""	""
317	202203440,0	2022-02-16T00:00:00	""	COM VÍTIMA	FINALIZADA	JARDIM SÃO PAULO	AV SAO PAULO	""	""	POR BAIXO DO VIADUTO WERNECK	JARDIM SÃO PAULO	""	CIDADE	CHOQUE	1,0	0,0	0,0	0,0	0,0	0,0	0,0	0,0	0,0	1,0	0,0	Longo da via	Bom	Não existe	Incompleta	Seca	Perfeito estado	Não existe	Não há placas	""	Dupla	Faixa seccionada	""	""
318	202203447,0	2022-02-17T00:00:00	""	SEM VÍTIMA	FINALIZADA	PINA	AVENIDA CELSO FURTADO (VIA MANGUE)	""	""	LADO OPOSTO POS TRÁS DA VIA MANGUE	PINA	""	""	CHOQUE	1,0	0,0	0,0	0,0	0,0	0,0	0,0	0,0	0,0	0,0	0,0	Longo da via	Chuvoso	Não existe	Perfeito estado	Molhada	Perfeito estado	Não existe	Não há placas	60 km/h	Dupla	Canteiro central	""	""
319	202203452,0	2022-02-17T00:00:00	""	SEM VÍTIMA	FINALIZADA	BOA VIAGEM	AV ENGENHEIRO DOMINGOS FERREIRA	""	RUA JOSE MARIA DE MIRANDA	SEMÁFORO 484	BOA VIAGEM	484,0	CIDADE	COLISÃO TRASEIRA	1,0	0,0	0,0	0,0	0,0	0,0	0,0	1,0	0,0	0,0	0,0	Cruzamento	Chuvoso	Sem defeito	Perfeito estado	Molhada	Perfeito estado	""	Outras	""	Dupla	Canteiro central	""	""
320	202203460,0	2022-02-17T00:00:00	""	COM VÍTIMA	CANCELADA	CASA AMARELA	AV NORTE MIGUEL ARRAES DE ALENCAR	""	""	EM FRENTE AO ARMAZEM CORAL/ PROXIMO AO SESC DE CASA MARELA	CASA AMARELA	""	CIDADE	QUEDA	0,0	1,0	0,0	0,0	0,0	0,0	0,0	0,0	0,0	1,0	0,0	""	""	""	""	""	""	""	""	""	""	""	""	""
321	202203463,0	2022-02-17T00:00:00	""	COM VÍTIMA	FINALIZADA	APIPUCOS	AV DEZESSETE DE AGOSTO	117,0	""	E/F A ESCOLA ESTADUAL SILVA JARDIM,  ED MEYER MESEL	APIPUCOS	""	SUBURBIO	COLISÃO FRONTAL	2,0	1,0	0,0	0,0	0,0	0,0	0,0	0,0	0,0	1,0	0,0	Longo da via	Chuvoso	Não existe	Perfeito estado	Molhada	Perfeito estado	Não existe	""	60 km/h	Dupla	Faixa contínua	""	""
322	202203480,0	2022-02-17T00:00:00	""	COM VÍTIMA	FINALIZADA	BONGI	RUA ISAAC MARKMAN	46,0	RUA DONA MARIA AUGUSTA NOGUEIRA	EM FRENTE A SECRETARIA DE SAUDE /  TERMINAL DO BONGI	BONGI	""	CIDADE	COLISÃO TRANSVERSAL	1,0	1,0	0,0	0,0	0,0	0,0	0,0	0,0	0,0	1,0	0,0	Cruzamento	Chuvoso	Não existe	Incompleta	Molhada	Mal conservada	Faixa de pedestre	Outras	30 km/h	Dupla	Faixa seccionada	""	""
323	202203484,0	2022-02-17T00:00:00	""	COM VÍTIMA	DUPLICIDADE	CAXANGÁ	AV JOAQUIM RIBEIRO	""	""	EM FRENTE A UPA DA CAXANGA	CAXANGÁ	""	""	COLISÃO LATERAL	1,0	1,0	0,0	0,0	0,0	0,0	0,0	0,0	0,0	1,0	0,0	""	""	""	""	""	""	""	""	""	""	""	""	""
324	202203487,0	2022-02-17T00:00:00	""	COM VÍTIMA	FINALIZADA	VÁRZEA	AV CAXANGA	""	""	AO LADO DA UPA, NO SENTIDO CIDADE	VÁRZEA	""	""	COLISÃO LATERAL	1,0	1,0	0,0	0,0	0,0	1,0	0,0	0,0	0,0	1,0	0,0	Ponte	Chuvoso	Não existe	Perfeito estado	Molhada	Perfeito estado	Não existe	Não há placas	60 km/h	Única	Faixa seccionada	""	""
325	202203488,0	2022-02-17T00:00:00	""	COM VÍTIMA	FINALIZADA	CAMPO GRANDE	RUA MARQUES DE BAIPENDI	295,0	RUA CONEGO JOAO PEDROZA	UNIÃO BEBIDAS	CAMPO GRANDE	""	SUBURBIO	COLISÃO TRANSVERSAL	1,0	1,0	0,0	0,0	0,0	0,0	0,0	0,0	0,0	1,0	0,0	Cruzamento	Bom	Não existe	Perfeito estado	Molhada	Perfeito estado	Não existe	Outras	""	Dupla	Faixa contínua	Faixa seccionada	""
326	202203493,0	2022-02-17T00:00:00	""	SEM VÍTIMA	FINALIZADA	ESPINHEIRO	AV GOVERNADOR AGAMENON MAGALHAES	""	""	SEMÁFORO 108	ESPINHEIRO	108,0	""	COLISÃO TRASEIRA	1,0	0,0	0,0	0,0	0,0	0,0	0,0	2,0	0,0	0,0	0,0	Longo da via	Nublado	Sem defeito	Perfeito estado	Molhada	Perfeito estado	Faixa de pedestre	Não há placas	60 km/h	Dupla	Faixa contínua	Canteiro central	Canal
327	202203524,0	2022-02-17T00:00:00	""	COM VÍTIMA	FINALIZADA	SANTO AMARO	AV GOVERNADOR AGAMENON MAGALHAES	""	""	SOB O VIADUTO DA AV NORTE	SANTO AMARO	684,0	OLINDA	COLISÃO COM CICLISTA	1,0	0,0	0,0	1,0	0,0	0,0	0,0	0,0	0,0	1,0	0,0	Longo da via	Bom	Sem defeito	Perfeito estado	Seca	Perfeito estado	Faixa de pedestre	Não há placas	60 km/h	Dupla	Faixa contínua	Canal	""
328	202203527,0	2022-02-17T00:00:00	""	COM VÍTIMA	FINALIZADA	SANTO AMARO	AV PREFEITO ARTUR LIMA CAVALCANTI	80,0	""	PROX A MARINHA BEIRA CANAL	SANTO AMARO	""	SUBURBIO	QUEDA	0,0	1,0	0,0	0,0	0,0	0,0	0,0	0,0	0,0	1,0	0,0	Longo da via	Bom	Não existe	Perfeito estado	Seca	Perfeito estado	Não existe	Não há placas	""	Dupla	Canteiro central	""	""
329	202203536,0	2022-02-17T00:00:00	""	COM VÍTIMA	FINALIZADA	PINA	AV ANTONIO DE GOES	109,0	""	""	PINA	""	CIDADE	COLISÃO TRANSVERSAL	1,0	1,0	0,0	0,0	0,0	0,0	0,0	0,0	0,0	1,0	0,0	Longo da via	Bom	Sem defeito	Perfeito estado	Seca	Perfeito estado	Não existe	Outras	60 km/h	Única	Faixa seccionada	""	""
330	202203545,0	2022-02-17T00:00:00	""	SEM VÍTIMA	FINALIZADA	ALTO SANTA TERESINHA	RUA TAMBOARA	583,0	""	""	ALTO SANTA TERESINHA	""	SUBURBIO	COLISÃO FRONTAL	0,0	1,0	0,0	0,0	0,0	0,0	0,0	1,0	0,0	0,0	0,0	Longo da via	Bom	Não existe	Perfeito estado	Seca	Perfeito estado	Não existe	Não há placas	""	Dupla	Faixa contínua	Faixa seccionada	""
331	202203548,0	2022-02-17T00:00:00	""	SEM VÍTIMA	FINALIZADA	BOA VIAGEM	AV CONSELHEIRO AGUIAR	""	""	PRÓXIMO AO BOMBREÇO	BOA VIAGEM	""	""	COLISÃO LATERAL	0,0	0,0	0,0	0,0	0,0	0,0	0,0	0,0	0,0	0,0	0,0	""	""	""	""	""	""	""	""	""	""	""	""	""
332	202203568,0	2022-02-18T00:00:00	""	COM VÍTIMA	FINALIZADA	IMBIRIBEIRA	AV MARECHAL MASCARENHAS DE MORAES	4773,0	""	EM FRENTE AO MARTELINHO. APÓS A FACULDADE PERNAMBUCANA DE SAÚDE	IMBIRIBEIRA	""	CIDADE	QUEDA	0,0	1,0	0,0	0,0	0,0	0,0	0,0	0,0	0,0	1,0	0,0	Longo da via	Bom	Não existe	Perfeito estado	Seca	Perfeito estado	Não existe	""	60 km/h	Dupla	Faixa seccionada	""	""
333	202203571,0	2022-02-17T00:00:00	""	COM VÍTIMA	FINALIZADA	DERBY	AV GOVERNADOR AGAMENON MAGALHAES	""	""	EM FRENTE À FACE IMAGEM	DERBY	""	SUBURBIO	COLISÃO TRASEIRA	1,0	1,0	0,0	0,0	0,0	0,0	0,0	0,0	0,0	1,0	0,0	Longo da via	Chuvoso	Sem defeito	Perfeito estado	Molhada	Perfeito estado	Outros	Outras	""	Única	Faixa seccionada	""	""
334	202203598,0	2022-02-18T00:00:00	""	COM VÍTIMA	CANCELADA	IMBIRIBEIRA	RUA LE PARC	100,0	""	EM FRENTE AO LE  PARC	IMBIRIBEIRA	""	""	COLISÃO TRASEIRA	1,0	1,0	0,0	0,0	0,0	0,0	0,0	0,0	0,0	1,0	0,0	""	""	""	""	""	""	""	""	""	""	""	""	""
335	202203618,0	2022-02-18T00:00:00	""	COM VÍTIMA	FINALIZADA	MANGUEIRA	RUA DR JOAO ELISIO	298,0	RUA MANDARI	EM FRENTE À PADARIA E MERCADINHO SANTO ANTÔNIO	MANGUEIRA	""	SUBURBIO	COLISÃO FRONTAL	1,0	1,0	0,0	0,0	0,0	0,0	0,0	0,0	0,0	1,0	0,0	Esquina	Bom	Não existe	Incompleta	Seca	Perfeito estado	Não existe	Não há placas	""	Dupla	Não existe	""	""
336	202203625,0	2022-02-18T00:00:00	""	COM VÍTIMA	CANCELADA	PINA	AV HERCULANO BANDEIRA	""	""	E/F AO ATACADO DA CONTRUÇAÕ	PINA	""	""	COLISÃO TRASEIRA	1,0	1,0	0,0	0,0	0,0	0,0	0,0	0,0	0,0	1,0	0,0	""	""	""	""	""	""	""	""	""	""	""	""	""
337	202203653,0	2022-02-18T00:00:00	""	COM VÍTIMA	FINALIZADA	IBURA	AV DOIS RIOS	939,0	""	PRÓX A FARMACIA  INDEPENDENTE , SNT SUB-CID / SEMÁFORO 485	IBURA	""	CIDADE	COLISÃO TRASEIRA	1,0	1,0	0,0	0,0	0,0	0,0	0,0	0,0	0,0	1,0	0,0	Longo da via	Bom	Não existe	Perfeito estado	Seca	Perfeito estado	Não existe	Não há placas	""	Dupla	Faixa contínua	""	""
338	202203655,0	2022-02-18T00:00:00	""	COM VÍTIMA	FINALIZADA	BEBERIBE	AV BEBERIBE	4340,0	""	E/F A IGREJA BATISTA AGAPE	BEBERIBE	""	CIDADE	CHOQUE	2,0	1,0	0,0	0,0	0,0	0,0	0,0	0,0	0,0	1,0	0,0	Longo da via	Chuvoso	Não existe	Perfeito estado	""	Perfeito estado	Não existe	Não há placas	""	Dupla	Faixa seccionada	""	""
339	202203664,0	2022-02-19T00:00:00	""	COM VÍTIMA	FINALIZADA	AFOGADOS	RUA NICOLAU PEREIRA	""	""	PROXIMO À ESTAÇÃO DO METRÔ	AFOGADOS	""	SUBURBIO	COLISÃO COM CICLISTA	1,0	0,0	0,0	1,0	0,0	0,0	0,0	0,0	0,0	1,0	0,0	Longo da via	Bom	Não existe	Perfeito estado	Seca	Perfeito estado	Não existe	R-6a	""	Única	Faixa seccionada	""	""
340	202203681,0	2022-02-19T00:00:00	""	COM VÍTIMA	FINALIZADA	SAN MARTIN	AV GENERAL SAN MARTIN	""	""	LADO OPOSTO AO NOVO ATACAREJO	SAN MARTIN	58,0	SUBURBIO	QUEDA	0,0	0,0	0,0	1,0	0,0	0,0	0,0	0,0	0,0	1,0	0,0	Longo da via	Bom	Sem defeito	Perfeito estado	Seca	Perfeito estado	Faixa de retenção	Não há placas	""	Dupla	Faixa contínua	""	""
341	202203706,0	2022-02-19T00:00:00	""	COM VÍTIMA	FINALIZADA	VÁRZEA	AV CAXANGA	5759,0	""	LADO OPOSTO AO TERMINAL DE ONIBUS DA CAXANGA	VÁRZEA	262,0	CIDADE	COLISÃO TRASEIRA	1,0	1,0	0,0	0,0	0,0	0,0	0,0	0,0	0,0	1,0	0,0	Longo da via	Bom	Sem defeito	Perfeito estado	Seca	Perfeito estado	Faixa de pedestre	R-6a	60 km/h	Dupla	Faixa contínua	Canteiro central	Faixa seccionada
342	202203716,0	2022-02-19T00:00:00	""	COM VÍTIMA	FINALIZADA	SANTO AMARO	AV GOVERNADOR AGAMENON MAGALHAES	""	PTE RAIMUNDO FARIAS	PRAÇA PARQUE AMORIM	SANTO AMARO	37,0	SUBURBIO	COLISÃO TRANSVERSAL	1,0	1,0	0,0	0,0	0,0	0,0	0,0	0,0	0,0	1,0	0,0	Cruzamento	Bom	Sem defeito	Perfeito estado	Seca	Perfeito estado	Agente	""	60 km/h	Única	Faixa seccionada	""	""
343	202203717,0	2022-02-19T00:00:00	""	COM VÍTIMA	FINALIZADA	TEJIPIÓ	RUA FALCAO DE LACERDA	101,0	""	PROX A ESTACAO TEJIPIO / ASSEMBLEIA DE DEUS	TEJIPIÓ	""	CIDADE	COLISÃO LATERAL	1,0	1,0	0,0	0,0	0,0	0,0	0,0	0,0	0,0	1,0	0,0	Longo da via	Bom	Não existe	Incompleta	Seca	Perfeito estado	Não existe	Não há placas	""	Dupla	Não existe	""	""
344	202203730,0	2022-02-19T00:00:00	""	COM VÍTIMA	FINALIZADA	PINA	AV CONSELHEIRO AGUIAR	479,0	""	SANTORINI BAR CLUB	PINA	""	CIDADE	COLISÃO LATERAL	1,0	1,0	0,0	0,0	0,0	0,0	0,0	0,0	0,0	2,0	0,0	Longo da via	Chuvoso	Não existe	Perfeito estado	Molhada	Perfeito estado	Não existe	Não há placas	""	Única	Faixa seccionada	""	""
345	202203738,0	2022-02-20T00:00:00	""	COM VÍTIMA	FINALIZADA	ESPINHEIRO	RUA DO ESPINHEIRO	""	RUA QUARENTA E OITO	CRUZAMENTO	ESPINHEIRO	166,0	CIDADE	COLISÃO TRANSVERSAL	1,0	1,0	0,0	0,0	0,0	0,0	0,0	0,0	0,0	1,0	0,0	Cruzamento	Bom	Sem defeito	Perfeito estado	Seca	Perfeito estado	Faixa de pedestre	Não há placas	""	Única	Faixa contínua	Faixa seccionada	""
346	202203741,0	2022-02-20T00:00:00	""	COM VÍTIMA	CANCELADA	SANTO AMARO	AV GOVERNADOR AGAMENON MAGALHAES	""	AV DR JAYME DA FONTE	AO LADO DO CAMPO DO ONZE	SANTO AMARO	""	""	COLISÃO LATERAL	1,0	1,0	0,0	0,0	0,0	0,0	0,0	0,0	0,0	1,0	0,0	""	""	""	""	""	""	""	""	""	""	""	""	""
347	202203773,0	2022-02-20T00:00:00	""	COM VÍTIMA	CANCELADA	BOA VIAGEM	AV ENGENHEIRO DOMINGOS FERREIRA	""	""	AO LADO DA MCDONALD´S	BOA VIAGEM	""	""	COLISÃO LATERAL	1,0	1,0	0,0	0,0	0,0	0,0	0,0	0,0	0,0	1,0	0,0	""	""	""	""	""	""	""	""	""	""	""	""	""
348	202203776,0	2022-02-20T00:00:00	""	COM VÍTIMA	CANCELADA	SÃO JOSÉ	C SANTA RITA	695,0	""	ESQUINA COM AS TORRES GEMEAS / E/F AO CLUBE DE AMADORES DE PESCA	SÃO JOSÉ	""	""	COLISÃO TRASEIRA	1,0	1,0	0,0	0,0	0,0	0,0	0,0	0,0	0,0	1,0	0,0	""	""	""	""	""	""	""	""	""	""	""	""	""
349	202203784,0	2022-02-21T00:00:00	""	VÍTIMA FATAL	FINALIZADA	AFOGADOS	RUA MOTOCOLOMBO	""	""	E/F AO BANCO ITAU E PRÓXIMO À POLICLINICA DE AFOGADOS	AFOGADOS	""	""	CHOQUE	0,0	1,0	0,0	0,0	0,0	0,0	0,0	0,0	0,0	0,0	1,0	Longo da via	Chuvoso	Não existe	Perfeito estado	Molhada	Perfeito estado	""	Outras	""	Única	Não existe	""	""
350	202203788,0	2022-02-21T00:00:00	""	COM VÍTIMA	FINALIZADA	GRAÇAS	AV GOVERNADOR AGAMENON MAGALHAES	""	AV RUI BARBOSA	VIA PRINCIPAL -	GRAÇAS	37,0	CIDADE	COLISÃO TRASEIRA	0,0	1,0	0,0	0,0	0,0	0,0	0,0	0,0	0,0	1,0	0,0	Longo da via	Bom	Sem defeito	Perfeito estado	Molhada	Perfeito estado	Faixa de pedestre	Não há placas	60 km/h	Dupla	Canteiro central	""	""
351	202203789,0	2022-02-21T00:00:00	""	COM VÍTIMA	FINALIZADA	CASA AMARELA	AV NORTE MIGUEL ARRAES DE ALENCAR	4785,0	RUA BEZERROS	E/F AO ARMAZEM CORAL	CASA AMARELA	""	CIDADE	COLISÃO TRASEIRA	1,0	2,0	0,0	0,0	0,0	0,0	0,0	0,0	0,0	1,0	0,0	Longo da via	Bom	Sem defeito	Perfeito estado	Seca	Perfeito estado	Não existe	Não há placas	""	Dupla	Canteiro central	""	""
352	202203796,0	2022-02-21T00:00:00	""	COM VÍTIMA	FINALIZADA	IBURA	AV DOM HELDER CAMARA	104,0	RUA JORNALISTA EDSON REGIS	LINHA DO TREM	IBURA	518,0	""	COLISÃO TRASEIRA	0,0	0,0	0,0	0,0	0,0	2,0	0,0	0,0	0,0	8,0	0,0	Longo da via	Bom	Sem defeito	Perfeito estado	Seca	Perfeito estado	Faixa de pedestre	R-6c	""	Dupla	Canteiro central	""	""