_id	Protocolo	data	hora	natureza	situacao	bairro	endereco	numero	detalhe_endereco_acidente	complemento	bairro_cruzamento	num_semaforo	sentido_via	tipo	auto	moto	ciclom	ciclista	pedestre	onibus	caminhao	viatura	outros	vitimas	vitimasfatais	acidente_verificado	tempo_clima	situacao_semaforo	sinalizacao	condicao_via	conservacao_via	ponto_controle	situacao_placa	velocidade_max_via	mao_direcao	divisao_via1	divisao_via2	divisao_via3
353	202203804,0	2022-02-21T00:00:00	""	COM VÍTIMA	FINALIZADA	TORRE	RUA REAL DA TORRE	11201,0	RUA CONDE DE IRAJA	PROXIMO DO SUPERMERCADO RECIBOM	TORRE	106,0	""	COLISÃO TRASEIRA	1,0	1,0	0,0	0,0	0,0	0,0	0,0	0,0	0,0	1,0	0,0	Cruzamento	Bom	Sem defeito	Perfeito estado	Seca	Perfeito estado	""	Não há placas	""	Única	Não existe	""	""
354	202203810,0	2022-02-21T00:00:00	""	COM VÍTIMA	FINALIZADA	DERBY	AV GOVERNADOR AGAMENON MAGALHAES	33,0	RUA JOAQUIM NABUCO	EM FRENTE A RESTAURAÇÃO, SENTIDO BOA VIAGEM	DERBY	174,0	SUBURBIO	COLISÃO TRANSVERSAL	1,0	1,0	0,0	0,0	0,0	0,0	0,0	0,0	0,0	1,0	0,0	Longo da via	Bom	Sem defeito	Perfeito estado	Seca	Perfeito estado	Faixa de pedestre	Outras	60 km/h	Única	Faixa seccionada	Canteiro central	""
355	202203823,0	2022-02-21T00:00:00	""	SEM VÍTIMA	FINALIZADA	SÃO JOSÉ	RUA CERRO CORA	""	AV SUL	PRÓX AO POSTO CABANGA / GALO DA MADRUGADA	SÃO JOSÉ	""	""	COLISÃO TRASEIRA	2,0	0,0	0,0	0,0	0,0	0,0	0,0	0,0	0,0	0,0	0,0	Longo da via	Bom	Sem defeito	Perfeito estado	Seca	Perfeito estado	""	Não há placas	60KM/H	Única	Faixa contínua	""	""
356	202203834,0	2022-02-21T00:00:00	""	COM VÍTIMA	FINALIZADA	IMBIRIBEIRA	VIADUTO TANCREDO NEVES	""	""	APÓS O SAL E BRASA / SUBIDA DO VIADUTO / SENTIDO SHOPPING RECIFE	IMBIRIBEIRA	""	CIDADE	CHOQUE	0,0	1,0	0,0	0,0	0,0	0,0	0,0	0,0	0,0	1,0	0,0	Longo da via	Bom	Não existe	Perfeito estado	Seca	Perfeito estado	Não existe	Não há placas	""	Dupla	Canteiro central	""	""
357	202203843,0	2022-02-21T00:00:00	""	SEM VÍTIMA	FINALIZADA	BOA VIAGEM	AV DES JOSE NEVES	""	""	EM FRENTE À FERREIRA PINTO	BOA VIAGEM	""	""	COLISÃO TRASEIRA	1,0	1,0	0,0	0,0	0,0	0,0	0,0	0,0	0,0	0,0	0,0	""	""	""	""	""	""	""	""	""	""	""	""	""
358	202203847,0	2022-02-21T00:00:00	""	SEM VÍTIMA	FINALIZADA	MADALENA	RUA REAL DA TORRE	""	RUA JOSE OSORIO	PRAÇA DA MADALENA	MADALENA	""	""	COLISÃO LATERAL	1,0	1,0	0,0	0,0	0,0	0,0	0,0	0,0	0,0	0,0	0,0	""	""	""	""	""	""	""	""	""	""	""	""	""
359	202203848,0	2022-02-21T00:00:00	""	VÍTIMA FATAL	FINALIZADA	SANTO AMARO	RUA DA AURORA	1259,0	""	EM FRENTE AO BANCO CENTRAL	SANTO AMARO	""	""	CHOQUE	0,0	1,0	0,0	0,0	0,0	0,0	0,0	0,0	0,0	0,0	1,0	Longo da via	Bom	Não existe	Perfeito estado	Seca	Perfeito estado	Faixa de pedestre	Não há placas	60 km/h	Dupla	Canteiro central	""	""
360	202203870,0	2022-02-22T00:00:00	""	COM VÍTIMA	FINALIZADA	IPSEP	RUA JEAN EMILE FAVRE	111,0	RUA IZABEL DE SOUZA	E/F A UNIBLOCO	IPSEP	""	""	COLISÃO LATERAL	1,0	1,0	0,0	0,0	0,0	0,0	0,0	0,0	0,0	1,0	0,0	Cruzamento	Bom	Não existe	Perfeito estado	Seca	Perfeito estado	Não existe	R-6a	""	Única	Faixa seccionada	""	""
361	202203871,0	2022-02-22T00:00:00	""	SEM VÍTIMA	FINALIZADA	BOA VIAGEM	RUA PROFESSOR AUGUSTO LINS E SILVA	835,0	""	EDF ANA DANIELA	BOA VIAGEM	""	""	COLISÃO FRONTAL	1,0	0,0	0,0	0,0	0,0	0,0	0,0	1,0	0,0	0,0	0,0	Cruzamento	Bom	Sem defeito	Perfeito estado	Seca	Perfeito estado	Agente	Outras	""	Dupla	Canteiro central	""	""
362	202203873,0	2022-02-22T00:00:00	""	COM VÍTIMA	FINALIZADA	MANGABEIRA	AV NORTE MIGUEL ARRAES DE ALENCAR	4544,0	""	EM FRENTE A LOJA RAINHA REVESI / LADO OPOSTO EXPRESSO AUTO CNTER	MANGABEIRA	96,0	SUBURBIO	COLISÃO LATERAL	2,0	1,0	0,0	0,0	0,0	0,0	0,0	0,0	0,0	1,0	0,0	""	""	""	""	""	""	""	""	""	""	""	""	""
363	202203875,0	2022-02-22T00:00:00	""	COM VÍTIMA	FINALIZADA	BOA VIAGEM	RUA PROFESSOR JOSE BRANDAO	229,0	RUA ANTONIO DE SA LEITAO	PROX. AO COLEGIO SANTA MARIA	BOA VIAGEM	""	SUBURBIO	COLISÃO LATERAL	2,0	0,0	0,0	0,0	0,0	0,0	0,0	0,0	0,0	2,0	0,0	Cruzamento	Bom	Não existe	Perfeito estado	Seca	Perfeito estado	Faixa de retenção	Não há placas	""	Dupla	Faixa seccionada	""	""
364	202203887,0	2022-02-22T00:00:00	""	COM VÍTIMA	FINALIZADA	BOA VIAGEM	RUA BALTAZAR PASSOS	6472,0	AV BOA VIAGEM	""	BOA VIAGEM	149,0	CIDADE	COLISÃO TRANSVERSAL	0,0	2,0	0,0	0,0	0,0	0,0	0,0	0,0	0,0	1,0	0,0	Cruzamento	Bom	Sem defeito	Perfeito estado	Seca	Perfeito estado	Faixa de pedestre	Não há placas	""	Única	Não existe	""	""
365	202203890,0	2022-02-22T00:00:00	""	SEM VÍTIMA	FINALIZADA	ESPINHEIRO	AV JOAO DE BARROS	""	RUA CONS PORTELA	ANTIGA FORD	ESPINHEIRO	""	""	COLISÃO LATERAL	1,0	0,0	0,0	0,0	0,0	0,0	0,0	0,0	1,0	0,0	0,0	""	""	""	""	""	""	""	""	""	""	""	""	""
366	202203893,0	2022-02-22T00:00:00	""	COM VÍTIMA	FINALIZADA	ROSARINHO	AV NORTE MIGUEL ARRAES DE ALENCAR	3301,0	""	EM FRENTE AO PADEIRÃO	ROSARINHO	""	CIDADE	ATROPELAMENTO DE PESSOA	0,0	0,0	0,0	0,0	1,0	1,0	0,0	0,0	0,0	1,0	0,0	Longo da via	Bom	Não existe	Perfeito estado	Seca	Perfeito estado	Não existe	R-6c	""	Dupla	Canteiro central	""	""
367	202203929,0	2022-02-22T00:00:00	""	COM VÍTIMA	FINALIZADA	MADALENA	RUA BENFICA	480,0	RUA HEITOR MAIA	EM FRENTE À ACADEMIA FERNANDINHO BELTRÃO E À PRAÇA DO INTERNACIONAL.	MADALENA	""	SUBURBIO	COLISÃO LATERAL	1,0	1,0	0,0	0,0	0,0	0,0	0,0	0,0	0,0	1,0	0,0	Longo da via	Bom	Não existe	Perfeito estado	Seca	Perfeito estado	Não existe	Outras	""	Dupla	Não existe	""	""
368	202203938,0	2022-02-22T00:00:00	""	COM VÍTIMA	FINALIZADA	IMBIRIBEIRA	RUA ARQUITETO LUIZ NUNES	1373,0	RUA MIS JOEL CARLSON	""	IMBIRIBEIRA	633,0	CIDADE	COLISÃO COM CICLISTA	1,0	0,0	0,0	1,0	0,0	0,0	0,0	0,0	0,0	1,0	0,0	Cruzamento	Bom	Sem defeito	Perfeito estado	Seca	Perfeito estado	Faixa de pedestre	R-19	30 km/h	Dupla	Faixa contínua	""	""
369	202203957,0	2022-02-22T00:00:00	""	COM VÍTIMA	CANCELADA	BOA VIAGEM	AV CONSELHEIRO AGUIAR	""	RUA RIBEIRO DE BRITO	NO CRUZAMENTO	BOA VIAGEM	147,0	""	COLISÃO LATERAL	1,0	1,0	0,0	0,0	0,0	0,0	0,0	0,0	0,0	1,0	0,0	""	""	""	""	""	""	""	""	""	""	""	""	""
370	202204002,0	2022-02-23T00:00:00	""	SEM VÍTIMA	FINALIZADA	BONGI	AV ENGENHEIRO ABDIAS DE CARVALHO	""	RUA CARLOS GOMES	E/F A BIGCAR	BONGI	""	""	COLISÃO TRASEIRA	2,0	0,0	0,0	0,0	0,0	0,0	0,0	0,0	0,0	0,0	0,0	Cruzamento	Bom	Sem defeito	Perfeito estado	Seca	Perfeito estado	Faixa de pedestre	R-6a	60KM/H	Dupla	Canteiro central	""	""
371	202204010,0	2022-02-23T00:00:00	""	COM VÍTIMA	FINALIZADA	CASA AMARELA	AV NORTE MIGUEL ARRAES DE ALENCAR	""	""	EM FRENTE AO SESC	CASA AMARELA	364,0	CIDADE	QUEDA	0,0	1,0	0,0	0,0	0,0	0,0	0,0	0,0	0,0	2,0	0,0	Cruzamento	Bom	Sem defeito	Perfeito estado	Seca	Perfeito estado	Faixa de pedestre	Outras	""	Dupla	Faixa contínua	Canteiro central	Blocos
372	202204054,0	2022-02-23T00:00:00	""	SEM VÍTIMA	FINALIZADA	PARNAMIRIM	RUA TITO ROSAS	""	""	E/F AO MECDONALDS	PARNAMIRIM	""	""	COLISÃO LATERAL	0,0	0,0	0,0	0,0	0,0	0,0	1,0	1,0	0,0	0,0	0,0	Cruzamento	Bom	Sem defeito	""	Seca	Perfeito estado	Faixa de pedestre	Não há placas	60KM/H	Única	Faixa seccionada	""	""
373	202204055,0	2022-02-24T00:00:00	""	COM VÍTIMA	CANCELADA	MADALENA	RUA BENFICA	""	""	E/F AO CLUBE INTERNACIONAL	MADALENA	""	""	COLISÃO COM CICLISTA	1,0	0,0	0,0	1,0	0,0	0,0	0,0	0,0	0,0	1,0	0,0	""	""	""	""	""	""	""	""	""	""	""	""	""
374	202204060,0	2022-02-23T00:00:00	""	SEM VÍTIMA	CANCELADA	MADALENA	AV VISCONDE DE ALBUQUERQUE	""	RUA LOPES DE CARVALHO	PRÓX A MADALENA CENTER	MADALENA	""	""	COLISÃO LATERAL	2,0	0,0	0,0	0,0	0,0	0,0	0,0	0,0	0,0	0,0	0,0	""	""	""	""	""	""	""	""	""	""	""	""	""
375	202204061,0	2022-02-23T00:00:00	""	COM VÍTIMA	CANCELADA	BREJO DA GUABIRABA	AV VEREADOR OTACILIO AZEVEDO	""	""	PROX A GARAGEM DA GLOBO	BREJO DA GUABIRABA	""	""	COLISÃO FRONTAL	0,0	2,0	0,0	0,0	0,0	0,0	0,0	0,0	0,0	2,0	0,0	""	""	""	""	""	""	""	""	""	""	""	""	""
376	202204084,0	2022-02-24T00:00:00	""	VÍTIMA FATAL	FINALIZADA	IPSEP	RUA HELIO BRANDAO	351,0	""	ESCOLA CANDIDO PORTINARIO  /   EM FRENTE	IPSEP	""	""	QUEDA	0,0	0,0	0,0	1,0	0,0	0,0	0,0	0,0	0,0	0,0	1,0	""	""	""	""	""	""	""	""	""	""	""	""	""
377	202204112,0	2022-02-24T00:00:00	""	COM VÍTIMA	FINALIZADA	BOA VIAGEM	AV MARECHAL JUAREZ TAVORA	637,0	""	AO LADO DO ARMAZÉM ECOSEL	BOA VIAGEM	""	CIDADE	COLISÃO TRANSVERSAL	1,0	1,0	0,0	0,0	0,0	0,0	0,0	0,0	0,0	1,0	0,0	Longo da via	Bom	Não existe	Perfeito estado	Seca	Perfeito estado	Faixa de pedestre	"Placas ""Pare"""	""	Única	Faixa contínua	Faixa seccionada	""
378	202204119,0	2022-02-24T00:00:00	""	COM VÍTIMA	FINALIZADA	SANTO ANTÔNIO	AV DANTAS BARRETO	""	RUA DO PEIXOTO	E/F AO CAMELODROMO	SANTO ANTÔNIO	181,0	SUBURBIO	COLISÃO TRANSVERSAL	1,0	0,0	0,0	0,0	0,0	1,0	0,0	0,0	0,0	1,0	0,0	Cruzamento	Bom	Sem defeito	Perfeito estado	Seca	Perfeito estado	Faixa de pedestre	R-6a	""	""	Faixa contínua	""	""
379	202204141,0	2022-02-24T00:00:00	""	COM VÍTIMA	FINALIZADA	CORDEIRO	RUA GOMES TABORDA	156,0	RUA MANDIORE	PRÓX AO ATACAREJO  IDEAL	CORDEIRO	""	CIDADE	COLISÃO TRANSVERSAL	1,0	1,0	0,0	0,0	0,0	0,0	0,0	0,0	0,0	1,0	0,0	Longo da via	Bom	Não existe	Perfeito estado	Seca	Perfeito estado	Não existe	R-6a	""	Dupla	Faixa seccionada	""	""
380	202204197,0	2022-02-25T00:00:00	""	COM VÍTIMA	FINALIZADA	CASA AMARELA	RUA PADRE LEMOS	94,0	""	EM FRENTE A FARNÁCIA EXTRA FARMA	CASA AMARELA	""	""	COLISÃO LATERAL	1,0	1,0	0,0	0,0	0,0	0,0	0,0	0,0	0,0	1,0	0,0	Longo da via	Bom	Sem defeito	Perfeito estado	Seca	Perfeito estado	Faixa de pedestre	Outras	""	Dupla	Faixa contínua	""	""
381	202204221,0	2022-02-25T00:00:00	""	SEM VÍTIMA	FINALIZADA	DERBY	AV GOVERNADOR AGAMENON MAGALHAES	""	""	NO SEMAFORO 037 PROX AO BOMPREÇO DO PARQUE AMORIM	DERBY	""	""	COLISÃO TRASEIRA	1,0	0,0	0,0	0,0	0,0	1,0	0,0	0,0	0,0	0,0	0,0	Ponte	Bom	Sem defeito	Perfeito estado	Seca	Perfeito estado	Faixa de retenção	Não há placas	""	Única	Faixa contínua	""	""
382	202204249,0	2022-02-25T00:00:00	""	SEM VÍTIMA	FINALIZADA	MADALENA	AV ENGENHEIRO ABDIAS DE CARVALHO	""	""	PRÓX AO CAMPO DO SPORT / E/F AO MCDONALDS, SEMÁFORO 355, SNT CID	MADALENA	""	""	COLISÃO TRASEIRA	1,0	1,0	0,0	0,0	0,0	0,0	0,0	0,0	0,0	0,0	0,0	""	""	""	""	""	""	""	""	""	""	""	""	""
383	202204273,0	2022-02-26T00:00:00	""	COM VÍTIMA	CANCELADA	IBURA	RUA PARANAVAI	69,0	""	EM FRENTE AO TERMINAL DA UR2 IBURA	IBURA	""	""	COLISÃO FRONTAL	1,0	1,0	0,0	0,0	0,0	0,0	0,0	0,0	0,0	1,0	0,0	""	""	""	""	""	""	""	""	""	""	""	""	""
384	202204293,0	2022-02-26T00:00:00	""	SEM VÍTIMA	FINALIZADA	BOA VISTA	AV CONDE DA BOA VISTA	""	""	E/F AO GRAU TECNICO  PROX AO BRADESCO	BOA VISTA	""	""	COLISÃO TRASEIRA	1,0	0,0	0,0	0,0	0,0	0,0	0,0	1,0	0,0	0,0	0,0	Longo da via	Bom	Sem defeito	Perfeito estado	Seca	Perfeito estado	Faixa de pedestre	Não há placas	""	Dupla	Canteiro central	""	""
385	202204294,0	2022-02-26T00:00:00	""	COM VÍTIMA	FINALIZADA	BOA VIAGEM	RUA DEZ DE JULHO	""	AV VINTE E TRES DE OUTUBRO	EM BAIXO  DO VIADUTO DA ESTAÇAO DO AEROPORTO  S/T AEROPORTO PRAIA	BOA VIAGEM	""	CIDADE	COLISÃO TRANSVERSAL	2,0	1,0	0,0	0,0	0,0	0,0	0,0	0,0	0,0	1,0	0,0	Cruzamento	Bom	Não existe	Perfeito estado	Seca	Perfeito estado	Não existe	R-4a	""	Única	Faixa seccionada	""	""
386	202204310,0	2022-02-26T00:00:00	""	SEM VÍTIMA	CANCELADA	AREIAS	RUA SAO MIGUEL	""	""	E/F AO ATACAREJO SHOPPING	AREIAS	""	""	COLISÃO LATERAL	2,0	0,0	0,0	0,0	0,0	0,0	0,0	0,0	0,0	0,0	0,0	""	""	""	""	""	""	""	""	""	""	""	""	""
387	202204326,0	2022-02-26T00:00:00	""	COM VÍTIMA	FINALIZADA	PARNAMIRIM	RUA DONA RITA DE SOUZA	187,0	RUA DR SAMUEL LINS	AO LADO DO EDFC RIO DA PRATA	PARNAMIRIM	""	SUBURBIO	COLISÃO TRANSVERSAL	1,0	1,0	0,0	0,0	0,0	0,0	0,0	0,0	0,0	1,0	0,0	Cruzamento	Bom	Não existe	Perfeito estado	Seca	Perfeito estado	Não existe	Outras	""	Dupla	Faixa seccionada	""	""
388	202204329,0	2022-02-26T00:00:00	""	COM VÍTIMA	FINALIZADA	JORDÃO	AV DONA CARENTINA	""	""	PROXIMO A PRAÇA DE EVENTOS NO JORDÃO	JORDÃO	""	SUBURBIO	COLISÃO FRONTAL	1,0	1,0	0,0	0,0	0,0	0,0	0,0	0,0	0,0	1,0	0,0	Longo da via	Bom	Não existe	Incompleta	Seca	Perfeito estado	""	Não há placas	40 km/h	Dupla	Não existe	""	""
389	202204331,0	2022-02-26T00:00:00	""	COM VÍTIMA	FINALIZADA	PINA	AVENIDA CELSO FURTADO (VIA MANGUE)	""	RUA JOSE PAES DE BARROS	PROX AO RIO MAR	PINA	""	SUBURBIO	COLISÃO LATERAL	1,0	1,0	0,0	0,0	0,0	0,0	0,0	0,0	0,0	1,0	0,0	Longo da via	Bom	Não existe	Perfeito estado	Seca	Perfeito estado	Não existe	Outras	60 km/h	Dupla	Canteiro central	""	""
390	202204374,0	2022-02-28T00:00:00	""	SEM VÍTIMA	CANCELADA	IBURA	AV MANAUS	""	""	PRÓXIMO A IGREJA ASSEMBLÉIA DE DEUS	IBURA	""	""	COLISÃO LATERAL	1,0	0,0	0,0	0,0	0,0	0,0	0,0	1,0	0,0	0,0	0,0	""	""	""	""	""	""	""	""	""	""	""	""	""
391	202204408,0	2022-02-28T00:00:00	""	COM VÍTIMA	FINALIZADA	ESPINHEIRO	RUA MARQUES DO PARANA	209,0	RUA ALFREDO DE CARVALHO	PROXIMO A SIMONE BARROS	ESPINHEIRO	""	SUBURBIO	COLISÃO TRANSVERSAL	1,0	0,0	0,0	0,0	0,0	1,0	0,0	0,0	0,0	1,0	0,0	Cruzamento	Bom	Não existe	Ilegível	Seca	Perfeito estado	Não existe	Não há placas	""	Única	Não existe	""	""
392	202204411,0	2022-02-28T00:00:00	""	COM VÍTIMA	FINALIZADA	PINA	AV HERCULANO BANDEIRA	591,0	RUA SAO LUIZ	EM FRENTE À FARMÁCIA DO TRABALHADOR	PINA	""	""	COLISÃO LATERAL	1,0	1,0	0,0	0,0	0,0	0,0	0,0	0,0	0,0	1,0	0,0	Esquina	Bom	Não existe	Perfeito estado	Seca	Perfeito estado	Não existe	Não há placas	""	Única	Faixa contínua	""	""
393	202204414,0	2022-02-28T00:00:00	""	COM VÍTIMA	FINALIZADA	CORDEIRO	AV CAXANGA	1492,0	""	E/F A LOJA MULTIMARCAS	CORDEIRO	265,0	SUBURBIO	COLISÃO TRASEIRA	1,0	1,0	0,0	0,0	0,0	0,0	0,0	0,0	0,0	1,0	0,0	Longo da via	Bom	Sem defeito	Perfeito estado	Seca	Perfeito estado	Faixa de retenção	Não há placas	60 km/h	Única	Faixa contínua	""	""
394	202204418,0	2022-02-28T00:00:00	""	COM VÍTIMA	FINALIZADA	BARRO	AV DR JOSE RUFINO	773,0	RUA AIRES BELO	EM FRENTE A SOCORRO DOCES	BARRO	""	CIDADE	COLISÃO TRANSVERSAL	0,0	2,0	0,0	0,0	0,0	0,0	0,0	0,0	0,0	1,0	0,0	Longo da via	Bom	Não existe	Incompleta	Seca	Perfeito estado	Não existe	Não há placas	""	Dupla	Faixa contínua	""	""
395	202204419,0	2022-02-28T00:00:00	""	COM VÍTIMA	FINALIZADA	BOA VIAGEM	AV ENGENHEIRO DOMINGOS FERREIRA	""	RUA RIBEIRO DE BRITO	NO SEMÁFORO 155	BOA VIAGEM	155,0	SUBURBIO	CHOQUE	1,0	0,0	0,0	0,0	0,0	0,0	0,0	0,0	0,0	1,0	0,0	Longo da via	Bom	Sem defeito	Perfeito estado	Seca	Perfeito estado	Agente	Outras	""	Única	Canteiro central	""	""
396	202204421,0	2022-02-28T00:00:00	""	COM VÍTIMA	FINALIZADA	ESPINHEIRO	AV CONS ROSA E SILVA	650,0	RUA AMELIA	E/F A FARMACIA EXTRAFARMA  NO SEMAFORO 046 / LOJA QUARTO CRESCENTE	ESPINHEIRO	46,0	SUBURBIO	COLISÃO LATERAL	1,0	1,0	0,0	0,0	0,0	0,0	0,0	0,0	0,0	1,0	0,0	Cruzamento	Bom	Sem defeito	Perfeito estado	Seca	Perfeito estado	Faixa de pedestre	Outras	""	Única	""	""	""
397	202204425,0	2022-02-28T00:00:00	""	SEM VÍTIMA	CANCELADA	TEJIPIÓ	AV DR JOSE RUFINO	3905,0	""	EM FRENTE A ESTAÇÃO TEJIPIO	TEJIPIÓ	""	""	COLISÃO TRASEIRA	2,0	0,0	0,0	0,0	0,0	0,0	0,0	0,0	0,0	0,0	0,0	""	""	""	""	""	""	""	""	""	""	""	""	""
398	202204438,0	2022-02-28T00:00:00	""	SEM VÍTIMA	FINALIZADA	IPUTINGA	RUA DR JOSE ANASTACIO DA SILVA GUIMARAES	334,0	""	NA ENTRADA DO CÉU / AO LADO DO MERCADO ECONOMICO E AÇAI PONTO DE PARADA	IPUTINGA	""	""	COLISÃO FRONTAL	0,0	1,0	0,0	0,0	0,0	0,0	0,0	1,0	0,0	0,0	0,0	Longo da via	Bom	Não existe	Não existente	Seca	Perfeito estado	Não existe	Não há placas	""	Dupla	Não existe	""	""
399	202204439,0	2022-02-28T00:00:00	""	SEM VÍTIMA	FINALIZADA	BREJO DA GUABIRABA	RUA CORREGO DA BICA	508,0	""	PROXIMO A ESCOLA MINICIPAL CORREGO DA BICA	BREJO DA GUABIRABA	""	""	COLISÃO LATERAL	1,0	0,0	0,0	0,0	0,0	1,0	0,0	0,0	0,0	0,0	0,0	Longo da via	Bom	Não existe	Não existente	Seca	Perfeito estado	Não existe	Não há placas	""	Dupla	Não existe	""	""
400	202204473,0	2022-03-01T00:00:00	""	COM VÍTIMA	FINALIZADA	GUABIRABA	RUA DAS FLORES	1134,0	""	APÓS À UPINHA DO CÓRREGO DE GENIPAPO / PRÓX À EMPRESA COREMAL	GUABIRABA	""	SUBURBIO	COLISÃO FRONTAL	0,0	1,0	0,0	0,0	0,0	1,0	0,0	0,0	0,0	2,0	0,0	Longo da via	Bom	Não existe	Perfeito estado	Seca	Mal conservada	Outros	Outras	""	Dupla	Faixa seccionada	""	""
401	202204498,0	2022-03-01T00:00:00	""	COM VÍTIMA	FINALIZADA	CABANGA	VDO PAPA JOAO PAULO II	""	""	SENTIDO CENTRO SOBRE O VIADUTO	CABANGA	""	CIDADE	COLISÃO COM CICLISTA	1,0	0,0	0,0	1,0	0,0	0,0	0,0	0,0	0,0	1,0	0,0	Viaduto	Bom	Não existe	Perfeito estado	Seca	Perfeito estado	Outros	Não há placas	60 km/h	Única	Faixa seccionada	""	""
402	202204505,0	2022-03-01T00:00:00	""	COM VÍTIMA	FINALIZADA	ESPINHEIRO	RUA AMELIA	114,0	RUA DR VICENTE MEIRA	E/F AO SHOPPING DOS PINHEIROS	ESPINHEIRO	""	CIDADE	COLISÃO TRANSVERSAL	1,0	1,0	0,0	0,0	0,0	0,0	0,0	0,0	0,0	1,0	0,0	Outros	Bom	Não existe	Perfeito estado	Seca	Perfeito estado	Faixa de retenção	"Placas ""Pare"""	40 km/h	Única	Faixa seccionada	""	""
403	202204512,0	2022-03-01T00:00:00	""	COM VÍTIMA	FINALIZADA	IBURA	AV DOIS RIOS	463,0	AV BRIGADEIRO SECO	E/F A IGREJA DOS MORMONS	IBURA	""	CIDADE	COLISÃO TRANSVERSAL	1,0	1,0	0,0	0,0	0,0	0,0	0,0	0,0	0,0	1,0	0,0	Esquina	Bom	Não existe	Perfeito estado	Seca	Perfeito estado	""	Não há placas	""	Dupla	Faixa seccionada	Faixa contínua	""
404	202204513,0	2022-03-02T00:00:00	""	COM VÍTIMA	FINALIZADA	CORDEIRO	AV CAXANGA	2555,0	AV INACIO MONTEIRO	PRÓXIMO A DROGASIL	CORDEIRO	""	SUBURBIO	COLISÃO TRANSVERSAL	2,0	0,0	0,0	0,0	0,0	0,0	0,0	0,0	0,0	1,0	0,0	Cruzamento	Bom	Sem defeito	Perfeito estado	Seca	Perfeito estado	Faixa de pedestre	R-6a	""	Dupla	Canteiro central	""	""
405	202204524,0	2022-03-02T00:00:00	""	COM VÍTIMA	FINALIZADA	BOA VIAGEM	RUA ALMIRANTE BATISTA LEAO	649,0	RUA GENERAL SALGADO	PROX. AO PARQUE DA PIZZA	BOA VIAGEM	""	CIDADE	COLISÃO TRANSVERSAL	1,0	1,0	0,0	0,0	0,0	0,0	0,0	0,0	0,0	1,0	0,0	Cruzamento	Chuvoso	Não existe	Perfeito estado	Molhada	Perfeito estado	Faixa de pedestre	"Placas ""Pare"""	30 km/h	Única	Não existe	""	""
406	202204525,0	2022-03-02T00:00:00	""	SEM VÍTIMA	FINALIZADA	PINA	AV ENGENHEIRO DOMINGOS FERREIRA	2430,0	""	LADO OPOSTO AO HOSPITAL PORTUGUES	PINA	""	""	CHOQUE	0,0	0,0	0,0	0,0	0,0	1,0	0,0	0,0	0,0	0,0	0,0	""	""	""	""	""	""	""	""	""	""	""	""	""
407	202204540,0	2022-03-02T00:00:00	""	COM VÍTIMA	FINALIZADA	BOA VIAGEM	RUA ANTONIO FALCAO	552,0	""	EDIFÍCIO CASA BLANCA	BOA VIAGEM	""	SUBURBIO	COLISÃO LATERAL	1,0	1,0	0,0	0,0	0,0	0,0	0,0	0,0	0,0	1,0	0,0	Longo da via	Bom	Não existe	Não existente	Seca	Perfeito estado	Não existe	Não há placas	""	Única	Não existe	""	""
408	202204552,0	2022-03-02T00:00:00	""	COM VÍTIMA	FINALIZADA	CORDEIRO	AV CAXANGA	1221,0	RUA GREGORIO JUNIOR	PROXIMO AO SEMÁFORO 236	CORDEIRO	236,0	CIDADE	COLISÃO LATERAL	1,0	0,0	0,0	0,0	0,0	1,0	0,0	1,0	0,0	1,0	0,0	Longo da via	Bom	Sem defeito	Perfeito estado	Seca	Perfeito estado	Faixa de retenção	Não há placas	60 km/h	Única	Faixa contínua	""	""
409	202204553,0	2022-03-02T00:00:00	""	COM VÍTIMA	FINALIZADA	ARRUDA	AV PROFESSOR JOSE DOS ANJOS	162,0	""	LADO OPOSTO AO BOMBREÇO	ARRUDA	""	CIDADE	COLISÃO COM CICLISTA	0,0	1,0	0,0	1,0	0,0	0,0	0,0	0,0	0,0	2,0	0,0	Longo da via	Bom	Não existe	Perfeito estado	Seca	Perfeito estado	Faixa de pedestre	Outras	40 km/h	Única	Faixa seccionada	""	""
410	202204589,0	2022-03-03T00:00:00	""	COM VÍTIMA	FINALIZADA	IMBIRIBEIRA	PTE DO MOTOCOLOMBO	""	""	EM CIMA DA PTE MOTOCOLOMBO	IMBIRIBEIRA	""	CIDADE	COLISÃO TRANSVERSAL	1,0	1,0	0,0	0,0	0,0	0,0	0,0	0,0	0,0	2,0	0,0	""	""	""	""	""	""	""	""	""	""	""	""	""