_id	Protocolo	data	hora	natureza	situacao	bairro	endereco	numero	detalhe_endereco_acidente	complemento	bairro_cruzamento	num_semaforo	sentido_via	tipo	auto	moto	ciclom	ciclista	pedestre	onibus	caminhao	viatura	outros	vitimas	vitimasfatais	acidente_verificado	tempo_clima	situacao_semaforo	sinalizacao	condicao_via	conservacao_via	ponto_controle	situacao_placa	velocidade_max_via	mao_direcao	divisao_via1	divisao_via2	divisao_via3
411	202204592,0	2022-03-03T00:00:00	""	COM VÍTIMA	FINALIZADA	ESTÂNCIA	AV DR JOSE RUFINO	246A	""	COLEGIO VISÃO	ESTÂNCIA	""	CIDADE	COLISÃO TRASEIRA	1,0	1,0	0,0	0,0	0,0	0,0	0,0	0,0	0,0	1,0	0,0	Longo da via	Bom	Sem defeito	Perfeito estado	Seca	Perfeito estado	Não existe	Não há placas	""	Dupla	Faixa contínua	""	""
412	202204597,0	2022-03-03T00:00:00	""	COM VÍTIMA	FINALIZADA	BONGI	AV MANOEL GONCALVES DA LUZ	957,0	EST DO BONGI	PROX A IGREJA BATISTA DO BONGI	BONGI	""	""	COLISÃO FRONTAL	2,0	0,0	0,0	0,0	0,0	0,0	0,0	0,0	0,0	1,0	0,0	Cruzamento	Bom	Não existe	Incompleta	Seca	Perfeito estado	Não existe	Não há placas	""	Dupla	Faixa seccionada	""	""
413	202204599,0	2022-03-03T00:00:00	""	COM VÍTIMA	FINALIZADA	APIPUCOS	RUA DE APIPUCOS	""	""	EM FRENTE AO POSTO BR	APIPUCOS	500,0	""	COLISÃO TRASEIRA	0,0	1,0	0,0	0,0	0,0	0,0	1,0	0,0	0,0	1,0	0,0	Longo da via	Bom	Sem defeito	Perfeito estado	Seca	Perfeito estado	Agente	Não há placas	""	Dupla	Faixa contínua	""	""
414	202204612,0	2022-03-03T00:00:00	""	COM VÍTIMA	FINALIZADA	TORRÕES	AV ENGENHEIRO ABDIAS DE CARVALHO	2716,0	EST DO FORTE DO ARRAIAL N. DO B. JESUS	EM FRENTE AO RESTAURANTE KIYOI	TORRÕES	375,0	SUBURBIO	COLISÃO TRASEIRA	1,0	1,0	0,0	0,0	0,0	0,0	0,0	0,0	0,0	1,0	0,0	Cruzamento	Bom	Sem defeito	Incompleta	Seca	Perfeito estado	Faixa de pedestre	Outras	60 km/h	Dupla	Faixa contínua	Faixa seccionada	Canteiro central
415	202204643,0	2022-03-03T00:00:00	""	COM VÍTIMA	FINALIZADA	SANTO AMARO	AV GOVERNADOR AGAMENON MAGALHAES	""	""	PRÓX AO CAMPO DO ONZE ANTES DO VIADUTO DA JOAO DE BARROS S/T BOA VIAGEM	SANTO AMARO	""	CIDADE	COLISÃO LATERAL	1,0	0,0	0,0	0,0	0,0	0,0	0,0	1,0	0,0	1,0	0,0	Longo da via	Bom	Não existe	Perfeito estado	Seca	Perfeito estado	Não existe	Não há placas	60 km/h	Dupla	Canteiro central	""	""
416	202204648,0	2022-03-03T00:00:00	""	COM VÍTIMA	FINALIZADA	BOA VIAGEM	AVENIDA CELSO FURTADO (VIA MANGUE)	""	RUA PADRE BERNADINO PESSOA	ACIDENTE DE PERCURSO	BOA VIAGEM	""	SUBURBIO	CHOQUE	0,0	1,0	0,0	0,0	0,0	0,0	0,0	0,0	0,0	1,0	0,0	Cruzamento	Bom	Não existe	Perfeito estado	Seca	Perfeito estado	Não existe	Outras	60 km/h	Única	Faixa seccionada	Blocos	""
417	202204653,0	2022-03-03T00:00:00	""	COM VÍTIMA	FINALIZADA	CORDEIRO	RUA GOMES TABORDA	""	""	PRÓX AO IDEAL E E/F AO COLÉGIO GERAÇAO ATIVA E IGREJA UNIVERSAL DO REINO DE DEUS	CORDEIRO	""	SUBURBIO	ATROPELAMENTO DE PESSOA	0,0	1,0	0,0	0,0	1,0	0,0	0,0	0,0	0,0	1,0	0,0	Longo da via	Bom	""	""	Seca	Mal conservada	""	""	""	""	""	""	""
418	202204680,0	2022-03-04T00:00:00	""	COM VÍTIMA	FINALIZADA	SANTO AMARO	PRC DO CAMPO SANTO	455,0	""	EM FRENTE AO SESC	SANTO AMARO	""	CIDADE	COLISÃO LATERAL	1,0	1,0	0,0	0,0	0,0	0,0	0,0	0,0	0,0	1,0	0,0	Longo da via	Bom	Não existe	Perfeito estado	Seca	Perfeito estado	Faixa de pedestre	"Placas ""Pare"""	""	Dupla	Não existe	""	""
419	202204684,0	2022-03-04T00:00:00	""	SEM VÍTIMA	FINALIZADA	BOA VISTA	RUA DO GIRIQUITI	155,0	""	E. F. AO Nº 155	BOA VISTA	""	CIDADE	""	1,0	0,0	0,0	0,0	0,0	0,0	0,0	1,0	0,0	0,0	0,0	Longo da via	Bom	Não existe	Perfeito estado	Seca	Perfeito estado	Não existe	Outras	""	Única	Não existe	""	""
420	202204731,0	2022-03-04T00:00:00	""	SEM VÍTIMA	FINALIZADA	BOA VIAGEM	RUA BALTAZAR PASSOS	""	RUA PROFESSOR AUGUSTO LINS E SILVA	PROXIMO A PADARIA PAN JOVEM	BOA VIAGEM	""	""	COLISÃO LATERAL	1,0	1,0	0,0	0,0	0,0	0,0	0,0	0,0	0,0	0,0	0,0	""	""	""	""	""	""	""	""	""	""	""	""	""
421	202204737,0	2022-03-04T00:00:00	""	COM VÍTIMA	FINALIZADA	BOA VISTA	AV CONDE DA BOA VISTA	""	RUA DO HOSPICIO	EM FRENTE AO SHOPING BOA VISTA	BOA VISTA	""	SUBURBIO	ATROPELAMENTO DE PESSOA	0,0	0,0	0,0	0,0	1,0	1,0	0,0	0,0	0,0	1,0	0,0	Cruzamento	Bom	Sem defeito	Perfeito estado	Molhada	Perfeito estado	Faixa de pedestre	Outras	""	Dupla	Canteiro central	""	""
422	202204760,0	2022-03-04T00:00:00	""	SEM VÍTIMA	FINALIZADA	AFOGADOS	RUA IMPERIAL	""	""	PROX AO PONTILHAO	AFOGADOS	510,0	""	COLISÃO LATERAL	2,0	0,0	0,0	0,0	0,0	0,0	0,0	0,0	0,0	0,0	0,0	""	""	""	""	""	""	""	""	""	""	""	""	""
423	202204764,0	2022-03-05T00:00:00	""	COM VÍTIMA	FINALIZADA	ROSARINHO	AV NORTE MIGUEL ARRAES DE ALENCAR	""	AV SANTOS DUMONT	E/F À PADARIA ROSARINHO  - SENTIDO CID/SUB	ROSARINHO	81,0	CIDADE	COLISÃO LATERAL	1,0	1,0	0,0	0,0	0,0	0,0	0,0	0,0	0,0	1,0	0,0	Cruzamento	Chuvoso	Sem defeito	Perfeito estado	Molhada	Perfeito estado	Faixa de pedestre	Outras	""	Dupla	Canteiro central	""	""
424	202204765,0	2022-03-05T00:00:00	""	COM VÍTIMA	FINALIZADA	BOA VISTA	AV CONDE DA BOA VISTA	569,0	RUA GERVASIO PIRES	PROXIMO A FAMACIA DROGASIL	BOA VISTA	24,0	CIDADE	COLISÃO TRANSVERSAL	2,0	0,0	0,0	0,0	0,0	0,0	0,0	0,0	0,0	1,0	0,0	Cruzamento	Chuvoso	Sem defeito	Perfeito estado	Molhada	Perfeito estado	Faixa de pedestre	Outras	""	Dupla	Canteiro central	""	""
425	202204788,0	2022-03-05T00:00:00	""	COM VÍTIMA	FINALIZADA	AREIAS	AV DR JOSE RUFINO	790,0	""	BUFFET INFANTIL BRINK KIDS	AREIAS	""	SUBURBIO	COLISÃO TRANSVERSAL	1,0	1,0	0,0	0,0	0,0	0,0	0,0	0,0	0,0	1,0	0,0	Longo da via	Chuvoso	Não existe	Perfeito estado	Molhada	Perfeito estado	Não existe	Não há placas	""	Dupla	Faixa contínua	""	""
426	202204792,0	2022-03-05T00:00:00	""	COM VÍTIMA	FINALIZADA	CURADO	AV PREFEITO ANTONIO PEREIRA	231,0	RUA MINISTRO MARIO ANDREAZZA	PROX. A DISTRIBUIDORA DIST CARNE	CURADO	""	SUBURBIO	COLISÃO TRANSVERSAL	1,0	0,0	0,0	0,0	0,0	1,0	0,0	0,0	0,0	2,0	0,0	Cruzamento	Chuvoso	Não existe	Não existente	Molhada	Perfeito estado	Não existe	Não há placas	""	Dupla	Canteiro central	""	""
427	202204837,0	2022-03-05T00:00:00	""	COM VÍTIMA	FINALIZADA	SAN MARTIN	RUA COMENDADOR FRANCO FERREIRA	307,0	RUA DUARTE FILHO	ESQUINA COM A GALERIA JARDIM	SAN MARTIN	""	CIDADE	COLISÃO COM CICLISTA	1,0	0,0	0,0	1,0	0,0	0,0	0,0	0,0	0,0	1,0	0,0	Cruzamento	Chuvoso	Não existe	Ilegível	Molhada	Perfeito estado	Não existe	""	30 km/h	Dupla	Não existe	""	""
428	202204862,0	2022-03-06T00:00:00	""	SEM VÍTIMA	CANCELADA	BOA VIAGEM	AV BOA VIAGEM	""	""	EM FRENTE A PRACINHA DE BOA VIAGEM	BOA VIAGEM	""	""	COLISÃO TRASEIRA	2,0	0,0	0,0	0,0	0,0	0,0	0,0	0,0	0,0	0,0	0,0	""	""	""	""	""	""	""	""	""	""	""	""	""
429	202204875,0	2022-03-06T00:00:00	""	COM VÍTIMA	FINALIZADA	IBURA	RUA EMILIO MONTEIRO FONSECA	""	""	APÓS O CALDO DE CANA, ANTIGA PIPOQUEIRA	IBURA	""	""	COLISÃO LATERAL	1,0	1,0	0,0	0,0	0,0	0,0	0,0	0,0	0,0	1,0	0,0	Cruzamento	Chuvoso	Não existe	Incompleta	Molhada	Mal conservada	Não existe	Outras	40 km/h	Dupla	Não existe	""	""
430	202204930,0	2022-03-06T00:00:00	""	COM VÍTIMA	FINALIZADA	TAMARINEIRA	AV NORTE MIGUEL ARRAES DE ALENCAR	382,0	""	E/F A IGREJA EVANGELICA CONGREGACIONAL DA TAMARINEIRA	TAMARINEIRA	62,0	SUBURBIO	COLISÃO TRASEIRA	1,0	1,0	0,0	0,0	0,0	0,0	0,0	0,0	0,0	1,0	0,0	Longo da via	Bom	Sem defeito	Perfeito estado	Seca	Perfeito estado	Faixa de pedestre	Outras	""	Dupla	Canteiro central	Blocos	""
431	202204932,0	2022-03-06T00:00:00	""	COM VÍTIMA	FINALIZADA	TORRE	RUA PIO NONO	435,0	RUA JOSE DE HOLANDA	PRÓX AO EDF MARIA REBECA E COLEGIO ISRAELITA	TORRE	""	SUBURBIO	COLISÃO TRANSVERSAL	1,0	1,0	0,0	0,0	0,0	0,0	0,0	0,0	0,0	1,0	0,0	Cruzamento	Bom	Não existe	Perfeito estado	Seca	Perfeito estado	Não existe	"Placas ""Pare"""	20 km/h	Dupla	Não existe	""	""
432	202204934,0	2022-03-06T00:00:00	""	COM VÍTIMA	CANCELADA	ÁGUA FRIA	AV BEBERIBE	""	""	FEIRA NOVA DE ÁGUA FRIA / SEMÁFORO 405	ÁGUA FRIA	""	""	ATROPELAMENTO DE PESSOA	1,0	0,0	0,0	0,0	1,0	0,0	0,0	0,0	0,0	1,0	0,0	""	""	""	""	""	""	""	""	""	""	""	""	""
433	202204944,0	2022-03-07T00:00:00	""	COM VÍTIMA	CANCELADA	BOA VISTA	RUA VELHA	""	""	EM FRENTE A  ANTIGA CELPE	BOA VISTA	""	""	COLISÃO LATERAL	0,0	1,0	0,0	1,0	0,0	0,0	0,0	0,0	0,0	2,0	0,0	""	""	""	""	""	""	""	""	""	""	""	""	""
434	202204966,0	2022-03-07T00:00:00	""	COM VÍTIMA	FINALIZADA	GRAÇAS	RUA ALBERTO PAIVA	""	RUA DO FUTURO	LAVANDERIA LAVARE	GRAÇAS	521,0	CIDADE	COLISÃO LATERAL	3,0	0,0	0,0	0,0	0,0	0,0	0,0	0,0	0,0	1,0	0,0	Cruzamento	Chuvoso	Sem defeito	Perfeito estado	Seca	Perfeito estado	Faixa de pedestre	Outras	""	Única	Faixa contínua	Faixa seccionada	""
435	202204983,0	2022-03-07T00:00:00	""	COM VÍTIMA	FINALIZADA	BOA VIAGEM	AV BOA VIAGEM	4752,0	""	APOS A PRAÇA DE BOA VIAGEM / EDF VILLANDRY	BOA VIAGEM	""	CIDADE	COLISÃO LATERAL	1,0	1,0	0,0	0,0	0,0	0,0	0,0	0,0	0,0	1,0	0,0	Longo da via	Bom	Não existe	Perfeito estado	Seca	Perfeito estado	Não existe	Outras	60 km/h	Única	Faixa seccionada	""	""
436	202204990,0	2022-03-07T00:00:00	""	COM VÍTIMA	FINALIZADA	MUSTARDINHA	AV MANOEL GONCALVES DA LUZ	350,0	""	EM FRENTE A PRAÇA DO ABRIGO	MUSTARDINHA	""	CIDADE	COLISÃO TRANSVERSAL	2,0	1,0	0,0	0,0	0,0	0,0	0,0	0,0	0,0	1,0	0,0	Cruzamento	Bom	Sem defeito	Incompleta	Seca	Mal conservada	Faixa de retenção	Outras	40 km/h	Dupla	Faixa seccionada	""	""
437	202205011,0	2022-03-07T00:00:00	""	COM VÍTIMA	FINALIZADA	VÁRZEA	AV AFONSO OLINDENSE	1513,0	""	EM FRENTE A UPA VILA ARRAES	VÁRZEA	""	""	COLISÃO FRONTAL	1,0	0,0	0,0	0,0	0,0	1,0	0,0	0,0	0,0	1,0	0,0	Longo da via	Bom	Não existe	Perfeito estado	Seca	Perfeito estado	Não existe	R-19	30 km/h	Dupla	Faixa contínua	""	""
438	202205083,0	2022-03-08T00:00:00	""	COM VÍTIMA	CANCELADA	CORDEIRO	AV CAXANGA	""	RUA DOM JOSE PEREIRA ALVES	PRAÇA DOM JOSÉ PEREIRA ALVES	CORDEIRO	""	""	COLISÃO LATERAL	1,0	1,0	0,0	0,0	0,0	0,0	0,0	0,0	0,0	1,0	0,0	""	""	""	""	""	""	""	""	""	""	""	""	""
439	202205111,0	2022-03-08T00:00:00	""	COM VÍTIMA	FINALIZADA	ILHA DO LEITE	RUA MARQUES AMORIM	""	RUA ESPERANTO	POR TRAS DA UNIMED	ILHA DO LEITE	""	""	COLISÃO TRANSVERSAL	2,0	0,0	0,0	0,0	0,0	0,0	0,0	0,0	0,0	1,0	0,0	Cruzamento	Bom	Não existe	Perfeito estado	Seca	Perfeito estado	Faixa de pedestre	"Placas ""Pare"""	""	""	Faixa seccionada	""	""
440	202205123,0	2022-03-08T00:00:00	""	COM VÍTIMA	FINALIZADA	CASA AMARELA	AV NORTE MIGUEL ARRAES DE ALENCAR	""	AV PROFESSOR JOSE DOS ANJOS	E/F AO SESC DE CASA AMARELA  S/T CID	CASA AMARELA	364,0	SUBURBIO	COLISÃO FRONTAL	0,0	2,0	0,0	0,0	0,0	0,0	0,0	0,0	0,0	1,0	0,0	Ponte	Bom	Sem defeito	Ilegível	Seca	Perfeito estado	Faixa de pedestre	Outras	60 km/h	""	Não existe	""	""
441	202205126,0	2022-03-08T00:00:00	""	COM VÍTIMA	CANCELADA	ILHA DO RETIRO	RUA TABAIARES	""	""	PROXIMO AO SEBRAE	ILHA DO RETIRO	""	""	COLISÃO LATERAL	0,0	1,0	0,0	0,0	0,0	0,0	0,0	0,0	1,0	2,0	0,0	""	""	""	""	""	""	""	""	""	""	""	""	""
442	202205130,0	2022-03-08T00:00:00	""	COM VÍTIMA	FINALIZADA	BAIRRO DO RECIFE	AV ALFREDO LISBOA	""	""	E/F AO MARCO ZERO	BAIRRO DO RECIFE	""	CIDADE	COLISÃO LATERAL	0,0	2,0	0,0	0,0	0,0	0,0	0,0	0,0	0,0	1,0	0,0	Longo da via	Bom	Não existe	Perfeito estado	Seca	Perfeito estado	Faixa de pedestre	Não há placas	""	Única	Não existe	""	""
443	202205179,0	2022-03-09T00:00:00	""	COM VÍTIMA	FINALIZADA	SANTO AMARO	AV CRUZ CABUGA	449,0	RUA ARARIPINA	OPOSTO AO ARMAZEM CORAL	SANTO AMARO	""	CIDADE	COLISÃO LATERAL	1,0	0,0	1,0	0,0	0,0	0,0	0,0	0,0	0,0	1,0	0,0	Longo da via	Bom	Não existe	Perfeito estado	Seca	Perfeito estado	Não existe	Não há placas	60 km/h	Dupla	Faixa contínua	""	""
444	202205212,0	2022-03-09T00:00:00	""	COM VÍTIMA	FINALIZADA	BOA VISTA	RUA DO HOSPICIO	875,0	RUA JOAO LIRA	MINISTERIO PUBLICO	BOA VISTA	32,0	CIDADE	COLISÃO COM CICLISTA	0,0	1,0	0,0	1,0	0,0	0,0	0,0	0,0	0,0	1,0	0,0	Cruzamento	Bom	Sem defeito	Perfeito estado	Seca	Perfeito estado	Faixa de pedestre	Outras	""	Dupla	Faixa contínua	""	""
445	202205213,0	2022-03-09T00:00:00	""	COM VÍTIMA	FINALIZADA	BEBERIBE	RUA PORTAO DO GELO	""	AV BEBERIBE	PRÓX. AO POSTO SHELL E PRÓX. À EQUIPECAR - SOM E ACESSÓRIOS	BEBERIBE	""	SUBURBIO	CHOQUE	1,0	1,0	0,0	0,0	0,0	0,0	0,0	0,0	0,0	1,0	0,0	Longo da via	Bom	Não existe	Perfeito estado	Seca	Perfeito estado	Não existe	R-6a	""	Dupla	Faixa contínua	""	""
446	202205246,0	2022-03-09T00:00:00	""	COM VÍTIMA	FINALIZADA	SANTO ANTÔNIO	AV MARTINS DE BARROS	""	PTE CONDE MAURICIO DE NASSAU	E/F AO ARMAZEN DO CAMPO	SANTO ANTÔNIO	194,0	SUBURBIO	ATROPELAMENTO DE PESSOA	0,0	1,0	0,0	0,0	1,0	0,0	0,0	0,0	0,0	1,0	0,0	Cruzamento	Bom	Sem defeito	Perfeito estado	Seca	Perfeito estado	Faixa de pedestre	Não há placas	""	Única	Faixa seccionada	""	""
447	202205271,0	2022-03-10T00:00:00	""	COM VÍTIMA	FINALIZADA	AFOGADOS	AV SUL	1562,0	RUA OSCAR MELO	EM FRENTE OFICINA MOTO PEÇAS	AFOGADOS	""	CIDADE	QUEDA	0,0	1,0	0,0	0,0	0,0	0,0	0,0	0,0	0,0	1,0	0,0	Longo da via	Bom	Sem defeito	Não existente	Molhada	Perfeito estado	Não existe	Não há placas	""	Única	Canteiro central	""	""
448	202205276,0	2022-03-10T00:00:00	""	COM VÍTIMA	FINALIZADA	ZUMBI	AV CAXANGA	""	""	EM FRENTE A PLAZA VEICULOS	ZUMBI	274,0	CIDADE	COLISÃO COM CICLISTA	0,0	0,0	0,0	1,0	0,0	1,0	0,0	0,0	0,0	1,0	0,0	Longo da via	Bom	Sem defeito	Perfeito estado	Seca	Perfeito estado	Não existe	Outras	50 km/h	Dupla	Canteiro central	""	""
449	202205303,0	2022-03-10T00:00:00	""	COM VÍTIMA	FINALIZADA	CASA FORTE	AV DEZESSETE DE AGOSTO	500,0	""	E/F A MC DONALDS	CASA FORTE	345,0	SUBURBIO	COLISÃO TRASEIRA	1,0	1,0	0,0	0,0	0,0	0,0	0,0	0,0	0,0	1,0	0,0	Longo da via	Bom	Sem defeito	Perfeito estado	Seca	Perfeito estado	Faixa de pedestre	Outras	""	Dupla	Faixa contínua	""	""
450	202205304,0	2022-03-11T00:00:00	""	COM VÍTIMA	FINALIZADA	SANTO ANTÔNIO	AV GUARARAPES	""	AV DANTAS BARRETO	NO SEMÁFORO 015	SANTO ANTÔNIO	15,0	""	ATROPELAMENTO DE PESSOA	0,0	0,0	0,0	0,0	1,0	1,0	0,0	0,0	0,0	1,0	0,0	Cruzamento	Bom	Sem defeito	Perfeito estado	Seca	Perfeito estado	Faixa de pedestre	Outras	40 km/h	Dupla	Canteiro central	""	""
451	202205310,0	2022-03-10T00:00:00	""	COM VÍTIMA	FINALIZADA	BOA VIAGEM	AV ENGENHEIRO DOMINGOS FERREIRA	2284,0	RUA DONA BENVINDA DE FARIAS	EM FRENTE À FARMÁCIA PAGUE MENOS	BOA VIAGEM	139,0	SUBURBIO	COLISÃO TRASEIRA	3,0	0,0	0,0	0,0	0,0	0,0	0,0	0,0	0,0	1,0	0,0	Cruzamento	Bom	Sem defeito	Perfeito estado	Seca	Perfeito estado	Faixa de pedestre	R-4a	""	Única	Canteiro central	""	""
452	202205311,0	2022-03-10T00:00:00	""	COM VÍTIMA	FINALIZADA	CAMPO GRANDE	RUA CATULO DA PAIXAO CEARENSE	480,0	RUA PROFESSOR FRANCISCO DA TRINDADE	E/F A FERREIRA ATELIER E GALERIA	CAMPO GRANDE	""	CIDADE	COLISÃO LATERAL	1,0	1,0	0,0	0,0	0,0	0,0	0,0	0,0	0,0	2,0	0,0	Cruzamento	Bom	Não existe	Perfeito estado	Seca	Perfeito estado	Faixa de pedestre	"Placas ""Pare"""	""	Dupla	""	""	""
453	202205330,0	2022-03-10T00:00:00	""	COM VÍTIMA	CANCELADA	PONTO DE PARADA	RUA PROFESSOR JERONIMO GUEIROS	211,0	RUA PROFESSOR JOSE CARNEIRO	POR TRÁS DA SVJ VEÍCULOS / RUA DO CANAL	PONTO DE PARADA	""	""	COLISÃO LATERAL	1,0	1,0	0,0	0,0	0,0	0,0	0,0	0,0	0,0	1,0	0,0	""	""	""	""	""	""	""	""	""	""	""	""	""
454	202205355,0	2022-03-10T00:00:00	""	COM VÍTIMA	FINALIZADA	SANTO AMARO	RUA DOS PALMARES	263,0	RUA TREZE DE MAIO	PRÓX AO INSS	SANTO AMARO	30,0	CIDADE	COLISÃO COM CICLISTA	1,0	0,0	0,0	1,0	0,0	0,0	0,0	0,0	0,0	1,0	0,0	""	Chuvoso	Sem defeito	Perfeito estado	Molhada	Perfeito estado	Faixa de pedestre	Outras	""	Dupla	Canteiro central	""	""
455	202205367,0	2022-03-11T00:00:00	""	COM VÍTIMA	FINALIZADA	BOA VISTA	RUA GERVASIO PIRES	""	AV MANOEL BORBA	CRUZAMENTO DAS VIAS EM REFERÊNCIA	BOA VISTA	169,0	SUBURBIO	COLISÃO TRANSVERSAL	0,0	0,0	0,0	0,0	0,0	2,0	0,0	0,0	0,0	1,0	0,0	Cruzamento	Bom	Com defeito	Perfeito estado	Seca	Perfeito estado	Faixa de pedestre	R-6a	""	Única	Faixa seccionada	""	""
456	202205369,0	2022-03-11T00:00:00	""	SEM VÍTIMA	FINALIZADA	PINA	RUA SAO LUIZ	316,0	""	EM FRENTE AO NÚMERO 316	PINA	""	""	COLISÃO TRASEIRA	3,0	0,0	0,0	0,0	0,0	0,0	0,0	0,0	0,0	0,0	0,0	Longo da via	Bom	Não existe	Incompleta	Seca	Mal conservada	Não existe	Não há placas	""	Dupla	Não existe	""	""
457	202205402,0	2022-03-11T00:00:00	""	COM VÍTIMA	FINALIZADA	ESPINHEIRO	RUA GOMES PACHECO	239,0	RUA AFONSO BATISTA	EM FRENTE A OFINA MECANICA	ESPINHEIRO	""	CIDADE	COLISÃO TRANSVERSAL	1,0	1,0	0,0	0,0	0,0	0,0	0,0	0,0	0,0	1,0	0,0	Cruzamento	Bom	Não existe	Ilegível	Seca	Mal conservada	Não existe	"Placas ""Pare"""	""	Dupla	Não existe	""	""
458	202205421,0	2022-03-11T00:00:00	""	COM VÍTIMA	FINALIZADA	CAXANGÁ	AV CAXANGA	""	""	EM FRENTE A ACADEMIA TOP FIT/ SENTIDO CIDADE	CAXANGÁ	""	CIDADE	COLISÃO TRASEIRA	2,0	1,0	0,0	0,0	0,0	0,0	0,0	0,0	0,0	1,0	0,0	Longo da via	Bom	Não existe	Perfeito estado	Seca	Perfeito estado	Não existe	Não há placas	""	Dupla	Canteiro central	""	""
459	202205423,0	2022-03-11T00:00:00	""	COM VÍTIMA	FINALIZADA	PINA	AV ENGENHEIRO DOMINGOS FERREIRA	1183,0	RUA ANTONIO PEDRO DE FIGUEIREDO	EM FRENTE AO GRUPO PARVI E PROXIMO AO BANCO ITAU	PINA	324,0	SUBURBIO	COLISÃO TRASEIRA	1,0	1,0	0,0	0,0	0,0	0,0	0,0	0,0	0,0	1,0	0,0	Cruzamento	Bom	Sem defeito	Perfeito estado	Seca	Perfeito estado	Faixa de pedestre	Não há placas	60 km/h	Única	Faixa contínua	Canteiro central	""
460	202205435,0	2022-03-11T00:00:00	""	COM VÍTIMA	FINALIZADA	BOA VIAGEM	RUA VISCONDE DE JEQUITINHONHA	""	""	LADO OPOSTO AO EDIFICIO COSTA ATLANTICA E PROXIMO AO KUMON	BOA VIAGEM	""	SUBURBIO	COLISÃO TRASEIRA	1,0	1,0	0,0	0,0	0,0	0,0	0,0	0,0	0,0	1,0	0,0	Longo da via	Bom	Não existe	Não existente	Seca	Perfeito estado	Não existe	Não há placas	""	Única	Faixa seccionada	""	""
461	202205457,0	2022-03-11T00:00:00	""	COM VÍTIMA	FINALIZADA	CORDEIRO	AV INACIO MONTEIRO	""	RUA DR MIGUEL VIEIRA FERREIRA	E/F A FARMACIA DROGARIA CORDEIRO	CORDEIRO	566,0	SUBURBIO	COLISÃO FRONTAL	1,0	1,0	0,0	0,0	0,0	0,0	0,0	0,0	0,0	1,0	0,0	Cruzamento	Bom	Sem defeito	Incompleta	Seca	Perfeito estado	Faixa de pedestre	Não há placas	""	Dupla	Faixa contínua	""	""
462	202205466,0	2022-03-11T00:00:00	""	COM VÍTIMA	FINALIZADA	VÁRZEA	AV PROFESSOR ARTUR DE SA	1190,0	""	PRÓXIMO AO CEMITÉRIO DA VÁRZEA	VÁRZEA	""	CIDADE	COLISÃO TRANSVERSAL	1,0	1,0	0,0	0,0	0,0	0,0	0,0	0,0	0,0	1,0	0,0	Longo da via	Bom	Não existe	Perfeito estado	Seca	Perfeito estado	Não existe	Não há placas	""	Dupla	Faixa contínua	""	""
463	202205499,0	2022-03-12T00:00:00	""	COM VÍTIMA	FINALIZADA	BARRO	AV DR JOSE RUFINO	2365,0	""	EM FRENTE A IGREJA DO BARRO	BARRO	""	SUBURBIO	COLISÃO FRONTAL	1,0	1,0	0,0	0,0	0,0	0,0	0,0	0,0	0,0	2,0	0,0	Longo da via	Bom	Não existe	Incompleta	Seca	Perfeito estado	Não existe	Outras	""	Dupla	Não existe	""	""
464	202205505,0	2022-03-12T00:00:00	""	COM VÍTIMA	FINALIZADA	TORREÃO	RUA DJALMA FARIAS	365,0	RUA OTHON PARAISO	EM FRENTE AO DELICIA DO AÇAI	TORREÃO	""	SUBURBIO	COLISÃO COM CICLISTA	1,0	0,0	0,0	1,0	0,0	0,0	0,0	0,0	0,0	1,0	0,0	Cruzamento	Bom	Não existe	Incompleta	Seca	Perfeito estado	Não existe	Outras	""	Dupla	Canteiro central	""	""
465	202205514,0	2022-03-12T00:00:00	""	SEM VÍTIMA	FINALIZADA	APIPUCOS	RUA DOIS IRMAOS	""	""	PROX  HABSEVI  CONSTRUÇOES	APIPUCOS	""	""	COLISÃO TRASEIRA	2,0	0,0	0,0	0,0	0,0	0,0	0,0	0,0	0,0	0,0	0,0	""	""	""	""	""	""	""	""	""	""	""	""	""
466	202205523,0	2022-03-12T00:00:00	""	COM VÍTIMA	FINALIZADA	MACAXEIRA	AV NORTE MIGUEL ARRAES DE ALENCAR	""	""	PROX A INTEGRAÇAO DA MACAXEIRA  S/T  SUB	MACAXEIRA	""	""	COLISÃO LATERAL	1,0	1,0	0,0	0,0	0,0	0,0	0,0	0,0	0,0	1,0	0,0	""	""	""	""	""	""	""	""	""	""	""	""	""
467	202205546,0	2022-03-12T00:00:00	""	SEM VÍTIMA	FINALIZADA	POÇO DA PANELA	RUA LUIZ GUIMARAES	""	""	VILLA ROSARGADA	POÇO DA PANELA	""	SUBURBIO	CHOQUE	1,0	0,0	0,0	0,0	0,0	0,0	0,0	1,0	0,0	0,0	0,0	Longo da via	Bom	Não existe	Perfeito estado	Seca	Perfeito estado	Não existe	R-6a	""	Dupla	Não existe	""	""