_id	Protocolo	data	hora	natureza	situacao	bairro	endereco	numero	detalhe_endereco_acidente	complemento	bairro_cruzamento	num_semaforo	sentido_via	tipo	auto	moto	ciclom	ciclista	pedestre	onibus	caminhao	viatura	outros	vitimas	vitimasfatais	acidente_verificado	tempo_clima	situacao_semaforo	sinalizacao	condicao_via	conservacao_via	ponto_controle	situacao_placa	velocidade_max_via	mao_direcao	divisao_via1	divisao_via2	divisao_via3
580	202206961,0	2022-03-29T00:00:00	""	COM VÍTIMA	FINALIZADA	IPSEP	RUA POTENGI	87,0	RUA ARARAQUARA	REF: PRAÇA DA MAURICEIA	IPSEP	""	SUBURBIO	COLISÃO COM CICLISTA	0,0	1,0	0,0	1,0	0,0	0,0	0,0	0,0	0,0	1,0	0,0	Cruzamento	Bom	Não existe	Incompleta	Seca	Perfeito estado	Não existe	Não há placas	""	Única	Não existe	""	""
581	202206974,0	2022-03-30T00:00:00	""	SEM VÍTIMA	FINALIZADA	BOA VIAGEM	RUA ERNESTO DE PAULA SANTOS	""	AV FERNANDO SIMOES BARBOSA	""	BOA VIAGEM	""	""	COLISÃO TRANSVERSAL	1,0	0,0	0,0	0,0	0,0	0,0	1,0	0,0	0,0	0,0	0,0	""	""	""	""	""	""	""	""	""	""	""	""	""
582	202206984,0	2022-03-30T00:00:00	""	COM VÍTIMA	FINALIZADA	BOA VIAGEM	AV BOA VIAGEM	6732,0	RUA BRIGADEIRO CYRO	APÓS O CLUB DA AERONÁUTICA	BOA VIAGEM	""	CIDADE	COLISÃO LATERAL	1,0	1,0	0,0	0,0	0,0	0,0	0,0	0,0	0,0	1,0	0,0	Longo da via	Bom	Não existe	Perfeito estado	Seca	Perfeito estado	Não existe	Não há placas	60 km/h	Única	Faixa seccionada	""	""
583	202206996,0	2022-03-30T00:00:00	""	COM VÍTIMA	FINALIZADA	SANTO AMARO	AV CRUZ CABUGA	""	""	EM FRENTE AO HOSPITAL NAVAL	SANTO AMARO	""	SUBURBIO	ATROPELAMENTO DE PESSOA	0,0	1,0	0,0	0,0	1,0	0,0	0,0	0,0	0,0	2,0	0,0	Longo da via	Bom	Não existe	Perfeito estado	Seca	Perfeito estado	Não existe	Não há placas	60 km/h	Dupla	Faixa contínua	""	""
584	202207005,0	2022-03-30T00:00:00	""	SEM VÍTIMA	FINALIZADA	AREIAS	RUA JOSE NATARIO	""	""	EM FRENTE A DROGASIL	AREIAS	""	""	COLISÃO TRASEIRA	1,0	1,0	0,0	0,0	0,0	0,0	0,0	1,0	0,0	0,0	0,0	Longo da via	Bom	Não existe	Perfeito estado	Seca	Perfeito estado	Não existe	R-6a	""	Dupla	Faixa seccionada	""	""
585	202207028,0	2022-03-30T00:00:00	""	COM VÍTIMA	FINALIZADA	ILHA DO LEITE	RUA ESTADO DE ISRAEL	205,0	RUA JORNALISTA TRAJANO CHACON	PROX A  SOS MAOS  NA CALÇADA DO HAPVIDA	ILHA DO LEITE	""	CIDADE	COLISÃO TRANSVERSAL	1,0	1,0	0,0	0,0	0,0	0,0	0,0	0,0	0,0	1,0	0,0	Cruzamento	Bom	Não existe	Perfeito estado	Seca	Perfeito estado	Faixa de pedestre	Outras	""	Única	Faixa seccionada	""	""
586	202207045,0	2022-03-30T00:00:00	""	COM VÍTIMA	FINALIZADA	TEJIPIÓ	AV DR JOSE RUFINO	2993,0	""	E/F AO 4°BPEE E  AO COLEGIO ALBERTO TORRES, SNT JABOATAO	TEJIPIÓ	""	""	COLISÃO LATERAL	2,0	1,0	0,0	0,0	0,0	0,0	0,0	0,0	0,0	1,0	0,0	Longo da via	Bom	Não existe	Perfeito estado	Seca	Perfeito estado	Não existe	Não há placas	60 km/h	Dupla	Faixa contínua	""	""
587	202207057,0	2022-03-30T00:00:00	""	COM VÍTIMA	FINALIZADA	SANTO ANTÔNIO	AV MARTINS DE BARROS	""	""	PROX AO ITAU	SANTO ANTÔNIO	194,0	SUBURBIO	COLISÃO COM CICLISTA	1,0	0,0	0,0	1,0	0,0	0,0	0,0	0,0	0,0	1,0	0,0	Cruzamento	Bom	Sem defeito	Perfeito estado	Seca	Perfeito estado	Faixa de pedestre	Outras	30 km/h	Única	""	""	""
588	202207099,0	2022-03-31T00:00:00	""	COM VÍTIMA	FINALIZADA	BOA VIAGEM	AV DOM JOAO VI	""	""	EM FRENTE AO COLEGIO MOTIVO	BOA VIAGEM	""	SUBURBIO	CHOQUE	0,0	1,0	0,0	0,0	0,0	0,0	0,0	0,0	0,0	1,0	0,0	Longo da via	Bom	Não existe	Perfeito estado	Seca	Perfeito estado	Não existe	Outras	50 km/h	Única	Faixa seccionada	""	""
589	202207151,0	2022-03-31T00:00:00	""	COM VÍTIMA	FINALIZADA	PINA	RUA MANOEL DE BRITO	711,0	AV CONSUL JOSEPH NOUJAIM	EM FRENTE A FACULDADE IDE	PINA	659,0	SUBURBIO	COLISÃO COM CICLISTA	0,0	0,0	0,0	1,0	0,0	1,0	0,0	0,0	0,0	1,0	0,0	Cruzamento	Bom	Sem defeito	Perfeito estado	Seca	Perfeito estado	Não existe	R-6a	""	Única	Não existe	""	""
590	202207161,0	2022-03-31T00:00:00	""	COM VÍTIMA	CANCELADA	IMBIRIBEIRA	AV MARECHAL MASCARENHAS DE MORAES	""	""	""	IMBIRIBEIRA	""	""	QUEDA	0,0	0,0	0,0	0,0	0,0	1,0	0,0	0,0	0,0	1,0	0,0	""	""	""	""	""	""	""	""	""	""	""	""	""
591	202207166,0	2022-03-31T00:00:00	""	COM VÍTIMA	CANCELADA	BOA VIAGEM	AVENIDA CELSO FURTADO (VIA MANGUE)	""	""	NA DECIDA DA ANTONIO FALCAO	BOA VIAGEM	""	""	CAPOTAMENTO	1,0	0,0	0,0	0,0	0,0	0,0	0,0	0,0	0,0	1,0	0,0	""	""	""	""	""	""	""	""	""	""	""	""	""
592	202207167,0	2022-03-31T00:00:00	""	COM VÍTIMA	FINALIZADA	IMBIRIBEIRA	RUA GENERAL GOES MONTEIRO	""	RUA CONEGO LIRA	NO CRUZAMENTO, AO LADO DO NÚMERO 320, RESTAURANTE TRATTORIA PROVENCE.	IMBIRIBEIRA	""	SUBURBIO	COLISÃO TRASEIRA	1,0	1,0	0,0	0,0	0,0	0,0	0,0	0,0	0,0	1,0	0,0	Cruzamento	Bom	Não existe	Não existente	Seca	Perfeito estado	Não existe	Não há placas	""	Dupla	Não existe	""	""
593	202207170,0	2022-04-01T00:00:00	""	COM VÍTIMA	CANCELADA	AREIAS	AV RECIFE	""	""	EM FRENTE AO HOSPITAL DO IDOSO	AREIAS	""	""	ATROPELAMENTO DE PESSOA	1,0	0,0	0,0	0,0	1,0	0,0	0,0	0,0	0,0	1,0	0,0	""	""	""	""	""	""	""	""	""	""	""	""	""
594	202207173,0	2022-04-01T00:00:00	""	SEM VÍTIMA	FINALIZADA	SANTO AMARO	AV CRUZ CABUGA	""	PRC GENERAL ABREU E LIMA	PRÓX. AO EMITÉRIO DOS INGLESES	SANTO AMARO	""	""	CHOQUE	1,0	0,0	0,0	0,0	0,0	0,0	0,0	0,0	0,0	0,0	0,0	""	""	""	""	""	""	""	""	""	""	""	""	""
595	202207185,0	2022-04-01T00:00:00	""	COM VÍTIMA	FINALIZADA	ARRUDA	AV BEBERIBE	""	RUA MEM DE SA	EM FRENTE A PEDRAGON	ARRUDA	63,0	""	COLISÃO LATERAL	1,0	1,0	0,0	0,0	0,0	0,0	0,0	0,0	0,0	1,0	0,0	Cruzamento	Bom	Sem defeito	Perfeito estado	Seca	Perfeito estado	Faixa de pedestre	Outras	60 km/h	Dupla	Faixa contínua	""	""
596	202207196,0	2022-04-01T00:00:00	""	COM VÍTIMA	FINALIZADA	VÁRZEA	AV AFONSO OLINDENSE	1327,0	""	CASA / FARMÁCIA PAGUE MENOS, EM FRENTE AO EDF. BRAGANÇA.	VÁRZEA	""	SUBURBIO	COLISÃO LATERAL	1,0	1,0	0,0	0,0	0,0	0,0	0,0	0,0	0,0	1,0	0,0	Longo da via	Bom	Não existe	""	Seca	Perfeito estado	Não existe	Não há placas	""	Dupla	Faixa contínua	""	""
597	202207234,0	2022-04-01T00:00:00	""	COM VÍTIMA	FINALIZADA	IMBIRIBEIRA	RUA DUQUE ESTRADA	110,0	""	E/F AO LE PARC E EDF. ARAPUAN	IMBIRIBEIRA	""	SUBURBIO	COLISÃO TRANSVERSAL	1,0	1,0	0,0	0,0	0,0	0,0	0,0	0,0	0,0	1,0	0,0	Longo da via	Bom	Não existe	Não existente	Seca	Perfeito estado	Não existe	Não há placas	""	Dupla	Não existe	""	""
598	202207239,0	2022-04-01T00:00:00	""	COM VÍTIMA	FINALIZADA	BOA VIAGEM	RUA JOSE MARIA DE MIRANDA	300,0	AVENIDA CELSO FURTADO (VIA MANGUE)	BARRACA DO DECA/ SENTIDO PINA. EM FRENTE AO NÚMERO 328	BOA VIAGEM	""	CIDADE	CHOQUE	0,0	1,0	0,0	0,0	0,0	0,0	0,0	0,0	0,0	1,0	0,0	Longo da via	Bom	Não existe	Incompleta	Seca	Perfeito estado	Não existe	Não há placas	""	Dupla	Não existe	""	""
599	202207253,0	2022-04-01T00:00:00	""	COM VÍTIMA	FINALIZADA	TEJIPIÓ	AV DR JOSE RUFINO	""	""	EM FRENTE À ESTAÇÃO TEJIPIÓ	TEJIPIÓ	""	""	COLISÃO LATERAL	1,0	1,0	0,0	0,0	0,0	0,0	0,0	0,0	0,0	1,0	0,0	""	""	""	""	""	""	""	""	""	""	""	""	""
600	202207254,0	2022-04-01T00:00:00	""	COM VÍTIMA	FINALIZADA	ESPINHEIRO	AV JOAO DE BARROS	1769,0	""	EM FRENTE AO ETEPAM	ESPINHEIRO	""	SUBURBIO	COLISÃO TRASEIRA	1,0	1,0	0,0	0,0	0,0	0,0	0,0	0,0	0,0	1,0	0,0	Longo da via	Bom	Não existe	Perfeito estado	Seca	Perfeito estado	Faixa de pedestre	R-25b	""	Única	Faixa contínua	""	""
601	202207256,0	2022-04-01T00:00:00	""	COM VÍTIMA	FINALIZADA	BOA VISTA	AV CONDE DA BOA VISTA	250,0	RUA SETE DE SETEMBRO	FARMACIAS INDEPENDENTE	BOA VISTA	486,0	SUBURBIO	ATROPELAMENTO DE PESSOA	0,0	0,0	0,0	0,0	1,0	1,0	0,0	0,0	0,0	1,0	0,0	Cruzamento	Bom	Sem defeito	Perfeito estado	Seca	Perfeito estado	Outros	R-19	40 km/h	Dupla	Canteiro central	""	""
602	202207257,0	2022-04-01T00:00:00	""	COM VÍTIMA	FINALIZADA	ILHA DO LEITE	RUA DAS FRONTEIRAS	127,0	""	EM FRENTE AO HOSPITAL MEMORIAL SÃO JOSÉ / VÍTIMA SOCORRIDA PARA O PRÓPRIO HOSPITAL	ILHA DO LEITE	""	""	CHOQUE	1,0	0,0	0,0	0,0	0,0	0,0	0,0	0,0	0,0	1,0	0,0	Outros	Bom	Não existe	Perfeito estado	Seca	Perfeito estado	Não existe	R-6a	""	Única	Não existe	""	""
603	202207264,0	2022-04-01T00:00:00	""	COM VÍTIMA	FINALIZADA	BARRO	AV CENTRAL	""	""	E/F A ESTAÇÃO DO BARRO / PORTAO DE ENTRADA	BARRO	""	SUBURBIO	ATROPELAMENTO DE PESSOA	0,0	0,0	0,0	0,0	1,0	1,0	0,0	0,0	0,0	1,0	0,0	Longo da via	Bom	Não existe	Perfeito estado	Seca	Perfeito estado	Não existe	Não há placas	20 km/h	Única	Faixa seccionada	""	""
604	202207334,0	2022-04-02T00:00:00	""	COM VÍTIMA	FINALIZADA	AREIAS	AV DR JOSE RUFINO	1349,0	RUA DONA ANA AURORA	ENFRENTE AO COMERCIAL NOVO LAR	AREIAS	""	CIDADE	COLISÃO TRANSVERSAL	1,0	1,0	0,0	0,0	0,0	0,0	0,0	0,0	0,0	1,0	0,0	Cruzamento	Bom	Não existe	Ilegível	Seca	Mal conservada	Não existe	R-6a	60 km/h	Dupla	Faixa contínua	Faixa seccionada	""
605	202207344,0	2022-04-02T00:00:00	""	COM VÍTIMA	FINALIZADA	MADALENA	RUA CARLOS GOMES	""	RUA HERCULES FLORENCE	PROX A PAGMENOS E AO NÚMERO 914	MADALENA	""	""	COLISÃO LATERAL	1,0	0,0	0,0	0,0	0,0	1,0	0,0	0,0	0,0	1,0	0,0	Cruzamento	Bom	Não existe	Incompleta	Seca	Perfeito estado	Faixa de pedestre	Não há placas	40 km/h	""	Faixa seccionada	""	""
606	202207346,0	2022-04-02T00:00:00	""	SEM VÍTIMA	FINALIZADA	CASA FORTE	RUA DR JOAO SANTOS FILHO	""	""	ENFRENTE  AO SHOPPING AO LADO DA RUA DO MEC DONALD	CASA FORTE	""	""	COLISÃO LATERAL	2,0	0,0	0,0	0,0	0,0	0,0	0,0	0,0	0,0	0,0	0,0	""	""	""	""	""	""	""	""	""	""	""	""	""
607	202207351,0	2022-04-02T00:00:00	""	COM VÍTIMA	FINALIZADA	TORRÕES	RUA DR MIGUEL VIEIRA FERREIRA	375,0	""	PROX AO MERCADINHO SACOLAO	TORRÕES	""	SUBURBIO	ATROPELAMENTO DE PESSOA	1,0	0,0	0,0	0,0	1,0	0,0	0,0	0,0	0,0	1,0	0,0	Longo da via	Bom	Não existe	Perfeito estado	Seca	Perfeito estado	Não existe	Não há placas	""	Dupla	Não existe	""	""
608	202207357,0	2022-04-02T00:00:00	""	SEM VÍTIMA	FINALIZADA	JORDÃO	RUA ALBERTO LUNDGREN	450,0	""	""	JORDÃO	""	CIDADE	COLISÃO TRASEIRA	3,0	0,0	0,0	0,0	0,0	0,0	0,0	0,0	0,0	0,0	0,0	Longo da via	Bom	Sem defeito	Perfeito estado	Seca	Perfeito estado	Não existe	Não há placas	""	Única	Faixa seccionada	""	""
609	202207416,0	2022-04-03T00:00:00	""	COM VÍTIMA	FINALIZADA	ILHA JOANA BEZERRA	VIADUTO CAPITAO TEMUDO	""	""	NA DESCIDA DO VIADUTO, SNT BV. ALÇA DE ACESSO À RUA IMPERIAL.	ILHA JOANA BEZERRA	""	SUBURBIO	CHOQUE	0,0	1,0	0,0	0,0	0,0	0,0	0,0	0,0	0,0	2,0	0,0	Viaduto	Bom	Não existe	Não existente	Seca	Perfeito estado	""	Não há placas	60 km/h	Dupla	Outros	""	""
610	202207430,0	2022-04-04T00:00:00	""	COM VÍTIMA	FINALIZADA	AREIAS	AV RECIFE	758,0	RUA CAPITAO ESTEVAO FERNANDES	AO LADO DA CLINICA OK DOUTOR	AREIAS	85,0	""	COLISÃO LATERAL	1,0	1,0	0,0	0,0	0,0	0,0	0,0	0,0	0,0	1,0	0,0	Esquina	Bom	Sem defeito	Perfeito estado	Seca	Perfeito estado	Faixa de pedestre	R-6a	""	Dupla	Faixa contínua	Canteiro central	""
611	202207460,0	2022-04-04T00:00:00	""	COM VÍTIMA	FINALIZADA	IMBIRIBEIRA	AV MARECHAL MASCARENHAS DE MORAES	2100,0	""	SENT. AEROPORTO, EM FRENTE A EUROVIA RENAULT	IMBIRIBEIRA	""	SUBURBIO	COLISÃO TRASEIRA	2,0	1,0	0,0	0,0	0,0	0,0	0,0	0,0	0,0	1,0	0,0	Longo da via	Bom	Sem defeito	Perfeito estado	Seca	Perfeito estado	Faixa de pedestre	Não há placas	""	Única	Faixa seccionada	Canteiro central	""
612	202207469,0	2022-04-04T00:00:00	""	COM VÍTIMA	FINALIZADA	BAIRRO DO RECIFE	AV RIO BRANCO	""	CAIS DO APOLO	E/F AO BANCO DO BRASIL	BAIRRO DO RECIFE	""	""	COLISÃO LATERAL	1,0	1,0	0,0	0,0	0,0	0,0	0,0	0,0	0,0	1,0	0,0	Cruzamento	Bom	Sem defeito	Perfeito estado	Seca	Perfeito estado	Faixa de pedestre	Outras	""	Dupla	Faixa contínua	""	""
613	202207482,0	2022-04-04T00:00:00	""	VÍTIMA FATAL	FINALIZADA	IMBIRIBEIRA	AV SUL	""	""	DENTRO DO TERMINAL INTEGRADO TANCREDO NEVES	IMBIRIBEIRA	""	""	ATROPELAMENTO DE PESSOA	0,0	0,0	0,0	0,0	1,0	1,0	0,0	0,0	0,0	0,0	1,0	Longo da via	Bom	Não existe	Não existente	Seca	Perfeito estado	Não existe	Não há placas	""	Única	Não existe	""	""
614	202207484,0	2022-04-04T00:00:00	""	COM VÍTIMA	FINALIZADA	IPUTINGA	RUA BOM PASTOR	335,0	""	PROX ACADEMIA BIO FORMA  EO BAR SEU JORGE	IPUTINGA	""	CIDADE	COLISÃO LATERAL	1,0	1,0	0,0	0,0	0,0	0,0	0,0	0,0	0,0	1,0	0,0	Cruzamento	Bom	Não existe	Incompleta	Seca	Mal conservada	Não existe	R-6a	40 km/h	Dupla	Não existe	""	""
615	202207504,0	2022-04-04T00:00:00	""	COM VÍTIMA	FINALIZADA	ESTÂNCIA	AV DR JOSE RUFINO	321,0	RUA ANDRE VIEIRA DE MELO	E/F AO COLEGIO VISAO	ESTÂNCIA	""	""	ATROPELAMENTO DE PESSOA	1,0	0,0	0,0	0,0	1,0	0,0	0,0	0,0	0,0	1,0	0,0	Esquina	Bom	Sem defeito	Perfeito estado	Seca	Perfeito estado	Faixa de pedestre	Outras	60 km/h	Dupla	Faixa contínua	""	""
616	202207509,0	2022-04-05T00:00:00	""	COM VÍTIMA	FINALIZADA	SANTO ANTÔNIO	AV GUARARAPES	""	RUA DO SOL	EM FRENTE AO CORREIOS	SANTO ANTÔNIO	""	""	COLISÃO TRANSVERSAL	1,0	0,0	0,0	0,0	0,0	1,0	0,0	0,0	0,0	1,0	0,0	""	""	""	""	""	""	""	""	""	""	""	""	""
617	202207529,0	2022-04-05T00:00:00	""	COM VÍTIMA	FINALIZADA	SÃO JOSÉ	AV SUL	457,0	""	PRÓXIMO A PRAÇA SÉRGIO LORETO. EM FRENTE AO POSTO BR.	SÃO JOSÉ	""	CIDADE	QUEDA	0,0	1,0	0,0	0,0	0,0	0,0	0,0	0,0	0,0	2,0	0,0	Longo da via	Bom	Não existe	Perfeito estado	Seca	Perfeito estado	Não existe	Não há placas	""	Única	Faixa seccionada	""	""
618	202207531,0	2022-04-05T00:00:00	""	COM VÍTIMA	FINALIZADA	PARNAMIRIM	AV DEZESSETE DE AGOSTO	121,0	""	E/F A HORTFRUIT ALÉM DO CAMPO	PARNAMIRIM	""	SUBURBIO	CHOQUE	2,0	1,0	0,0	0,0	0,0	0,0	0,0	0,0	0,0	2,0	0,0	Longo da via	Bom	Não existe	Perfeito estado	Seca	Perfeito estado	Não existe	Outras	40 km/h	Dupla	Faixa contínua	""	""
619	202207534,0	2022-04-05T00:00:00	""	COM VÍTIMA	FINALIZADA	GRAÇAS	AV CONS ROSA E SILVA	215,0	""	E/F AO CLUBE PORTUGUES	GRAÇAS	""	SUBURBIO	ATROPELAMENTO DE PESSOA	1,0	0,0	0,0	0,0	2,0	0,0	0,0	0,0	0,0	2,0	0,0	Longo da via	Bom	Não existe	Perfeito estado	Seca	Perfeito estado	Outros	R-6a	""	Única	Faixa seccionada	""	""
620	202207552,0	2022-04-05T00:00:00	""	COM VÍTIMA	CANCELADA	AREIAS	AV RECIFE	194,0	""	POR TRAS DO HOSPITAL DA MULHER  S/T BOA VIAGEM	AREIAS	""	""	COLISÃO FRONTAL	1,0	1,0	0,0	0,0	0,0	0,0	0,0	0,0	0,0	1,0	0,0	""	""	""	""	""	""	""	""	""	""	""	""	""
621	202207553,0	2022-04-05T00:00:00	""	COM VÍTIMA	FINALIZADA	BONGI	RUA DONA MARIA AUGUSTA NOGUEIRA	341,0	RUA DELMIRO GOUVEIA	POR TRAS DA CELPE  NA RUA SECRETARIA DE SAUDE. EM FRENTE A IGREJA PRESTITERIANA BOAS NOVAS.	BONGI	""	CIDADE	COLISÃO TRANSVERSAL	1,0	1,0	0,0	0,0	0,0	0,0	0,0	0,0	0,0	1,0	0,0	Esquina	Bom	Não existe	Perfeito estado	Seca	Perfeito estado	Não existe	Outras	""	Dupla	Faixa seccionada	""	""
622	202207554,0	2022-04-05T00:00:00	""	COM VÍTIMA	CANCELADA	CASA AMARELA	RUA DA HARMONIA	566,0	""	EM FRENTE AO CENTRO EDUCACIONAL VILA SEZAMO	CASA AMARELA	""	""	COLISÃO LATERAL	1,0	1,0	0,0	0,0	0,0	0,0	0,0	0,0	0,0	1,0	0,0	""	""	""	""	""	""	""	""	""	""	""	""	""
623	202207557,0	2022-04-05T00:00:00	""	SEM VÍTIMA	FINALIZADA	BOA VIAGEM	AV ENGENHEIRO DOMINGOS FERREIRA	2284,0	RUA DONA BENVINDA DE FARIAS	""	BOA VIAGEM	139,0	SUBURBIO	COLISÃO TRASEIRA	1,0	0,0	0,0	0,0	0,0	1,0	0,0	0,0	0,0	0,0	0,0	Cruzamento	Bom	Sem defeito	Perfeito estado	Seca	Perfeito estado	Faixa de pedestre	Não há placas	""	Única	Canteiro central	""	""
624	202207571,0	2022-04-05T00:00:00	""	SEM VÍTIMA	FINALIZADA	PINA	AV BOA VIAGEM	""	""	TERCEIRO JARDIM	PINA	117,0	CIDADE	""	1,0	0,0	0,0	0,0	0,0	0,0	0,0	1,0	0,0	0,0	0,0	Longo da via	Bom	Sem defeito	Perfeito estado	Seca	Perfeito estado	Faixa de retenção	Não há placas	""	Única	Faixa contínua	""	""
625	202207572,0	2022-04-05T00:00:00	""	COM VÍTIMA	FINALIZADA	SAN MARTIN	AV GENERAL SAN MARTIN	""	""	NA ROTATÓRIA S/T  AFOGADOS . EM FRENTE À IGREJA UNIVERSAL	SAN MARTIN	""	SUBURBIO	COLISÃO FRONTAL	2,0	0,0	0,0	0,0	0,0	0,0	0,0	0,0	0,0	1,0	0,0	Rotatória	Bom	Não existe	Incompleta	Seca	Perfeito estado	Não existe	Não há placas	""	Única	Outros	""	""
626	202207608,0	2022-04-06T00:00:00	""	COM VÍTIMA	FINALIZADA	DERBY	AV GOVERNADOR AGAMENON MAGALHAES	""	PRC DO DERBY	SOBRE A FAIXA DE PEDESTRES (SENTIDO CAMARAGIBE) E/F À ESTAÇÃO BRT	DERBY	75,0	BOA VIAGEM	COLISÃO TRASEIRA	0,0	1,0	0,0	0,0	0,0	1,0	0,0	0,0	0,0	1,0	0,0	Longo da via	Bom	Intermitente	Perfeito estado	Molhada	Perfeito estado	Faixa de pedestre	R-4a	60 km/h	Dupla	Faixa seccionada	""	""
627	202207610,0	2022-04-06T00:00:00	""	SEM VÍTIMA	FINALIZADA	MACAXEIRA	AV NORTE MIGUEL ARRAES DE ALENCAR	""	""	ANTES DE CHEGAR NA INTEGRAÇAO DA MACAXEIRA	MACAXEIRA	""	""	COLISÃO TRASEIRA	2,0	0,0	0,0	0,0	0,0	0,0	0,0	0,0	0,0	0,0	0,0	""	""	""	""	""	""	""	""	""	""	""	""	""
628	202207659,0	2022-04-06T00:00:00	""	SEM VÍTIMA	FINALIZADA	BOA VIAGEM	RUA PEDRO BERGAMO	109,0	""	EM FRENTE AO EDIFÍCIO BENIDORM	BOA VIAGEM	""	""	""	2,0	0,0	0,0	0,0	0,0	0,0	0,0	0,0	0,0	0,0	0,0	Longo da via	Bom	Não existe	Perfeito estado	Seca	Perfeito estado	Não existe	Não há placas	""	Única	Não existe	""	""
629	202207672,0	2022-04-06T00:00:00	""	COM VÍTIMA	FINALIZADA	ESTÂNCIA	AV RECIFE	""	""	EM FRENTE AO GALETOS/ SENTIDO BOA VIAGEM	ESTÂNCIA	""	""	COLISÃO LATERAL	0,0	2,0	0,0	0,0	0,0	0,0	0,0	0,0	0,0	2,0	0,0	""	""	""	""	""	""	""	""	""	""	""	""	""
630	202207680,0	2022-04-06T00:00:00	""	COM VÍTIMA	FINALIZADA	LINHA DO TIRO	RUA URIEL DE HOLANDA	932,0	""	E/F A  CHURRASCARIA CACHOEIRA	LINHA DO TIRO	""	CIDADE	COLISÃO LATERAL	1,0	1,0	0,0	0,0	0,0	0,0	0,0	0,0	0,0	1,0	0,0	Longo da via	Bom	Não existe	Ilegível	Seca	Mal iluminada	Não existe	Não há placas	""	Dupla	Faixa seccionada	""	""
631	202207688,0	2022-04-06T00:00:00	""	COM VÍTIMA	FINALIZADA	BOA VIAGEM	AV ENGENHEIRO DOMINGOS FERREIRA	3067,0	""	E/F AO CARREFOUR / SEMÁFORO 145	BOA VIAGEM	145,0	SUBURBIO	ATROPELAMENTO DE PESSOA	1,0	0,0	0,0	0,0	1,0	0,0	0,0	0,0	0,0	1,0	0,0	Longo da via	Bom	Sem defeito	Perfeito estado	Seca	Perfeito estado	Faixa de pedestre	Não há placas	""	Única	Faixa seccionada	Canteiro central	""
632	202207719,0	2022-04-07T00:00:00	""	COM VÍTIMA	FINALIZADA	BOA VIAGEM	RUA DEZ DE JULHO	139,0	RUA CAMBOIM	EM FRENTE AO MOTEL MAISON CRISTAL. PRÓXIMO A CONFORT LOCADORA DE CARROS.	BOA VIAGEM	""	CIDADE	COLISÃO TRANSVERSAL	1,0	1,0	0,0	0,0	0,0	0,0	0,0	0,0	0,0	1,0	0,0	Cruzamento	Bom	Não existe	Perfeito estado	Seca	Perfeito estado	Faixa de retenção	Não há placas	""	Dupla	Faixa contínua	""	""
633	202207724,0	2022-04-07T00:00:00	""	COM VÍTIMA	FINALIZADA	TORRE	RUA PROFESSOR TRAJANO DE MENDONCA	320,0	""	EM FRENTE AO RESTAURANTE DO IRMAO / LADO DO ATACADO DOS PRESENTES	TORRE	""	CIDADE	COLISÃO TRASEIRA	0,0	2,0	0,0	0,0	0,0	0,0	0,0	0,0	0,0	2,0	0,0	Longo da via	Chuvoso	Não existe	Perfeito estado	Molhada	Perfeito estado	Não existe	Não há placas	40 km/h	Única	Faixa seccionada	""	""
634	202207734,0	2022-04-07T00:00:00	""	COM VÍTIMA	FINALIZADA	CORDEIRO	AV PROFESSOR ESTEVAO FRANCISCO DA COSTA	""	""	""	CORDEIRO	80,0	SUBURBIO	CHOQUE	0,0	1,0	0,0	0,0	0,0	0,0	0,0	0,0	0,0	1,0	0,0	Cruzamento	Bom	Sem defeito	Perfeito estado	Seca	Perfeito estado	Faixa de pedestre	Outras	""	Única	Faixa contínua	""	""
635	202207743,0	2022-04-07T00:00:00	""	SEM VÍTIMA	FINALIZADA	""	AV GOVERNADOR AGAMENON MAGALHAES	""	""	EM FRENTE AO REAL HOSPITAL PORTUGUÊS ( PISTA LOCAL )	""	69,0	SUBURBIO	""	0,0	0,0	0,0	0,0	0,0	0,0	1,0	1,0	0,0	0,0	0,0	Longo da via	Bom	Sem defeito	Perfeito estado	Seca	Perfeito estado	Faixa de retenção	Não há placas	""	Única	Faixa seccionada	""	""
636	202207747,0	2022-04-07T00:00:00	""	COM VÍTIMA	FINALIZADA	IMBIRIBEIRA	AV MARECHAL MASCARENHAS DE MORAES	""	""	EM FRENTE DA FACULDADE PERNAMBUCANA	IMBIRIBEIRA	530,0	CIDADE	COLISÃO TRASEIRA	1,0	1,0	0,0	0,0	0,0	0,0	0,0	0,0	0,0	1,0	0,0	Longo da via	Bom	Sem defeito	Perfeito estado	Seca	Perfeito estado	Faixa de pedestre	Outras	60 km/h	Dupla	Faixa contínua	Faixa seccionada	Canteiro central
637	202207766,0	2022-04-07T00:00:00	""	COM VÍTIMA	FINALIZADA	JOANA BEZERRA	VDO PAPA JOAO PAULO II	""	""	AO LADO DO FÓRUM / SENTIDO BOA VIAGEM	JOANA BEZERRA	""	SUBURBIO	COLISÃO TRASEIRA	0,0	1,0	0,0	0,0	0,0	1,0	0,0	0,0	0,0	1,0	0,0	Viaduto	Bom	Não existe	Não existente	Seca	Perfeito estado	Não existe	Não há placas	""	Dupla	Canteiro central	""	""