_id	Protocolo	data	hora	natureza	situacao	bairro	endereco	numero	detalhe_endereco_acidente	complemento	bairro_cruzamento	num_semaforo	sentido_via	tipo	auto	moto	ciclom	ciclista	pedestre	onibus	caminhao	viatura	outros	vitimas	vitimasfatais	acidente_verificado	tempo_clima	situacao_semaforo	sinalizacao	condicao_via	conservacao_via	ponto_controle	situacao_placa	velocidade_max_via	mao_direcao	divisao_via1	divisao_via2	divisao_via3
810	202210062,0	2022-05-05T00:00:00	""	COM VÍTIMA	FINALIZADA	SANTO AMARO	AV GOVERNADOR AGAMENON MAGALHAES	""	""	PRÓXIMO A FABRICA TACARUNA	SANTO AMARO	""	""	COLISÃO LATERAL	0,0	2,0	0,0	0,0	0,0	0,0	0,0	0,0	0,0	2,0	0,0	""	""	""	""	""	""	""	""	""	""	""	""	""
811	202210063,0	2022-05-05T00:00:00	""	COM VÍTIMA	FINALIZADA	CASA FORTE	AV DEZESSETE DE AGOSTO	892,0	""	EM FRENTE A PIZZARIA HUT	CASA FORTE	""	SUBURBIO	COLISÃO LATERAL	1,0	1,0	0,0	0,0	0,0	0,0	0,0	0,0	0,0	1,0	0,0	Longo da via	Bom	Não existe	Perfeito estado	Seca	Perfeito estado	Não existe	R-6a	""	Dupla	Faixa contínua	""	""
812	202210066,0	2022-05-05T00:00:00	""	SEM VÍTIMA	FINALIZADA	CORDEIRO	RUA PEREIRA DE MORAES	748,0	RUA PAES CABRAL	""	CORDEIRO	""	""	""	2,0	0,0	0,0	0,0	0,0	0,0	0,0	0,0	0,0	0,0	0,0	Cruzamento	Bom	Não existe	Não existente	Seca	Perfeito estado	Não existe	Não há placas	""	Dupla	Não existe	""	""
813	202210072,0	2022-05-05T00:00:00	""	COM VÍTIMA	FINALIZADA	CIDADE UNIVERSITÁRIA	AV PROFESSOR ARTUR DE SA	1118,0	""	AO LADO DO HOSPITAL DAS CLÍNICAS	CIDADE UNIVERSITÁRIA	""	SUBURBIO	COLISÃO TRANSVERSAL	1,0	1,0	0,0	0,0	0,0	0,0	0,0	0,0	0,0	1,0	0,0	Longo da via	Bom	Não existe	Perfeito estado	Seca	Perfeito estado	Não existe	Não há placas	""	Dupla	Faixa contínua	""	""
814	202210081,0	2022-05-05T00:00:00	""	SEM VÍTIMA	FINALIZADA	SANTO AMARO	AV GOVERNADOR AGAMENON MAGALHAES	""	RUA BARROS BARRETO	EM FRENTE A REITORIA DA UPE	SANTO AMARO	""	SUBURBIO	""	1,0	0,0	0,0	0,0	0,0	0,0	0,0	1,0	0,0	0,0	0,0	Longo da via	Bom	Não existe	Perfeito estado	Seca	Perfeito estado	Não existe	Não há placas	60 km/h	Dupla	Faixa seccionada	Canteiro central	Canal
815	202210085,0	2022-05-05T00:00:00	""	COM VÍTIMA	FINALIZADA	IMBIRIBEIRA	AV MARECHAL MASCARENHAS DE MORAES	3421,0	""	EM FRENTE A CONCESSIONARIA MERCEDES BENZ / SENTIDO CIDADE	IMBIRIBEIRA	289,0	CIDADE	COLISÃO LATERAL	0,0	2,0	0,0	0,0	0,0	0,0	0,0	0,0	0,0	1,0	0,0	Longo da via	Bom	Sem defeito	Perfeito estado	Seca	Perfeito estado	Faixa de pedestre	Não há placas	60 km/h	Única	Faixa contínua	""	""
816	202210094,0	2022-05-05T00:00:00	""	COM VÍTIMA	FINALIZADA	CAJUEIRO	AV CIDADE DE MONTEIRO	380,0	""	EM FRENTE AO ARMAZÉM CORAL.	CAJUEIRO	""	""	COLISÃO LATERAL	1,0	0,0	0,0	0,0	0,0	0,0	1,0	0,0	0,0	2,0	0,0	Longo da via	Bom	Não existe	Perfeito estado	Seca	Perfeito estado	Faixa de pedestre	Outras	""	Dupla	Faixa contínua	""	""
817	202210100,0	2022-05-05T00:00:00	""	COM VÍTIMA	FINALIZADA	BOA VISTA	RUA AURORA	""	RUA PRINCESA IZABEL	RUA PRINCESA IZABEL	BOA VISTA	22,0	""	COLISÃO LATERAL	0,0	2,0	0,0	0,0	0,0	0,0	0,0	0,0	0,0	1,0	0,0	Cruzamento	Bom	Sem defeito	Perfeito estado	Seca	Perfeito estado	Faixa de pedestre	Outras	""	Única	Faixa contínua	""	""
818	202210112,0	2022-05-05T00:00:00	""	SEM VÍTIMA	CANCELADA	SANTO AMARO	AV GOVERNADOR AGAMENON MAGALHAES	""	""	E/F AO BRADESCO SEGUROS	SANTO AMARO	""	OLINDA	COLISÃO TRASEIRA	3,0	0,0	0,0	0,0	0,0	0,0	0,0	0,0	0,0	0,0	0,0	""	""	""	""	""	""	""	""	""	""	""	""	""
819	202210120,0	2022-05-05T00:00:00	""	COM VÍTIMA	FINALIZADA	BEBERIBE	RUA URIEL DE HOLANDA	""	RUA MELANIO DE BARROS CORREIA	E/F AO COLEGIO  PEDRO CELSO	BEBERIBE	""	SUBURBIO	ATROPELAMENTO DE PESSOA	0,0	1,0	0,0	0,0	1,0	0,0	0,0	0,0	0,0	1,0	0,0	Longo da via	Bom	Não existe	Perfeito estado	Seca	Perfeito estado	Não existe	R-6a	40 km/h	Dupla	Não existe	""	""
820	202210121,0	2022-05-05T00:00:00	""	COM VÍTIMA	FINALIZADA	MADALENA	RUA DEMOCRITO DE SOUZA FILHO	477,0	RUA PROFESSOR JOSE TORRES PIRES	GARDEN BELEZA CAFÉ MODA	MADALENA	""	SUBURBIO	COLISÃO TRANSVERSAL	1,0	1,0	0,0	0,0	0,0	0,0	0,0	0,0	0,0	1,0	0,0	Cruzamento	Bom	Não existe	Incompleta	Seca	Perfeito estado	Não existe	Não há placas	""	Única	Não existe	""	""
821	202210144,0	2022-05-06T00:00:00	""	COM VÍTIMA	FINALIZADA	IBURA	AV DOIS RIOS	550C	""	EM FRENTE A IGREJA ELSHADAY	IBURA	""	SUBURBIO	COLISÃO TRANSVERSAL	2,0	1,0	0,0	0,0	0,0	0,0	0,0	0,0	0,0	1,0	0,0	Longo da via	Bom	Não existe	Perfeito estado	Seca	Perfeito estado	Não existe	R-6a	""	Dupla	Faixa contínua	""	""
822	202210162,0	2022-05-06T00:00:00	""	COM VÍTIMA	FINALIZADA	BOA VISTA	RUA DA SOLEDADE	170,0	RUA DO PROGRESSO	EM FRENTE A FUNDAÇÃO ALTINO VENTURA.	BOA VISTA	578,0	AV CDE DA BOA VISTA	COLISÃO TRASEIRA	1,0	1,0	0,0	0,0	0,0	0,0	0,0	0,0	0,0	1,0	0,0	Longo da via	Bom	Sem defeito	Perfeito estado	Seca	Perfeito estado	Faixa de pedestre	Outras	30 km/h	Única	Não existe	""	""
823	202210166,0	2022-05-06T00:00:00	""	COM VÍTIMA	FINALIZADA	SANTO AMARO	AV GOVERNADOR AGAMENON MAGALHAES	""	""	EM FRENTE AO SHOPPING TACARUNA SENT. BOA VIAGEM. ANTIGA FÁBRICA TACARUNA.	SANTO AMARO	""	CIDADE	QUEDA	0,0	0,0	1,0	0,0	0,0	0,0	0,0	0,0	0,0	1,0	0,0	Longo da via	Bom	Não existe	Perfeito estado	""	Mal conservada	Não existe	Não há placas	60 km/h	Dupla	Faixa seccionada	Canteiro central	""
824	202210176,0	2022-05-06T00:00:00	""	COM VÍTIMA	FINALIZADA	TORRÕES	AV ENGENHEIRO ABDIAS DE CARVALHO	""	""	PROX AO GIROURO DA CHESF S/T SAN MARTIN NO SEMAFORO 375. LADO OPOSTO AO KIYOI GALETOS.	TORRÕES	375,0	CIDADE	ATROPELAMENTO DE PESSOA	0,0	1,0	0,0	0,0	1,0	0,0	0,0	0,0	0,0	1,0	0,0	Longo da via	Bom	Sem defeito	Perfeito estado	Seca	Perfeito estado	Faixa de pedestre	Não há placas	60 km/h	Única	Canteiro central	""	""
825	202210183,0	2022-05-06T00:00:00	""	COM VÍTIMA	FINALIZADA	SÃO JOSÉ	C SANTA RITA	""	""	""	SÃO JOSÉ	""	""	QUEDA	0,0	1,0	0,0	0,0	0,0	0,0	0,0	0,0	0,0	1,0	0,0	""	""	""	""	""	""	""	""	""	""	""	""	""
826	202210197,0	2022-05-06T00:00:00	""	COM VÍTIMA	FINALIZADA	SANTO AMARO	AV GOVERNADOR AGAMENON MAGALHAES	""	""	SOBRE O VIADUTO DA AV JOÃO DE BARROS	SANTO AMARO	""	OLINDA	ATROPELAMENTO DE PESSOA	0,0	1,0	0,0	0,0	1,0	0,0	0,0	0,0	0,0	2,0	0,0	Viaduto	Bom	Não existe	Perfeito estado	Seca	Perfeito estado	Não existe	R-32	60 km/h	Dupla	Faixa contínua	Faixa seccionada	Canteiro central
827	202210226,0	2022-05-06T00:00:00	""	COM VÍTIMA	FINALIZADA	APIPUCOS	RUA DE APIPUCOS	""	""	EM FRENTE AO ARCADIA RECEPÇÕES.	APIPUCOS	""	CIDADE	COLISÃO LATERAL	1,0	1,0	0,0	0,0	0,0	0,0	0,0	0,0	0,0	2,0	0,0	Longo da via	Bom	Não existe	Perfeito estado	Seca	Perfeito estado	Não existe	Não há placas	""	Dupla	Faixa contínua	""	""
828	202210245,0	2022-05-07T00:00:00	""	COM VÍTIMA	FINALIZADA	BAIRRO DO RECIFE	CAIS DO APOLO	""	AV MILITAR	EM FRENTE AO ESTACIONAMENTO DA PREFEITURA.	BAIRRO DO RECIFE	436,0	CIDADE	QUEDA	0,0	1,0	0,0	0,0	0,0	0,0	0,0	0,0	0,0	1,0	0,0	Cruzamento	Bom	Sem defeito	Perfeito estado	Seca	Perfeito estado	Faixa de pedestre	Outras	""	Única	Faixa contínua	""	""
829	202210258,0	2022-05-07T00:00:00	""	COM VÍTIMA	FINALIZADA	JARDIM SÃO PAULO	RUA LEANDRO BARRETO	533,0	""	EM FRENTE À PADARIA LA ROQUE	JARDIM SÃO PAULO	""	SUBURBIO	QUEDA	0,0	1,0	0,0	0,0	0,0	0,0	0,0	0,0	0,0	1,0	0,0	Longo da via	Chuvoso	Não existe	Ilegível	Molhada	Mal conservada	Não existe	Não há placas	40 km/h	Dupla	Faixa contínua	""	""
830	202210264,0	2022-05-07T00:00:00	""	SEM VÍTIMA	FINALIZADA	TAMARINEIRA	RUA GUIMARAES PEIXOTO	80,0	""	EM FRENTE A ACADEMIA CROSS BOX	TAMARINEIRA	""	""	COLISÃO LATERAL	1,0	0,0	0,0	0,0	0,0	0,0	1,0	0,0	0,0	0,0	0,0	Longo da via	Chuvoso	Não existe	Perfeito estado	Molhada	Perfeito estado	""	""	20km/h	Única	Não existe	""	""
831	202210284,0	2022-05-07T00:00:00	""	COM VÍTIMA	FINALIZADA	JAQUEIRA	AV RUI BARBOSA	405,0	RUA DEPUTADO PEDRO PIRES FERREIRA	PARQUE DA JAQUEIRA	JAQUEIRA	""	""	COLISÃO LATERAL	1,0	1,0	0,0	0,0	0,0	0,0	0,0	0,0	0,0	1,0	0,0	Cruzamento	Bom	Não existe	Perfeito estado	Molhada	Perfeito estado	Faixa de pedestre	R-6a	""	Única	Faixa contínua	""	""
832	202210296,0	2022-05-07T00:00:00	""	COM VÍTIMA	FINALIZADA	TAMARINEIRA	AV NORTE MIGUEL ARRAES DE ALENCAR	""	RUA CONEGO BARATA	PROXIMO A FERREIRA COSTA. ATALANTA COLCHÕES	TAMARINEIRA	62,0	""	COLISÃO TRANSVERSAL	1,0	1,0	0,0	0,0	0,0	0,0	0,0	0,0	0,0	1,0	0,0	Cruzamento	Bom	Sem defeito	Perfeito estado	Seca	Perfeito estado	Faixa de retenção	Outras	60 km/h	Dupla	Blocos	""	""
833	202210333,0	2022-05-08T00:00:00	""	COM VÍTIMA	FINALIZADA	CAXANGÁ	AV CAXANGA	653,0	""	EM FRENTE AO COMPAZ MIGUEL ARRAES.	CAXANGÁ	489,0	CIDADE	COLISÃO TRASEIRA	1,0	1,0	0,0	0,0	0,0	0,0	0,0	0,0	0,0	2,0	0,0	Longo da via	Bom	Sem defeito	Incompleta	Seca	Perfeito estado	Agente	Não há placas	60 km/h	Única	Não existe	""	""
834	202210344,0	2022-05-08T00:00:00	""	COM VÍTIMA	FINALIZADA	JORDÃO	AV DONA CARENTINA	1479,0	RUA ATALAIA	E/F A CAIXA D'ÁGUA. LADO OPOSTO AO Nº 1479.	JORDÃO	""	SUBURBIO	COLISÃO LATERAL	1,0	1,0	0,0	0,0	0,0	0,0	0,0	0,0	0,0	1,0	0,0	Longo da via	Bom	Não existe	Incompleta	Seca	Mal conservada	Não existe	R-6a	""	Dupla	Não existe	""	""
835	202210346,0	2022-05-08T00:00:00	""	SEM VÍTIMA	FINALIZADA	SÃO JOSÉ	RUA IMPERIAL	1898,0	""	E/F A PREVENÇÃO EXTINTORES	SÃO JOSÉ	""	""	COLISÃO LATERAL	0,0	1,0	0,0	0,0	0,0	0,0	0,0	1,0	0,0	0,0	0,0	Cruzamento	Bom	Não existe	Perfeito estado	Seca	Perfeito estado	Não existe	Não há placas	60km/h	Única	Faixa seccionada	""	""
836	202210354,0	2022-05-08T00:00:00	""	SEM VÍTIMA	FINALIZADA	BONGI	RUA ISAAC MARKMAN	""	""	ENFRENTE A UPINHA DO BONGI	BONGI	""	""	COLISÃO LATERAL	2,0	0,0	0,0	0,0	0,0	0,0	0,0	0,0	0,0	0,0	0,0	""	""	""	""	""	""	""	""	""	""	""	""	""
837	202210355,0	2022-05-08T00:00:00	""	SEM VÍTIMA	FINALIZADA	ÁGUA FRIA	RUA EGAS MUNIZ	206,0	""	LA LADEIRA DO BATUTA	ÁGUA FRIA	""	""	CHOQUE	1,0	0,0	0,0	0,0	0,0	0,0	0,0	0,0	0,0	0,0	0,0	""	""	""	""	""	""	""	""	""	""	""	""	""
838	202210361,0	2022-05-08T00:00:00	""	COM VÍTIMA	FINALIZADA	IMBIRIBEIRA	AV MARECHAL MASCARENHAS DE MORAES	6133,0	""	EMBAIXO DA ALÇA DE RETORNO / EM FRENTE AO ESTACIONAMENTO RECIFE PARK	IMBIRIBEIRA	""	CIDADE	CHOQUE	0,0	1,0	0,0	0,0	0,0	0,0	0,0	0,0	0,0	1,0	0,0	Longo da via	Bom	Não existe	Não existente	Seca	Perfeito estado	Não existe	Não há placas	""	Única	Não existe	""	""
839	202210369,0	2022-05-08T00:00:00	""	COM VÍTIMA	FINALIZADA	BOA VIAGEM	RUA SA E SOUZA	245,0	""	PRÓX A PADARIA SANTA ROSA. ESCRITÓRIO CARVALHO E ANDRADE.	BOA VIAGEM	""	CIDADE	COLISÃO LATERAL	1,0	1,0	0,0	0,0	0,0	0,0	0,0	0,0	0,0	1,0	0,0	Longo da via	Chuvoso	Não existe	Perfeito estado	Molhada	Perfeito estado	Não existe	Não há placas	""	Dupla	Faixa seccionada	""	""
840	202210375,0	2022-05-09T00:00:00	""	COM VÍTIMA	FINALIZADA	IPUTINGA	AV CAXANGA	""	""	SOB O VIADUTO	IPUTINGA	""	""	CHOQUE	1,0	0,0	0,0	0,0	0,0	0,0	0,0	0,0	0,0	1,0	0,0	""	""	""	""	""	""	""	""	""	""	""	""	""
841	202210389,0	2022-05-09T00:00:00	""	COM VÍTIMA	FINALIZADA	DOIS UNIDOS	AV HILDEBRANDO DE VASCONCELOS	121,0	""	PROX. AO CANIL. ACADEMIA OXY	DOIS UNIDOS	""	CIDADE	COLISÃO COM CICLISTA	0,0	0,0	0,0	1,0	0,0	1,0	0,0	0,0	0,0	1,0	0,0	Longo da via	Bom	Não existe	Não existente	Seca	Perfeito estado	Não existe	Não há placas	""	Dupla	Não existe	""	""
842	202210395,0	2022-05-09T00:00:00	""	COM VÍTIMA	FINALIZADA	IPSEP	AV RECIFE	2528,0	""	SENT. BOA VIAGEM,  EM FRENTE A AVANT MULTIMARCAS	IPSEP	""	SUBURBIO	COLISÃO LATERAL	1,0	1,0	0,0	0,0	0,0	0,0	0,0	0,0	0,0	1,0	0,0	Longo da via	Bom	Não existe	Perfeito estado	Seca	Perfeito estado	Não existe	Outras	""	Dupla	Faixa seccionada	""	""
843	202210402,0	2022-05-09T00:00:00	""	COM VÍTIMA	FINALIZADA	JARDIM SÃO PAULO	AV SAO PAULO	655,0	""	E/F A FARMACIA PAGUE MENOS	JARDIM SÃO PAULO	""	SUBURBIO	COLISÃO LATERAL	1,0	1,0	0,0	0,0	0,0	0,0	0,0	0,0	0,0	1,0	0,0	Longo da via	Bom	Não existe	Ilegível	Seca	Mal conservada	Não existe	Não há placas	""	Dupla	Faixa seccionada	""	""
844	202210421,0	2022-05-09T00:00:00	""	SEM VÍTIMA	FINALIZADA	BAIRRO DO RECIFE	AV ALFREDO LISBOA	""	""	EM FRENTE O CAIS DO SERTÃO E AO LADO DA SECRETÁRIA CIÊNCIAS E TECNOLOGIA	BAIRRO DO RECIFE	""	""	COLISÃO TRASEIRA	2,0	0,0	0,0	0,0	0,0	0,0	0,0	0,0	0,0	0,0	0,0	""	""	""	""	""	""	""	""	""	""	""	""	""
845	202210447,0	2022-05-09T00:00:00	""	COM VÍTIMA	FINALIZADA	BAIRRO DO RECIFE	AV MILITAR	70,0	""	EM FRENTE AO MUSEU MILITAR DO FORTE DO BRUM	BAIRRO DO RECIFE	""	SUBURBIO	COLISÃO TRANSVERSAL	1,0	1,0	0,0	0,0	0,0	0,0	0,0	0,0	0,0	1,0	0,0	Longo da via	Bom	Não existe	Perfeito estado	Seca	Perfeito estado	Não existe	Outras	60 km/h	""	Faixa seccionada	""	""
846	202210450,0	2022-05-09T00:00:00	""	SEM VÍTIMA	FINALIZADA	SÃO JOSÉ	RUA CORACAO DE MARIA	""	""	EM FRENTE AO BATALHÃO 16º	SÃO JOSÉ	""	""	COLISÃO TRASEIRA	1,0	0,0	0,0	0,0	0,0	0,0	0,0	1,0	0,0	0,0	0,0	Longo da via	Bom	Não existe	Perfeito estado	Seca	Perfeito estado	Não existe	Outras	""	Dupla	Canteiro central	""	""
847	202210474,0	2022-05-09T00:00:00	""	COM VÍTIMA	CANCELADA	IMBIRIBEIRA	AV RECIFE	""	""	E/F AO  RESTAURANTE SAL E BRASA	IMBIRIBEIRA	""	""	COLISÃO LATERAL	0,0	1,0	0,0	0,0	0,0	0,0	1,0	0,0	0,0	1,0	0,0	""	""	""	""	""	""	""	""	""	""	""	""	""
848	202210509,0	2022-05-10T00:00:00	""	COM VÍTIMA	FINALIZADA	CORDEIRO	RUA DR JOAO LACERDA	588,0	RUA TEOTONIO FREIRE	PRÓXIMO AO DHPP	CORDEIRO	""	SUBURBIO	COLISÃO TRANSVERSAL	1,0	1,0	0,0	0,0	0,0	0,0	0,0	0,0	0,0	1,0	0,0	Cruzamento	Chuvoso	Não existe	Perfeito estado	Molhada	Perfeito estado	Não existe	"Placas ""Pare"""	""	Dupla	Não existe	""	""
849	202210564,0	2022-05-10T00:00:00	""	SEM VÍTIMA	FINALIZADA	SOLEDADE	AV JOAO DE BARROS	""	""	DESCIDA DO VIADUTO S/T OLINDA - PISTA LOCAL PRÓX. À POLICLÍNICA AGAMENON MAGALHÃES	SOLEDADE	""	""	COLISÃO LATERAL	2,0	0,0	0,0	0,0	0,0	0,0	0,0	0,0	0,0	0,0	0,0	Longo da via	Bom	Não existe	Perfeito estado	Seca	Perfeito estado	""	""	""	Única	Canteiro central	""	""
850	202210569,0	2022-05-10T00:00:00	""	COM VÍTIMA	FINALIZADA	PORTO DA MADEIRA	RUA DALVA DE OLIVEIRA	257,0	RUA NOVA ESPERANCA	E/F A IGREJA BATISTA DO VALE	PORTO DA MADEIRA	""	CIDADE	COLISÃO TRANSVERSAL	1,0	1,0	0,0	0,0	0,0	0,0	0,0	0,0	0,0	1,0	0,0	Cruzamento	Bom	Não existe	Incompleta	Seca	Perfeito estado	Não existe	Outras	""	Dupla	Não existe	""	""
851	202210582,0	2022-05-10T00:00:00	""	SEM VÍTIMA	FINALIZADA	ÁGUA FRIA	RUA JORNALISTA JOSE CAMPELO JUNIOR	892,0	""	PROX A PIZZARIA VICIOS	ÁGUA FRIA	""	""	CHOQUE	0,0	0,0	0,0	0,0	0,0	0,0	1,0	0,0	0,0	0,0	0,0	Longo da via	Bom	Não existe	Perfeito estado	Seca	Perfeito estado	Não existe	Não há placas	""	Dupla	Não existe	Faixa contínua	""
852	202210596,0	2022-05-11T00:00:00	""	COM VÍTIMA	FINALIZADA	BOA VISTA	RUA DA UNIAO	410,0	RUA MAMEDE SIMOES	""	BOA VISTA	""	CIDADE	COLISÃO TRANSVERSAL	1,0	1,0	0,0	0,0	0,0	0,0	0,0	0,0	0,0	1,0	0,0	Cruzamento	Chuvoso	Não existe	Perfeito estado	Molhada	Perfeito estado	Não existe	"Placas ""Pare"""	""	Única	Não existe	""	""
853	202210597,0	2022-05-11T00:00:00	""	SEM VÍTIMA	FINALIZADA	CAXANGÁ	AV CAXANGA	""	""	EM FRENTE A ASSEMBLEIA DE DEUS	CAXANGÁ	232,0	CIDADE	COLISÃO LATERAL	1,0	0,0	0,0	0,0	0,0	0,0	0,0	1,0	0,0	0,0	0,0	Esquina	Bom	Sem defeito	Perfeito estado	Seca	Perfeito estado	Faixa de pedestre	Outras	""	Dupla	Faixa seccionada	""	""
854	202210600,0	2022-05-11T00:00:00	""	COM VÍTIMA	FINALIZADA	COELHOS	RUA DOS COELHOS	""	""	DESCIDA DA PONTE DA PONTE JOAQUIM CARDOSO. UNIDADE BÁSICA DA FAMÍLIA 1	COELHOS	""	CIDADE	QUEDA	0,0	1,0	0,0	0,0	1,0	0,0	0,0	0,0	0,0	1,0	0,0	Longo da via	Chuvoso	Não existe	Perfeito estado	Molhada	Perfeito estado	Faixa de pedestre	Outras	""	Dupla	Canteiro central	""	""
855	202210607,0	2022-05-11T00:00:00	""	SEM VÍTIMA	FINALIZADA	JARDIM SÃO PAULO	RUA DR HOLMES DO REGO BARROS	742,0	""	RUA E/F AO COLÉGIO PLANTE INFANTIL	JARDIM SÃO PAULO	""	""	COLISÃO LATERAL	1,0	0,0	0,0	0,0	0,0	0,0	1,0	0,0	0,0	0,0	0,0	Longo da via	Bom	Não existe	Não existente	Molhada	Mal iluminada	Não existe	Não há placas	""	Dupla	Não existe	""	""
856	202210613,0	2022-05-11T00:00:00	""	COM VÍTIMA	FINALIZADA	CAXANGÁ	AV CAXANGA	""	AV PROFESSOR MORAES REGO	EMBAIXO DO VIADUTO. EM FRENTE AO TERMINAL SEVERINO LUIZ NUNES PEREIRA - GRANDE RECIFE.	CAXANGÁ	""	CIDADE	QUEDA	0,0	1,0	0,0	0,0	0,0	0,0	0,0	0,0	0,0	1,0	0,0	Longo da via	Bom	Sem defeito	Perfeito estado	Oleosa	Perfeito estado	Não existe	Outras	""	Dupla	Faixa seccionada	""	""
857	202210623,0	2022-05-11T00:00:00	""	SEM VÍTIMA	FINALIZADA	MADALENA	RUA REAL DA TORRE	562,0	""	E/F AO MERCADO DA MADALENA	MADALENA	""	""	COLISÃO LATERAL	1,0	0,0	0,0	0,0	0,0	0,0	0,0	1,0	0,0	0,0	0,0	Esquina	Chuvoso	Não existe	Perfeito estado	Molhada	Perfeito estado	Não existe	""	""	Única	Faixa seccionada	""	""
858	202210640,0	2022-05-11T00:00:00	""	COM VÍTIMA	FINALIZADA	IMBIRIBEIRA	RUA ARQUITETO LUIZ NUNES	673,0	""	EM FRENTE A ESCOLA PINHEIROS / PROX  A LAGOA DO ARAÇA	IMBIRIBEIRA	560,0	CIDADE	ATROPELAMENTO DE PESSOA	1,0	0,0	0,0	0,0	1,0	0,0	0,0	0,0	0,0	1,0	0,0	Longo da via	Bom	Sem defeito	Perfeito estado	Seca	Perfeito estado	Faixa de pedestre	R-19	30 km/h	Dupla	Faixa contínua	""	""
859	202210656,0	2022-05-11T00:00:00	""	COM VÍTIMA	FINALIZADA	BOA VIAGEM	RUA DOS NAVEGANTES	2621,0	""	EM FRENTE AO EDIFICIO PORTAL DOS NAVEGANTES	BOA VIAGEM	""	SUBURBIO	COLISÃO TRANSVERSAL	2,0	1,0	0,0	0,0	0,0	0,0	0,0	0,0	0,0	1,0	0,0	Longo da via	Bom	Não existe	Perfeito estado	Seca	Perfeito estado	Não existe	Não há placas	""	Única	Não existe	""	""
860	202210657,0	2022-05-11T00:00:00	""	SEM VÍTIMA	FINALIZADA	BOA VISTA	RUA DA UNIAO	397,0	""	EM FRENTE À ASSEMBLEIA LEGISLATIVA	BOA VISTA	""	""	COLISÃO LATERAL	2,0	0,0	0,0	0,0	0,0	0,0	0,0	0,0	0,0	0,0	0,0	Cruzamento	Bom	Não existe	Perfeito estado	Seca	Perfeito estado	Não existe	"Placas ""Pare"""	""	Única	Não existe	""	""
861	202210672,0	2022-05-11T00:00:00	""	COM VÍTIMA	FINALIZADA	PRADO	RUA RODRIGUES DE MENDONCA	31,0	RUA PANDIA CALOGERAS	ESPAÇO BELEZA NATALIA GALDINO	PRADO	""	CIDADE	COLISÃO TRANSVERSAL	0,0	2,0	0,0	0,0	0,0	0,0	0,0	0,0	0,0	1,0	0,0	Cruzamento	Bom	Não existe	Perfeito estado	Seca	Perfeito estado	Não existe	Outras	""	Única	Não existe	""	""
862	202210697,0	2022-05-11T00:00:00	""	COM VÍTIMA	FINALIZADA	MONTEIRO	AV DEZESSETE DE AGOSTO	261,0	""	PRÓX AO AÇUDE DE APIPUCOS. EDF. ENGENHO APIPUCOS.	MONTEIRO	""	""	COLISÃO TRASEIRA	1,0	2,0	0,0	0,0	0,0	0,0	0,0	0,0	0,0	1,0	0,0	Longo da via	Bom	Não existe	Perfeito estado	Seca	Perfeito estado	Não existe	Outras	""	Dupla	Faixa contínua	""	""
863	202210721,0	2022-05-12T00:00:00	""	SEM VÍTIMA	FINALIZADA	BOA VIAGEM	RUA ERNESTO DE PAULA SANTOS	1368,0	""	EMPRESARIAL ERNESTO DE PAULA SANTOS	BOA VIAGEM	""	""	COLISÃO LATERAL	1,0	1,0	0,0	0,0	0,0	0,0	0,0	0,0	0,0	0,0	0,0	""	""	""	""	""	""	""	""	""	""	""	""	""
864	202210752,0	2022-05-12T00:00:00	""	COM VÍTIMA	FINALIZADA	PAISSANDU	AV GOVERNADOR AGAMENON MAGALHAES	""	""	APÓS O SEMÁFORO 068 SENTIDO BOA VIAGEM	PAISSANDU	""	BOA VIAGEM	COLISÃO TRASEIRA	1,0	1,0	0,0	0,0	0,0	0,0	0,0	0,0	0,0	1,0	0,0	Longo da via	Bom	Sem defeito	Perfeito estado	Seca	Perfeito estado	Agente	Outras	60 km/h	Única	Canteiro central	""	""
865	202210756,0	2022-05-12T00:00:00	""	COM VÍTIMA	FINALIZADA	CAMPO GRANDE	RUA ODORICO MENDES	188,0	RUA VISCONDE DE CAIRU	PRÓX. AO CLUBE DAS PÁS E LOJAS IMPÉRIO	CAMPO GRANDE	""	CIDADE	COLISÃO TRANSVERSAL	1,0	1,0	0,0	0,0	0,0	0,0	0,0	0,0	0,0	1,0	0,0	Cruzamento	Bom	Não existe	Perfeito estado	Seca	Perfeito estado	Não existe	Não há placas	""	Dupla	Faixa	""	""
866	202210761,0	2022-05-12T00:00:00	""	COM VÍTIMA	FINALIZADA	BOA VIAGEM	AV ENGENHEIRO DOMINGOS FERREIRA	3704,0	""	E/F A ESCOLA DE GASTRONOMIA E CONFEITARIA. EM FRENTE A IGA.	BOA VIAGEM	""	SUBURBIO	COLISÃO TRASEIRA	1,0	1,0	0,0	0,0	0,0	0,0	0,0	0,0	0,0	1,0	0,0	Longo da via	Bom	Não existe	Perfeito estado	Seca	Perfeito estado	Não existe	Outras	60 km/h	Única	Faixa seccionada	""	""