_id	Protocolo	data	hora	natureza	situacao	bairro	endereco	numero	detalhe_endereco_acidente	complemento	bairro_cruzamento	num_semaforo	sentido_via	tipo	auto	moto	ciclom	ciclista	pedestre	onibus	caminhao	viatura	outros	vitimas	vitimasfatais	acidente_verificado	tempo_clima	situacao_semaforo	sinalizacao	condicao_via	conservacao_via	ponto_controle	situacao_placa	velocidade_max_via	mao_direcao	divisao_via1	divisao_via2	divisao_via3
867	202210764,0	2022-05-12T00:00:00	""	COM VÍTIMA	FINALIZADA	SANTO AMARO	RUA DO HOSPICIO	""	RUA JOAO LIRA	PROXIMO AO MINISTERIO PUBLICO. PARQUE TREZE DE MAIO.	SANTO AMARO	32,0	SUBURBIO	COLISÃO TRANSVERSAL	1,0	1,0	0,0	0,0	0,0	0,0	0,0	0,0	0,0	1,0	0,0	Cruzamento	Chuvoso	Sem defeito	Perfeito estado	Molhada	Perfeito estado	Faixa de pedestre	Outras	""	Dupla	Faixa seccionada	Blocos	""
868	202210769,0	2022-05-12T00:00:00	""	COM VÍTIMA	FINALIZADA	ARRUDA	AV BEBERIBE	1253,0	RUA BOLIVAR	E/F AOP ESTADIO DO SANTA CRUZ . LADO OPOSTO À LOJA COBRA CORAL.	ARRUDA	""	CIDADE	COLISÃO LATERAL	1,0	1,0	0,0	0,0	0,0	0,0	0,0	0,0	0,0	1,0	0,0	Cruzamento	Bom	Não existe	Perfeito estado	Seca	Perfeito estado	Não existe	R-6a	60 km/h	Dupla	Faixa contínua	Faixa seccionada	""
869	202210774,0	2022-05-12T00:00:00	""	COM VÍTIMA	FINALIZADA	BOA VISTA	AV GOVERNADOR AGAMENON MAGALHAES	1387,0	""	EM FRENTE A FARMACIA DROGASIL/ SENTIDO OLINDA	BOA VISTA	174,0	SUBURBIO	COLISÃO TRASEIRA	1,0	1,0	0,0	0,0	0,0	0,0	0,0	0,0	0,0	1,0	0,0	Longo da via	Bom	Não existe	Perfeito estado	Molhada	Perfeito estado	Não existe	Não há placas	60 km/h	Única	Faixa seccionada	""	""
870	202210785,0	2022-05-12T00:00:00	""	COM VÍTIMA	FINALIZADA	IPUTINGA	RUA QUIPAPA	222,0	""	AO LADO DO MOTEL ÁPICE	IPUTINGA	""	SUBURBIO	COLISÃO LATERAL	0,0	1,0	0,0	0,0	0,0	1,0	0,0	0,0	0,0	1,0	0,0	Longo da via	Chuvoso	Não existe	Perfeito estado	Molhada	Perfeito estado	Não existe	Não há placas	""	Única	Não existe	""	""
871	202210786,0	2022-05-12T00:00:00	""	COM VÍTIMA	FINALIZADA	BOA VIAGEM	RUA JOAO CARDOSO AIRES	600,0	RUA ALMIRANTE BATISTA LEAO	EM FRENTE AO PARQUE DA PIZZA	BOA VIAGEM	""	SUBURBIO	COLISÃO LATERAL	1,0	1,0	0,0	0,0	0,0	0,0	0,0	0,0	0,0	1,0	0,0	Cruzamento	Bom	Não existe	Perfeito estado	Seca	Perfeito estado	Não existe	Outras	""	Única	Outros	""	""
872	202210802,0	2022-05-13T00:00:00	""	COM VÍTIMA	FINALIZADA	ESTÂNCIA	AV RECIFE	5388,0	""	VIADUTO ULISSES GUIMARÃES. AO LADO DO HÉLIO SOM	ESTÂNCIA	""	CIDADE	COLISÃO LATERAL	2,0	1,0	0,0	0,0	0,0	0,0	0,0	0,0	0,0	2,0	0,0	Longo da via	Chuvoso	Não existe	Perfeito estado	Molhada	Perfeito estado	Não existe	Não há placas	""	Única	Faixa seccionada	""	""
873	202210833,0	2022-05-13T00:00:00	""	COM VÍTIMA	FINALIZADA	GRAÇAS	AV RUI BARBOSA	""	RUA ALBERTO PAIVA	EM FRENTE AO MUSEU DO ESTADO	GRAÇAS	305,0	""	COLISÃO TRASEIRA	1,0	1,0	0,0	0,0	0,0	0,0	0,0	0,0	0,0	1,0	0,0	""	""	""	""	""	""	""	""	""	""	""	""	""
874	202210860,0	2022-05-13T00:00:00	""	COM VÍTIMA	FINALIZADA	ENCRUZILHADA	AV BEBERIBE	""	RUA PEDRO ALVES	ESQUINA DA FARMÁCIA DROGASIL	ENCRUZILHADA	186,0	SUBURBIO	COLISÃO TRANSVERSAL	1,0	1,0	0,0	0,0	0,0	0,0	0,0	0,0	0,0	1,0	0,0	Cruzamento	Bom	Sem defeito	Perfeito estado	Seca	Perfeito estado	Faixa de pedestre	R-6a	40 km/h	Dupla	Faixa contínua	""	""
875	202210861,0	2022-05-13T00:00:00	""	COM VÍTIMA	FINALIZADA	PINA	AV BOA VIAGEM	328,0	""	EM FRENTE AO EDIFICIO ARAUCARIA	PINA	119,0	CIDADE	COLISÃO LATERAL	1,0	1,0	0,0	0,0	0,0	0,0	0,0	0,0	0,0	1,0	0,0	Longo da via	Bom	Sem defeito	Perfeito estado	Seca	Perfeito estado	Faixa de retenção	Não há placas	60 km/h	Única	Faixa contínua	""	""
876	202210868,0	2022-05-13T00:00:00	""	COM VÍTIMA	FINALIZADA	SÃO JOSÉ	VDO DAS CINCO PONTAS	""	""	""	SÃO JOSÉ	""	""	QUEDA	0,0	0,0	0,0	1,0	0,0	0,0	0,0	0,0	0,0	1,0	0,0	""	""	""	""	""	""	""	""	""	""	""	""	""
877	202210871,0	2022-05-13T00:00:00	""	COM VÍTIMA	FINALIZADA	AFOGADOS	RUA SAO MIGUEL	1331,0	""	EM FRENTE AO BODE DO NÓ	AFOGADOS	""	""	COLISÃO LATERAL	0,0	0,0	0,0	0,0	0,0	0,0	0,0	0,0	0,0	1,0	0,0	""	""	""	""	""	""	""	""	""	""	""	""	""
878	202210883,0	2022-05-13T00:00:00	""	COM VÍTIMA	FINALIZADA	MADALENA	AV ENGENHEIRO ABDIAS DE CARVALHO	""	EST DOS REMEDIOS	E/F AO BOBS  E FARMACIA INDEPENDENTE / SEMÁFORO 052	MADALENA	52,0	SUBURBIO	COLISÃO TRANSVERSAL	0,0	1,0	0,0	0,0	0,0	0,0	0,0	0,0	1,0	1,0	0,0	Cruzamento	Bom	Sem defeito	Perfeito estado	Seca	Perfeito estado	Faixa de pedestre	Não há placas	""	Dupla	Canteiro central	""	""
879	202210890,0	2022-05-13T00:00:00	""	SEM VÍTIMA	FINALIZADA	BOA VISTA	AV MANOEL BORBA	""	""	COM A RUA JOSÉ DE ALENCAR	BOA VISTA	""	""	COLISÃO LATERAL	2,0	0,0	0,0	0,0	0,0	0,0	0,0	0,0	0,0	0,0	0,0	""	""	""	""	""	""	""	""	""	""	""	""	""
880	202210893,0	2022-05-14T00:00:00	""	VÍTIMA FATAL	FINALIZADA	CORDEIRO	AV MAURICIO DE NASSAU	""	""	POR TRAS DO PARQUE DE EXPOSIÇÃO DO CORDEIRO	CORDEIRO	""	SUBURBIO	CHOQUE	1,0	0,0	0,0	0,0	0,0	0,0	0,0	0,0	0,0	1,0	1,0	Outros	Chuvoso	Não existe	Perfeito estado	Molhada	Perfeito estado	Não existe	Outras	""	Dupla	Faixa contínua	""	""
881	202210905,0	2022-05-14T00:00:00	""	COM VÍTIMA	FINALIZADA	AFOGADOS	EST DOS REMEDIOS	879,0	RUA CRISOPOLIS	EM FRENTE O POSTO PETROBAHIA	AFOGADOS	""	CIDADE	COLISÃO LATERAL	1,0	1,0	0,0	0,0	0,0	0,0	0,0	0,0	0,0	1,0	0,0	Longo da via	Chuvoso	Não existe	Perfeito estado	Molhada	Perfeito estado	Não existe	R-6a	""	Única	Faixa seccionada	""	""
882	202210910,0	2022-05-14T00:00:00	""	COM VÍTIMA	FINALIZADA	BOA VISTA	AV CONDE DA BOA VISTA	""	RUA DA SAUDADE	BANCO BRADESCO	BOA VISTA	""	SUBURBIO	COLISÃO LATERAL	1,0	1,0	0,0	0,0	0,0	0,0	0,0	0,0	0,0	1,0	0,0	Longo da via	Chuvoso	Sem defeito	Perfeito estado	Molhada	Perfeito estado	Não existe	R-6c	40 km/h	Dupla	Faixa seccionada	Canteiro central	""
883	202210915,0	2022-05-14T00:00:00	""	COM VÍTIMA	FINALIZADA	ROSARINHO	AV NORTE MIGUEL ARRAES DE ALENCAR	""	""	""	ROSARINHO	""	""	COLISÃO LATERAL	1,0	1,0	0,0	0,0	0,0	0,0	0,0	0,0	0,0	1,0	0,0	""	""	""	""	""	""	""	""	""	""	""	""	""
884	202210923,0	2022-05-14T00:00:00	""	COM VÍTIMA	FINALIZADA	TOTÓ	RUA PAULINO DE FARIAS	591,0	""	LOJA DE ROUPAS MARIA FLOR MODAS	TOTÓ	""	AV LIBERDADE	QUEDA	0,0	1,0	0,0	0,0	0,0	0,0	0,0	0,0	0,0	2,0	0,0	Longo da via	Bom	Não existe	Perfeito estado	Seca	Perfeito estado	Não existe	R-6a	""	Dupla	Não existe	""	""
885	202210931,0	2022-05-14T00:00:00	""	COM VÍTIMA	FINALIZADA	TEJIPIÓ	RUA FALCAO DE LACERDA	338,0	""	EM FRENTE AO CARTORIO, PROX. AO CENTER GOSPEL	TEJIPIÓ	""	SUBURBIO	COLISÃO LATERAL	2,0	1,0	0,0	0,0	0,0	0,0	0,0	0,0	0,0	1,0	0,0	Longo da via	Bom	Não existe	Perfeito estado	Seca	Mal conservada	Não existe	Não há placas	""	Dupla	Faixa contínua	""	""
886	202210953,0	2022-05-14T00:00:00	""	COM VÍTIMA	FINALIZADA	BOA VIAGEM	AVENIDA CELSO FURTADO (VIA MANGUE)	""	""	NA BIFURGAÇAO. PRÓXIMO AO LÊ PARK	BOA VIAGEM	""	SUBURBIO	COLISÃO LATERAL	1,0	1,0	0,0	0,0	0,0	0,0	0,0	0,0	0,0	2,0	0,0	Viaduto	Bom	Não existe	Incompleta	Seca	""	Não existe	Não há placas	""	Dupla	Faixa seccionada	""	""
887	202210963,0	2022-05-14T00:00:00	""	SEM VÍTIMA	FINALIZADA	CAMPO GRANDE	RUA MARIA AUGUSTA DE SOUZA	300,0	""	PROX A ESCOLA JANDIRA BOTELHO	CAMPO GRANDE	""	""	COLISÃO LATERAL	2,0	0,0	0,0	0,0	0,0	0,0	0,0	0,0	0,0	0,0	0,0	""	""	""	""	""	""	""	""	""	""	""	""	""
888	202210975,0	2022-05-14T00:00:00	""	COM VÍTIMA	FINALIZADA	AFOGADOS	AV SUL	2372,0	""	NA SUBIDA DA PONTE. EM FRENTE AO TROCÃO	AFOGADOS	39,0	CIDADE	COLISÃO COM CICLISTA	0,0	0,0	0,0	1,0	0,0	1,0	0,0	0,0	0,0	1,0	0,0	Longo da via	Chuvoso	Sem defeito	Perfeito estado	Molhada	Perfeito estado	Não existe	Não há placas	""	Única	Faixa seccionada	""	""
889	202210976,0	2022-05-14T00:00:00	""	SEM VÍTIMA	CANCELADA	AREIAS	AV CAPITAO GREGORIO DE CALDAS	""	""	AO LADO DO BIG BOMPREÇO	AREIAS	""	""	COLISÃO LATERAL	2,0	0,0	0,0	0,0	0,0	0,0	0,0	0,0	0,0	0,0	0,0	""	""	""	""	""	""	""	""	""	""	""	""	""
890	202210982,0	2022-05-15T00:00:00	""	COM VÍTIMA	FINALIZADA	GRAÇAS	AV GOVERNADOR AGAMENON MAGALHAES	""	RUA DR BANDEIRA FILHO	MC DONALDS	GRAÇAS	173,0	CIDADE	COLISÃO LATERAL	0,0	1,0	0,0	0,0	0,0	0,0	0,0	0,0	1,0	2,0	0,0	Cruzamento	Bom	Sem defeito	Perfeito estado	Seca	Perfeito estado	Faixa de pedestre	R-26	60 km/h	Dupla	Canteiro central	""	""
891	202210995,0	2022-05-15T00:00:00	""	COM VÍTIMA	FINALIZADA	IPSEP	AV RECIFE	4880,0	""	LADO OPOSTO AO ATACADAO  /  SENT UFPE. EM FRENTE À TAMBAÍ.	IPSEP	""	CIDADE	COLISÃO TRASEIRA	1,0	1,0	0,0	0,0	0,0	0,0	0,0	0,0	0,0	1,0	0,0	Longo da via	Chuvoso	Sem defeito	Perfeito estado	Molhada	Perfeito estado	Não existe	Não há placas	60 km/h	Dupla	Canteiro central	""	""
892	202211002,0	2022-05-15T00:00:00	""	COM VÍTIMA	FINALIZADA	BOA VIAGEM	AV CONSELHEIRO AGUIAR	1733,0	RUA SOLIDONIO LEITE	EM FRENTE A CLINICA ORTOPEDICA DE BOA VIAGEM	BOA VIAGEM	""	CIDADE	COLISÃO TRANSVERSAL	3,0	0,0	0,0	0,0	0,0	0,0	0,0	0,0	0,0	2,0	0,0	Longo da via	Bom	Não existe	Perfeito estado	Seca	Perfeito estado	Não existe	Não há placas	60 km/h	Única	Faixa seccionada	""	""
893	202211003,0	2022-05-15T00:00:00	""	COM VÍTIMA	FINALIZADA	CORDEIRO	AV GENERAL SAN MARTIN	""	RUA GOMES TABORDA	EM FRENTE À FARMÁCIA DROGASIL	CORDEIRO	67,0	""	COLISÃO LATERAL	1,0	1,0	0,0	0,0	0,0	0,0	0,0	0,0	0,0	1,0	0,0	Cruzamento	Bom	Sem defeito	Incompleta	Seca	Mal conservada	Faixa de pedestre	R-6a	""	Dupla	Faixa seccionada	""	""
894	202211013,0	2022-05-15T00:00:00	""	SEM VÍTIMA	FINALIZADA	PAISSANDU	AV GOVERNADOR AGAMENON MAGALHAES	""	RUA HENRIQUE DIAS	ANTIGO RESTAURANTE SPETTUS	PAISSANDU	68,0	""	""	1,0	0,0	0,0	0,0	0,0	0,0	0,0	1,0	0,0	0,0	0,0	Cruzamento	Bom	Sem defeito	Perfeito estado	Seca	Perfeito estado	Faixa de pedestre	R-4a	60 km/h	Dupla	Faixa contínua	""	""
895	202211017,0	2022-05-15T00:00:00	""	COM VÍTIMA	FINALIZADA	BOA VIAGEM	RUA SA E SOUZA	725,0	RUA DR LUIZ INACIO PESSOA DE MELO	PROX AO RECIFE FLAT  E/F AO EDF COSTA BLAC. APÓS O EMPRESARIAL SÁ E SOUZA.	BOA VIAGEM	""	SUBURBIO	COLISÃO TRANSVERSAL	1,0	1,0	0,0	0,0	0,0	0,0	0,0	0,0	0,0	2,0	0,0	Cruzamento	Bom	Não existe	Perfeito estado	Seca	Perfeito estado	Faixa de retenção	"Placas ""Pare"""	""	Dupla	Faixa contínua	""	""
896	202211052,0	2022-05-16T00:00:00	""	COM VÍTIMA	FINALIZADA	BONGI	EST DO BONGI	761,0	""	EM FRENTE AO BOCA LOKA LANCHES III	BONGI	""	SUBURBIO	COLISÃO TRANSVERSAL	1,0	1,0	0,0	0,0	0,0	0,0	0,0	0,0	0,0	2,0	0,0	Longo da via	Bom	Sem defeito	Perfeito estado	Seca	Perfeito estado	Não existe	R-6a	40 km/h	Dupla	Faixa contínua	""	""
897	202211095,0	2022-05-16T00:00:00	""	COM VÍTIMA	DUPLICIDADE	ROSARINHO	AV SANTOS DUMONT	960,0	""	EM FRENTE A PRAÇA DO ROSARINHO	ROSARINHO	""	""	QUEDA	0,0	1,0	0,0	0,0	0,0	0,0	0,0	0,0	0,0	1,0	0,0	""	""	""	""	""	""	""	""	""	""	""	""	""
898	202211101,0	2022-05-16T00:00:00	""	COM VÍTIMA	FINALIZADA	ROSARINHO	AV SANTOS DUMONT	960,0	RUA AMARO COUTINHO	PRAÇA PHAELANTE DA CÂMARA.	ROSARINHO	""	SUBURBIO	COLISÃO LATERAL	1,0	1,0	0,0	0,0	0,0	0,0	0,0	0,0	0,0	1,0	0,0	Cruzamento	Bom	Não existe	Perfeito estado	Seca	Perfeito estado	Não existe	"Placas ""Pare"""	40 km/h	Única	Faixa seccionada	""	""
899	202211106,0	2022-05-16T00:00:00	""	COM VÍTIMA	FINALIZADA	CURADO	RUA DR GEORGE WILLIAM BUTLER	675 / 51C	""	EM FRENTE A ROCA BRASIL (GROUPE)	CURADO	""	CIDADE	COLISÃO FRONTAL	0,0	1,0	0,0	0,0	0,0	1,0	0,0	0,0	0,0	1,0	0,0	Longo da via	Bom	Não existe	Incompleta	Seca	Perfeito estado	Não existe	Não há placas	""	Dupla	Não existe	""	""
900	202211114,0	2022-05-16T00:00:00	""	COM VÍTIMA	FINALIZADA	SANTO AMARO	AV NORTE MIGUEL ARRAES DE ALENCAR	""	RUA AURORA	EM CIMA DA PONTE	SANTO AMARO	243,0	SUBURBIO	COLISÃO COM CICLISTA	1,0	0,0	0,0	1,0	0,0	0,0	0,0	0,0	0,0	1,0	0,0	Cruzamento	Bom	Sem defeito	Perfeito estado	Seca	Perfeito estado	Faixa de pedestre	R-6a	""	Dupla	Faixa seccionada	Canteiro central	""
901	202211133,0	2022-05-17T00:00:00	""	COM VÍTIMA	FINALIZADA	CORDEIRO	AV CAXANGA	1052,0	""	EM FRENTE A CAIXA ECONÔMICA, SENTIDO CAMARAGIBE. LADO OPOSTO À LOCALIZA SEMINOVOS.	CORDEIRO	""	SUBURBIO	COLISÃO TRASEIRA	1,0	0,0	1,0	0,0	0,0	0,0	0,0	0,0	0,0	1,0	0,0	Longo da via	Bom	Sem defeito	Perfeito estado	Seca	Perfeito estado	Não existe	Outras	""	Dupla	Faixa seccionada	""	""
902	202211135,0	2022-05-17T00:00:00	""	COM VÍTIMA	FINALIZADA	CASA AMARELA	AV NORTE MIGUEL ARRAES DE ALENCAR	""	""	EM FRENTE AO REI DA PINCANHA, SENT. MACAXEIRA	CASA AMARELA	677,0	SUBURBIO	COLISÃO LATERAL	1,0	1,0	0,0	0,0	0,0	0,0	0,0	0,0	0,0	1,0	0,0	Longo da via	Bom	Sem defeito	Perfeito estado	Seca	Perfeito estado	Faixa de pedestre	R-6a	""	Dupla	Blocos	""	""
903	202211166,0	2022-05-17T00:00:00	""	COM VÍTIMA	FINALIZADA	JORDÃO	AV MARIA IRENE	25,0	""	EM FRENTE A BASE AEREA DO RECIFE	JORDÃO	""	CIDADE	ATROPELAMENTO DE PESSOA	0,0	0,0	0,0	0,0	1,0	0,0	0,0	1,0	0,0	1,0	0,0	Longo da via	Bom	Não existe	Perfeito estado	Seca	Perfeito estado	Não existe	Não há placas	""	Dupla	Faixa contínua	""	""
904	202211174,0	2022-05-17T00:00:00	""	SEM VÍTIMA	FINALIZADA	JARDIM SÃO PAULO	EST DO CURADO	55,0	AV LIBERDADE	""	JARDIM SÃO PAULO	""	SUBURBIO	""	1,0	0,0	0,0	0,0	0,0	1,0	0,0	0,0	0,0	0,0	0,0	Cruzamento	Bom	Não existe	Não existente	Seca	Mal conservada	Não existe	"Placas ""Pare"""	40 km/h	Dupla	Não existe	""	""
905	202211180,0	2022-05-17T00:00:00	""	COM VÍTIMA	FINALIZADA	CORDEIRO	AV CAXANGA	1214,0	RUA GREGORIO JUNIOR	EM FRENTE A CASA FUNERARIA SANTA PAULA	CORDEIRO	236,0	SUBURBIO	COLISÃO COM CICLISTA	0,0	1,0	0,0	1,0	0,0	0,0	0,0	0,0	0,0	2,0	0,0	Cruzamento	Bom	Sem defeito	Perfeito estado	Seca	Perfeito estado	Faixa de pedestre	Não há placas	60 km/h	Única	Faixa contínua	""	""
906	202211200,0	2022-05-17T00:00:00	""	COM VÍTIMA	FINALIZADA	BOA VISTA	AV GOVERNADOR AGAMENON MAGALHAES	""	AV RUI BARBOSA	PROX AO TRIBUNAL ELEITORAL	BOA VISTA	""	BOA VIAGEM	COLISÃO LATERAL	1,0	1,0	0,0	0,0	0,0	0,0	0,0	0,0	0,0	1,0	0,0	Longo da via	Bom	Sem defeito	Perfeito estado	Seca	Perfeito estado	Faixa de pedestre	R-4b	60 km/h	Única	Faixa contínua	""	""
907	202211208,0	2022-05-17T00:00:00	""	COM VÍTIMA	FINALIZADA	MANGUEIRA	RUA VINTE E UM DE ABRIL	1205,0	RUA NELSON AVILA	PROX A CONTRUAR ( ARMAZEM). EM FRENTE À IGREJA BATISTA NACIONAL EM AFOGADOS.	MANGUEIRA	""	CIDADE	COLISÃO FRONTAL	1,0	1,0	0,0	0,0	0,0	0,0	0,0	0,0	0,0	1,0	0,0	Longo da via	Bom	Não existe	Perfeito estado	Seca	Perfeito estado	Não existe	Outras	""	Dupla	Faixa seccionada	""	""
908	202211209,0	2022-05-17T00:00:00	""	COM VÍTIMA	FINALIZADA	BOA VIAGEM	RUA VISCONDE DE JEQUITINHONHA	""	RUA BALTAZAR PASSOS	NO CRUZAMENTO C/A RUA BALTAZAR PASSOS	BOA VIAGEM	154,0	""	ATROPELAMENTO DE PESSOA	1,0	0,0	0,0	0,0	1,0	0,0	0,0	0,0	0,0	1,0	0,0	""	""	""	""	""	""	""	""	""	""	""	""	""
909	202211210,0	2022-05-17T00:00:00	""	COM VÍTIMA	FINALIZADA	MACAXEIRA	AV JOSE AMERICO DE ALMEIDA	79,0	""	PRÓX AO CAMPO DA UNIAO / E/F A PRC ZUMBI DOS PALMARES	MACAXEIRA	""	CIDADE	COLISÃO LATERAL	0,0	1,0	0,0	0,0	0,0	1,0	0,0	0,0	0,0	1,0	0,0	Longo da via	Bom	Não existe	Incompleta	Seca	Perfeito estado	Não existe	Não há placas	""	Dupla	Não existe	""	""
910	202211229,0	2022-05-18T00:00:00	""	COM VÍTIMA	FINALIZADA	AREIAS	AV CAPITAO GREGORIO DE CALDAS	""	AV RECIFE	LADO OPOSTO AO BIG BOMPREÇO, SENTIDO PRAIA	AREIAS	494,0	SUBURBIO	ATROPELAMENTO DE PESSOA	0,0	0,0	0,0	0,0	2,0	1,0	0,0	0,0	0,0	2,0	0,0	Cruzamento	Bom	Sem defeito	Não existente	Seca	Perfeito estado	Outros	Não há placas	30 km/h	Dupla	Canteiro central	""	""
911	202211233,0	2022-05-18T00:00:00	""	COM VÍTIMA	FINALIZADA	AFOGADOS	AV SUL	S/N	""	EM FRENTE A POLICLINICA AGAMENON MAGALHAES AO LADO DA ESTAÇÃO DO METRO SENT. CIDADE	AFOGADOS	""	CIDADE	COLISÃO TRASEIRA	2,0	0,0	0,0	0,0	0,0	0,0	0,0	0,0	0,0	1,0	0,0	Longo da via	Bom	Não existe	Perfeito estado	Seca	Mal iluminada	Não existe	Não há placas	""	Única	Faixa seccionada	""	""
912	202211236,0	2022-05-18T00:00:00	""	COM VÍTIMA	FINALIZADA	AREIAS	AV RECIFE	29,0	""	PROXIMO O ATACADÃO , EM FRENTE O POSTO BR....SENTIDO CAXANGÁ	AREIAS	620,0	BR-101	COLISÃO LATERAL	2,0	1,0	0,0	0,0	0,0	0,0	0,0	0,0	0,0	1,0	0,0	Longo da via	Bom	Sem defeito	Perfeito estado	Seca	Perfeito estado	Não existe	R-6a	""	Dupla	Faixa seccionada	Canteiro central	""
913	202211244,0	2022-05-18T00:00:00	""	SEM VÍTIMA	CANCELADA	SANTO AMARO	AV GOVERNADOR AGAMENON MAGALHAES	""	""	EM BAIXO DO VIADULTO ROBERTO PEREIRA DE CARVALHO	SANTO AMARO	""	""	COLISÃO TRASEIRA	1,0	0,0	0,0	0,0	0,0	0,0	0,0	1,0	0,0	0,0	0,0	""	""	""	""	""	""	""	""	""	""	""	""	""
914	202211255,0	2022-05-18T00:00:00	""	SEM VÍTIMA	CANCELADA	ESPINHEIRO	RUA SANTO ELIAS	450,0	""	EDF VILA MARINA	ESPINHEIRO	""	""	COLISÃO TRASEIRA	1,0	0,0	0,0	0,0	0,0	0,0	1,0	0,0	0,0	0,0	0,0	""	""	""	""	""	""	""	""	""	""	""	""	""
915	202211259,0	2022-05-18T00:00:00	""	COM VÍTIMA	FINALIZADA	JOANA BEZERRA	VIADUTO CAPITAO TEMUDO	""	""	NA DESCIDA DO VIADUTO SENT. BOA VIAGEM	JOANA BEZERRA	""	BOA VIAGEM	COLISÃO TRASEIRA	1,0	1,0	0,0	0,0	0,0	0,0	0,0	0,0	0,0	1,0	0,0	Viaduto	Bom	Não existe	Perfeito estado	Seca	Perfeito estado	Não existe	Não há placas	60 km/h	Dupla	Canteiro central	""	""
916	202211276,0	2022-05-18T00:00:00	""	SEM VÍTIMA	FINALIZADA	GRAÇAS	RUA DR BANDEIRA FILHO	""	""	EM FRENTE A PAGUE MENOS	GRAÇAS	""	""	COLISÃO LATERAL	2,0	0,0	0,0	0,0	0,0	0,0	0,0	0,0	0,0	0,0	0,0	""	""	""	""	""	""	""	""	""	""	""	""	""
917	202211294,0	2022-05-18T00:00:00	""	SEM VÍTIMA	FINALIZADA	BOA VIAGEM	RUA BRUNO VELOSO	""	""	EM FRENTE AO SHOPPING RECIFE	BOA VIAGEM	""	""	COLISÃO LATERAL	2,0	0,0	0,0	0,0	0,0	0,0	0,0	0,0	0,0	0,0	0,0	""	""	""	""	""	""	""	""	""	""	""	""	""
918	202211297,0	2022-05-18T00:00:00	""	COM VÍTIMA	FINALIZADA	PORTO DA MADEIRA	AV BEBERIBE	3433,0	RUA PASCOAL SIVINI	E/F AO CONJUNTO JOAO PAULO SEGUNDO,  POSTO SIVINI	PORTO DA MADEIRA	""	""	COLISÃO TRANSVERSAL	1,0	1,0	0,0	0,0	0,0	0,0	0,0	0,0	0,0	1,0	0,0	Longo da via	Bom	Não existe	Perfeito estado	Seca	Perfeito estado	Não existe	R-6a	""	Dupla	Faixa contínua	Faixa seccionada	""
919	202211338,0	2022-05-19T00:00:00	""	SEM VÍTIMA	FINALIZADA	SÃO JOSÉ	RUA IMPERIAL	889,0	""	EM FRENTE AO BAR DO CHINA	SÃO JOSÉ	511,0	SUBURBIO	COLISÃO TRASEIRA	1,0	0,0	0,0	0,0	0,0	0,0	0,0	1,0	0,0	0,0	0,0	Longo da via	Bom	Sem defeito	Perfeito estado	Seca	Perfeito estado	Faixa de pedestre	Não há placas	""	Única	Faixa contínua	""	""
920	202211339,0	2022-05-19T00:00:00	""	COM VÍTIMA	FINALIZADA	NOVA DESCOBERTA	RUA DA PAZ	""	AV CHAGAS FERREIRA	AO LADO DA UPA	NOVA DESCOBERTA	""	SUBURBIO	COLISÃO FRONTAL	0,0	1,0	0,0	0,0	0,0	1,0	0,0	0,0	0,0	1,0	0,0	Ponte	Bom	Não existe	Não existente	Seca	Mal conservada	Não existe	Não há placas	""	Dupla	Não existe	""	""
921	202211361,0	2022-05-19T00:00:00	""	COM VÍTIMA	FINALIZADA	BOA VIAGEM	RUA DOS NAVEGANTES	785,0	RUA ERNESTO DE PAULA SANTOS	POR TRAS DO ANTIGO RECIFE PALACE	BOA VIAGEM	""	""	COLISÃO TRANSVERSAL	2,0	0,0	0,0	0,0	0,0	0,0	0,0	0,0	0,0	3,0	0,0	Cruzamento	Bom	Não existe	Perfeito estado	Seca	Perfeito estado	Faixa de retenção	"Placas ""Pare"""	""	Única	Faixa seccionada	""	""
922	202211369,0	2022-05-19T00:00:00	""	COM VÍTIMA	FINALIZADA	DERBY	AV GOVERNADOR AGAMENON MAGALHAES	""	""	NO SENTIDO OLINDA	DERBY	""	""	COLISÃO TRASEIRA	0,0	1,0	0,0	0,0	0,0	1,0	0,0	0,0	0,0	1,0	0,0	Longo da via	Bom	Não existe	Perfeito estado	Seca	Perfeito estado	Agente	Outras	60 km/h	Única	Faixa seccionada	""	""
923	202211386,0	2022-05-19T00:00:00	""	SEM VÍTIMA	FINALIZADA	SANTO AMARO	RUA ALMEIDA CUNHA	""	""	COM A RUA AFONSO PENA	SANTO AMARO	""	""	COLISÃO LATERAL	2,0	0,0	0,0	0,0	0,0	0,0	0,0	0,0	0,0	0,0	0,0	""	""	""	""	""	""	""	""	""	""	""	""	""