_id	Protocolo	data	hora	natureza	situacao	bairro	endereco	numero	detalhe_endereco_acidente	complemento	bairro_cruzamento	num_semaforo	sentido_via	tipo	auto	moto	ciclom	ciclista	pedestre	onibus	caminhao	viatura	outros	vitimas	vitimasfatais	acidente_verificado	tempo_clima	situacao_semaforo	sinalizacao	condicao_via	conservacao_via	ponto_controle	situacao_placa	velocidade_max_via	mao_direcao	divisao_via1	divisao_via2	divisao_via3
924	202211425,0	2022-05-20T00:00:00	""	COM VÍTIMA	FINALIZADA	IMBIRIBEIRA	RUA ARQUITETO LUIZ NUNES	233,0	AV ENGENHEIRO ALVES DE SOUZA	ESQUINA COM JULIETO CAFE. EM FRENTE AO JULIETTO.	IMBIRIBEIRA	634,0	CIDADE	COLISÃO TRANSVERSAL	1,0	1,0	0,0	0,0	0,0	0,0	0,0	0,0	0,0	1,0	0,0	Cruzamento	Bom	Sem defeito	Perfeito estado	Seca	Perfeito estado	Faixa de pedestre	Não há placas	40 km/h	Dupla	Faixa contínua	Faixa seccionada	""
925	202211483,0	2022-05-21T00:00:00	""	SEM VÍTIMA	FINALIZADA	CASA FORTE	RUA JADER DE ANDRADE	43,0	""	EM FRENTE AO NÚMERO 43	CASA FORTE	""	""	""	1,0	1,0	0,0	0,0	0,0	0,0	0,0	0,0	0,0	0,0	0,0	Longo da via	Chuvoso	Não existe	Não existente	Molhada	Perfeito estado	Não existe	Não há placas	""	Dupla	Não existe	""	""
926	202211506,0	2022-05-21T00:00:00	""	COM VÍTIMA	FINALIZADA	ARRUDA	RUA DO MACHADO	32,0	RUA DAS MOCAS	AO LADO CAMPO DO SANTA CRUZ	ARRUDA	""	CIDADE	COLISÃO FRONTAL	1,0	1,0	0,0	0,0	0,0	0,0	0,0	0,0	0,0	1,0	0,0	Longo da via	Bom	Não existe	Perfeito estado	Seca	Perfeito estado	Faixa de pedestre	"Placas ""Pare"""	30 km/h	Dupla	Não existe	""	""
927	202211544,0	2022-05-21T00:00:00	""	COM VÍTIMA	FINALIZADA	APIPUCOS	RUA DE APIPUCOS	685,0	""	APOS O POSTO BR E/F AO RESIDENCIAL APIPUCOS, LADO OPOSTO À RESERVA DE APIPUCOS.	APIPUCOS	""	SUBURBIO	COLISÃO TRASEIRA	1,0	1,0	0,0	0,0	0,0	0,0	0,0	0,0	0,0	1,0	0,0	Longo da via	Bom	Não existe	Perfeito estado	Seca	Perfeito estado	Não existe	R-6a	""	Dupla	Faixa contínua	""	""
928	202211545,0	2022-05-21T00:00:00	""	COM VÍTIMA	CANCELADA	IMBIRIBEIRA	AV SUL	S/N	""	ENTRE A ESTAÇAO DE METRO TANCREDO NEVES  EA TI TANCREDO NEVES S/T CID	IMBIRIBEIRA	""	""	COLISÃO FRONTAL	0,0	1,0	0,0	0,0	0,0	0,0	0,0	0,0	0,0	2,0	0,0	""	""	""	""	""	""	""	""	""	""	""	""	""
929	202211547,0	2022-05-21T00:00:00	""	COM VÍTIMA	FINALIZADA	MADALENA	AV JOSE GONCALVES DE MEDEIROS	""	""	EM FRENTE A DPCA E MAXTROC.	MADALENA	""	CIDADE	COLISÃO LATERAL	1,0	1,0	0,0	0,0	0,0	0,0	0,0	0,0	0,0	2,0	0,0	Longo da via	Bom	Não existe	Incompleta	Seca	Perfeito estado	Não existe	R-6a	""	Única	Não existe	""	""
930	202211549,0	2022-05-21T00:00:00	""	SEM VÍTIMA	FINALIZADA	SANTO AMARO	AV CRUZ CABUGA	""	RUA DR JOAO VIEIRA DE MENEZES	SOB O SEMÁFORO 674	SANTO AMARO	674,0	SUBURBIO	CHOQUE	1,0	0,0	0,0	0,0	0,0	0,0	0,0	0,0	0,0	0,0	0,0	Cruzamento	Bom	Sem defeito	Perfeito estado	Seca	Perfeito estado	Não existe	Não há placas	""	Dupla	Faixa seccionada	""	""
931	202211552,0	2022-05-21T00:00:00	""	SEM VÍTIMA	CANCELADA	ESPINHEIRO	AV GOVERNADOR AGAMENON MAGALHAES	""	""	E/F AO BANCO DO NORDESTE	ESPINHEIRO	""	BOA VIAGEM	COLISÃO LATERAL	2,0	0,0	0,0	0,0	0,0	0,0	0,0	0,0	0,0	0,0	0,0	""	""	""	""	""	""	""	""	""	""	""	""	""
932	202211575,0	2022-05-21T00:00:00	""	COM VÍTIMA	FINALIZADA	TORRE	RUA PROFESSOR TRAJANO DE MENDONCA	""	""	FARMÁCIA DROGASIL	TORRE	""	CIDADE	COLISÃO COM CICLISTA	1,0	0,0	0,0	1,0	0,0	0,0	0,0	0,0	0,0	1,0	0,0	Longo da via	Bom	Não existe	Perfeito estado	Seca	Perfeito estado	Não existe	Não há placas	""	Única	Faixa seccionada	""	""
933	202211581,0	2022-05-22T00:00:00	""	COM VÍTIMA	FINALIZADA	MADALENA	EST DOS REMEDIOS	""	AV JOSE GONCALVES DE MEDEIROS	E/F À POLICLINICA LESSA DE ANDRADE	MADALENA	353,0	CIDADE	COLISÃO TRANSVERSAL	1,0	1,0	0,0	0,0	0,0	0,0	0,0	0,0	0,0	1,0	0,0	Cruzamento	Bom	Sem defeito	Perfeito estado	Seca	Perfeito estado	Faixa de pedestre	"Placas ""Pare"""	""	Única	Faixa seccionada	""	""
934	202211604,0	2022-05-22T00:00:00	""	COM VÍTIMA	FINALIZADA	AFOGADOS	RUA SAO MIGUEL	""	RUA LUIZ PEREIRA DE FARIAS	PARAISO DOS PET'S	AFOGADOS	""	CIDADE	ATROPELAMENTO DE PESSOA	0,0	1,0	0,0	0,0	1,0	0,0	0,0	0,0	0,0	2,0	0,0	Cruzamento	Bom	Não existe	Perfeito estado	Seca	Perfeito estado	""	""	60 km/h	Dupla	Faixa contínua	""	""
935	202211608,0	2022-05-22T00:00:00	""	COM VÍTIMA	FINALIZADA	VÁRZEA	AV AFONSO OLINDENSE	72,0	AV CAXANGA	ENFRENTE AOS CORREIOS	VÁRZEA	568,0	SUBURBIO	COLISÃO LATERAL	1,0	1,0	0,0	0,0	0,0	0,0	0,0	0,0	0,0	1,0	0,0	Longo da via	Bom	Sem defeito	Incompleta	Seca	Perfeito estado	Faixa de pedestre	R-6a	30 km/h	Dupla	Faixa contínua	Faixa seccionada	""
936	202211635,0	2022-05-22T00:00:00	""	COM VÍTIMA	FINALIZADA	MACAXEIRA	RUA MARIA AMALIA	7,0	SUB DA UNIAO	AO LADO DO CAMPO DA UNIÃO.	MACAXEIRA	""	CIDADE	COLISÃO LATERAL	1,0	1,0	0,0	0,0	0,0	0,0	0,0	0,0	0,0	1,0	0,0	Longo da via	Chuvoso	Não existe	Não existente	Seca	Mal conservada	Não existe	Não há placas	""	Dupla	Não existe	""	""
937	202211636,0	2022-05-22T00:00:00	""	SEM VÍTIMA	FINALIZADA	IPUTINGA	AV CAXANGA	""	RUA MANOEL JOAQUIM DE ALMEIDA	IPUTINGA VEICULOS	IPUTINGA	533,0	""	""	1,0	1,0	0,0	0,0	0,0	0,0	0,0	0,0	0,0	0,0	0,0	Cruzamento	Bom	Sem defeito	Perfeito estado	""	""	Faixa de pedestre	Não há placas	""	Dupla	Canteiro central	""	""
938	202211649,0	2022-05-22T00:00:00	""	COM VÍTIMA	FINALIZADA	BOA VIAGEM	RUA RIBEIRO DE BRITO	""	RUA TENENTE DOMINGOS DE BRITO	EM FRENTE A IGREJA MARANATA	BOA VIAGEM	331,0	""	COLISÃO TRANSVERSAL	1,0	1,0	0,0	0,0	0,0	0,0	0,0	0,0	0,0	2,0	0,0	Cruzamento	Chuvoso	Sem defeito	Perfeito estado	Molhada	Perfeito estado	Faixa de pedestre	Não há placas	""	Única	Não existe	""	""
939	202211650,0	2022-05-22T00:00:00	""	COM VÍTIMA	FINALIZADA	JAQUEIRA	AV CONS ROSA E SILVA	1847,0	RUA NETO DE MENDONCA	EM FRENTE A SMART FIT	JAQUEIRA	686,0	SUBURBIO	COLISÃO TRANSVERSAL	0,0	2,0	0,0	0,0	0,0	0,0	0,0	0,0	0,0	1,0	0,0	Longo da via	Bom	Sem defeito	Perfeito estado	Seca	Perfeito estado	Faixa de retenção	Não há placas	60 km/h	Única	Faixa seccionada	""	""
940	202211667,0	2022-05-23T00:00:00	""	COM VÍTIMA	FINALIZADA	CORDEIRO	AV CAXANGA	2255,0	""	EM FRENTE AO PARQUE DE EXPOSIÇÕES DE ANIMAIS DO CORDEIRO.	CORDEIRO	235,0	SUBURBIO	ATROPELAMENTO DE PESSOA	1,0	0,0	0,0	0,0	1,0	1,0	0,0	0,0	0,0	1,0	0,0	Longo da via	Chuvoso	Sem defeito	Perfeito estado	Molhada	Perfeito estado	Não existe	Outras	""	Dupla	Faixa seccionada	""	""
941	202211669,0	2022-05-23T00:00:00	""	COM VÍTIMA	DUPLICIDADE	CAXANGÁ	AV CAXANGA	""	""	EM FRENTE A EXPOSOÇAO  DE ANOMAIS / SENT CAMARAGIBE	CAXANGÁ	""	""	ATROPELAMENTO DE PESSOA	0,0	0,0	0,0	0,0	1,0	1,0	0,0	0,0	0,0	1,0	0,0	""	""	""	""	""	""	""	""	""	""	""	""	""
942	202211671,0	2022-05-23T00:00:00	""	COM VÍTIMA	FINALIZADA	PARNAMIRIM	RUA DA ESTRELA	164,0	""	EM FRENTE AO QUARTEL DO EXERCITO	PARNAMIRIM	""	SUBURBIO	COLISÃO LATERAL	1,0	1,0	0,0	0,0	0,0	0,0	0,0	0,0	0,0	2,0	0,0	Longo da via	Chuvoso	Não existe	Perfeito estado	Molhada	Perfeito estado	Não existe	Outras	30 km/h	Dupla	Não existe	""	""
943	202211683,0	2022-05-23T00:00:00	""	COM VÍTIMA	FINALIZADA	TORRE	RUA JOSE BONIFACIO	851,0	""	EM FRENTE A HONDA	TORRE	301,0	SUBURBIO	COLISÃO TRASEIRA	1,0	1,0	0,0	0,0	0,0	0,0	0,0	0,0	0,0	1,0	0,0	Longo da via	Bom	Sem defeito	Perfeito estado	Seca	Perfeito estado	Faixa de pedestre	Não há placas	""	Única	Faixa seccionada	""	""
944	202211684,0	2022-05-23T00:00:00	""	COM VÍTIMA	FINALIZADA	BOA VISTA	RUA DOM BOSCO	""	""	EM FRENTE A RADIO PATRULHA	BOA VISTA	""	SUBURBIO	COLISÃO TRANSVERSAL	1,0	1,0	0,0	0,0	0,0	0,0	0,0	0,0	0,0	1,0	0,0	Longo da via	Bom	Sem defeito	Perfeito estado	Seca	Perfeito estado	Não existe	Não há placas	40 km/h	Única	Faixa seccionada	""	""
945	202211687,0	2022-05-23T00:00:00	""	COM VÍTIMA	FINALIZADA	PINA	RUA MANOEL DE BRITO	243,0	""	LADO OPOSTO AO CORPUS MOTEL.	PINA	""	CIDADE	COLISÃO COM CICLISTA	1,0	0,0	0,0	1,0	0,0	0,0	0,0	0,0	0,0	1,0	0,0	Longo da via	Bom	Não existe	Perfeito estado	Seca	Perfeito estado	Outros	Não há placas	""	Única	Faixa seccionada	""	""
946	202211691,0	2022-05-23T00:00:00	""	COM VÍTIMA	CANCELADA	BOA VIAGEM	AV ENGENHEIRO DOMINGOS FERREIRA	""	""	PROXIMO AO PONTEIO	BOA VIAGEM	""	""	ATROPELAMENTO DE PESSOA	1,0	0,0	0,0	0,0	1,0	0,0	0,0	0,0	0,0	1,0	0,0	""	""	""	""	""	""	""	""	""	""	""	""	""
947	202211729,0	2022-05-23T00:00:00	""	COM VÍTIMA	CANCELADA	TORRE	RUA JOSE OSORIO	""	""	E/F A AUTO CAR	TORRE	""	""	COLISÃO FRONTAL	1,0	1,0	0,0	0,0	0,0	0,0	0,0	0,0	0,0	1,0	0,0	""	""	""	""	""	""	""	""	""	""	""	""	""
948	202211739,0	2022-05-23T00:00:00	""	COM VÍTIMA	CANCELADA	NOVA DESCOBERTA	RUA TEREZA CARNEIRO	""	""	PROX AO POSTO DE SAUDE	NOVA DESCOBERTA	""	""	COLISÃO LATERAL	0,0	1,0	0,0	0,0	0,0	0,0	1,0	0,0	0,0	1,0	0,0	""	""	""	""	""	""	""	""	""	""	""	""	""
949	202211746,0	2022-05-23T00:00:00	""	COM VÍTIMA	FINALIZADA	JOANA BEZERRA	VDO PAPA JOAO PAULO II	""	""	SOBRE O VIADUTO. AO LADO DO TI JOANA BEZERRA.	JOANA BEZERRA	""	SUBURBIO	ATROPELAMENTO DE PESSOA	3,0	0,0	0,0	0,0	1,0	0,0	0,0	0,0	0,0	1,0	0,0	Viaduto	Chuvoso	Não existe	Não existente	Molhada	Perfeito estado	Não existe	Não há placas	60 km/h	Única	""	""	""
950	202211747,0	2022-05-23T00:00:00	""	SEM VÍTIMA	CANCELADA	IPUTINGA	AV PROFESSOR MORAES REGO	""	""	E/F A HAPVIDA	IPUTINGA	""	""	COLISÃO TRASEIRA	3,0	0,0	0,0	0,0	0,0	0,0	0,0	0,0	0,0	0,0	0,0	""	""	""	""	""	""	""	""	""	""	""	""	""
951	202211777,0	2022-05-24T00:00:00	""	SEM VÍTIMA	FINALIZADA	GRAÇAS	RUA AMARO BEZERRA	410,0	RUA JOAQUIM NABUCO	AO LADO DA SODIE DOCES	GRAÇAS	""	CIDADE	""	1,0	0,0	0,0	0,0	0,0	0,0	0,0	0,0	0,0	0,0	0,0	Longo da via	Chuvoso	Não existe	Perfeito estado	Molhada	Perfeito estado	Não existe	Outras	""	Única	Não existe	""	""
952	202211825,0	2022-05-24T00:00:00	""	COM VÍTIMA	FINALIZADA	TORRÕES	RUA QUINZE DE MARCO	594,0	RUA VINTE E UM DE ABRIL	PRÓX. À SANTIAGO PETSHOP,  BAR 21 BEER	TORRÕES	""	SUBURBIO	CHOQUE	1,0	0,0	0,0	0,0	0,0	0,0	0,0	0,0	0,0	1,0	0,0	Cruzamento	Chuvoso	Não existe	Perfeito estado	Molhada	Mal conservada	Não existe	Não há placas	60 km/h	Dupla	Faixa seccionada	""	""
953	202211826,0	2022-05-24T00:00:00	""	COM VÍTIMA	FINALIZADA	IMBIRIBEIRA	AV MARECHAL MASCARENHAS DE MORAES	""	PRC MINISTRO SALGADO FILHO	DENTRO DO AEROPORTO NA AREA DE CARGA E DESCARGA	IMBIRIBEIRA	""	SUBURBIO	CAPOTAMENTO	1,0	0,0	0,0	0,0	0,0	0,0	0,0	0,0	0,0	1,0	0,0	Longo da via	Chuvoso	Não existe	Perfeito estado	Molhada	Perfeito estado	Não existe	Outras	""	Única	Não existe	""	""
954	202211834,0	2022-05-24T00:00:00	""	COM VÍTIMA	FINALIZADA	ESTÂNCIA	AV RECIFE	5680,0	RUA LAURA BANDEIRA DE MELO	PRÓXIMO AO ASSAÍ	ESTÂNCIA	705,0	SUBURBIO	COLISÃO LATERAL	0,0	1,0	0,0	0,0	0,0	0,0	1,0	0,0	0,0	1,0	0,0	Cruzamento	Chuvoso	Sem defeito	Perfeito estado	Molhada	Perfeito estado	Agente	R-19	50 km/h	Dupla	Canteiro central	""	""
955	202211848,0	2022-05-24T00:00:00	""	SEM VÍTIMA	FINALIZADA	BOA VIAGEM	AVENIDA CELSO FURTADO (VIA MANGUE)	""	""	""	BOA VIAGEM	""	""	CAPOTAMENTO	0,0	0,0	0,0	0,0	0,0	0,0	0,0	0,0	0,0	0,0	0,0	""	""	""	""	""	""	""	""	""	""	""	""	""
956	202211852,0	2022-05-24T00:00:00	""	COM VÍTIMA	FINALIZADA	SAN MARTIN	AV CONSUL VILARES FRAGOSO	375,0	""	PRÓX A SECRETARIA DE SAUDE	SAN MARTIN	""	""	COLISÃO LATERAL	1,0	1,0	0,0	0,0	0,0	0,0	0,0	0,0	0,0	1,0	0,0	""	""	""	""	""	""	""	""	""	""	""	""	""
957	202211854,0	2022-05-24T00:00:00	""	COM VÍTIMA	FINALIZADA	VÁRZEA	AV CAXANGA	""	AV AFONSO OLINDENSE	SEMÁFORO 568	VÁRZEA	568,0	SUBURBIO	COLISÃO COM CICLISTA	0,0	0,0	0,0	1,0	0,0	1,0	0,0	0,0	0,0	1,0	0,0	Longo da via	Chuvoso	Sem defeito	Perfeito estado	Molhada	Perfeito estado	Faixa de pedestre	Outras	""	Dupla	Faixa contínua	""	""
958	202211916,0	2022-05-25T00:00:00	""	COM VÍTIMA	FINALIZADA	CASA AMARELA	RUA DA HARMONIA	518,0	""	PRÓX AO PLANETA KIDS E IGREJA DA HARMONIA	CASA AMARELA	""	SUBURBIO	COLISÃO FRONTAL	2,0	0,0	0,0	0,0	0,0	0,0	0,0	0,0	0,0	1,0	0,0	Longo da via	Chuvoso	Não existe	Perfeito estado	Seca	Perfeito estado	Faixa de pedestre	Outras	30 km/h	Dupla	Faixa contínua	""	""
959	202211946,0	2022-05-26T00:00:00	""	SEM VÍTIMA	FINALIZADA	BOA VIAGEM	RUA AVIADOR SEVERIANO LINS	""	""	AO LADO DO NÚMERO 175	BOA VIAGEM	""	SUBURBIO	COLISÃO TRANSVERSAL	3,0	0,0	0,0	0,0	0,0	0,0	0,0	0,0	0,0	0,0	0,0	Longo da via	Chuvoso	Não existe	Não existente	Molhada	Perfeito estado	Não existe	Não há placas	""	Dupla	Não existe	""	""
960	202211948,0	2022-05-26T00:00:00	""	SEM VÍTIMA	DUPLICIDADE	BOA VIAGEM	RUA AVIADOR SEVERIANO LINS	""	""	PROX. AO COLEGIO BOA VIAGEM	BOA VIAGEM	""	""	COLISÃO TRASEIRA	3,0	0,0	0,0	0,0	0,0	0,0	0,0	0,0	0,0	0,0	0,0	""	""	""	""	""	""	""	""	""	""	""	""	""
961	202211981,0	2022-05-26T00:00:00	""	COM VÍTIMA	FINALIZADA	BARRO	AV DR JOSE RUFINO	2221,0	RUA PALMEIRA	ACIDENTE COM VITIMA	BARRO	539,0	CIDADE	COLISÃO FRONTAL	3,0	0,0	0,0	0,0	0,0	0,0	0,0	0,0	0,0	1,0	0,0	Cruzamento	Bom	Sem defeito	Incompleta	Seca	Mal conservada	Faixa de pedestre	R-6a	40 km/h	Dupla	Faixa contínua	Faixa seccionada	""
962	202211991,0	2022-05-26T00:00:00	""	SEM VÍTIMA	FINALIZADA	MADALENA	RUA SPORT CLUBE DO RECIFE	""	""	EM FRENTE AO SPORT  CLUBE DO RECIFE	MADALENA	481,0	CIDADE	COLISÃO TRASEIRA	3,0	0,0	0,0	0,0	0,0	0,0	0,0	0,0	0,0	0,0	0,0	Longo da via	Bom	Sem defeito	Perfeito estado	Seca	Perfeito estado	Outros	Não há placas	""	Dupla	Canteiro central	""	""
963	202211999,0	2022-05-26T00:00:00	""	COM VÍTIMA	FINALIZADA	GRAÇAS	AV GOVERNADOR AGAMENON MAGALHAES	""	""	PRÓX. AO CLUBE PORTUGUÊS	GRAÇAS	""	CIDADE	COLISÃO LATERAL	1,0	2,0	0,0	0,0	0,0	0,0	0,0	0,0	0,0	2,0	0,0	Longo da via	Chuvoso	Sem defeito	Perfeito estado	Molhada	Perfeito estado	Faixa de pedestre	Não há placas	""	Dupla	Canteiro central	Canal	""
964	202212018,0	2022-05-26T00:00:00	""	COM VÍTIMA	FINALIZADA	ALTO SANTA TERESINHA	RUA PROFESSOR JOSE AMARINO DOS REIS	2322,0	""	PRÓX A GRAFICA CACTO	ALTO SANTA TERESINHA	""	""	COLISÃO FRONTAL	1,0	1,0	0,0	0,0	0,0	0,0	0,0	0,0	0,0	1,0	0,0	Longo da via	Chuvoso	Não existe	Perfeito estado	Molhada	Perfeito estado	Não existe	Não há placas	""	Dupla	Faixa seccionada	""	""
965	202212019,0	2022-05-26T00:00:00	""	COM VÍTIMA	FINALIZADA	CASA AMARELA	AV DR EURICO CHAVES	171,0	""	PRÓX AO BREGOSO BURGUER	CASA AMARELA	""	SUBURBIO	COLISÃO FRONTAL	0,0	2,0	0,0	0,0	0,0	0,0	0,0	0,0	0,0	1,0	0,0	Longo da via	Chuvoso	Não existe	Perfeito estado	Molhada	Perfeito estado	Não existe	Não há placas	""	Dupla	Faixa seccionada	""	""
966	202212050,0	2022-05-27T00:00:00	""	COM VÍTIMA	FINALIZADA	DERBY	AV GOVERNADOR AGAMENON MAGALHAES	""	""	E/F AO HOSPITAL DA RESTAURAÇÃO	DERBY	174,0	SUBURBIO	COLISÃO TRASEIRA	1,0	1,0	0,0	0,0	0,0	0,0	0,0	0,0	0,0	1,0	0,0	Longo da via	Chuvoso	Sem defeito	Perfeito estado	Molhada	Perfeito estado	Faixa de pedestre	R-6a	60 km/h	Dupla	Canteiro central	""	""
967	202212064,0	2022-05-27T00:00:00	""	COM VÍTIMA	FINALIZADA	DERBY	PRC DO DERBY	""	RUA JENER DE SOUZA	EM FRNTE O QUARTEL DO DERBY	DERBY	40,0	CIDADE	COLISÃO TRASEIRA	1,0	1,0	0,0	0,0	0,0	0,0	0,0	0,0	0,0	1,0	0,0	Cruzamento	Chuvoso	Sem defeito	Perfeito estado	Molhada	Perfeito estado	Faixa de pedestre	Não há placas	""	Única	Faixa contínua	Faixa seccionada	""
968	202212073,0	2022-05-27T00:00:00	""	COM VÍTIMA	FINALIZADA	IMBIRIBEIRA	AV MARECHAL MASCARENHAS DE MORAES	3547,0	""	APÓS  O GERALDÃO, SENTIDO CIDADE	IMBIRIBEIRA	289,0	CIDADE	COLISÃO LATERAL	2,0	1,0	0,0	0,0	0,0	0,0	0,0	0,0	0,0	1,0	0,0	Longo da via	Chuvoso	Sem defeito	Perfeito estado	Molhada	Perfeito estado	Outros	Outras	""	Dupla	Canteiro central	""	""
969	202212074,0	2022-05-27T00:00:00	""	COM VÍTIMA	FINALIZADA	CABANGA	RUA GUTIUBA	175,0	""	PROXIMO AO INSTITUTO DAVID NASCIMENTO	CABANGA	""	SUBURBIO	COLISÃO FRONTAL	1,0	1,0	0,0	0,0	0,0	0,0	0,0	0,0	0,0	1,0	0,0	Cruzamento	Chuvoso	Não existe	Perfeito estado	Seca	Perfeito estado	Não existe	Não há placas	40 km/h	Dupla	Não existe	""	""
970	202212081,0	2022-05-27T00:00:00	""	SEM VÍTIMA	FINALIZADA	CORDEIRO	AV GENERAL SAN MARTIN	""	RUA GOMES TABORDA	ATACAREJO IDEAL / FARMÁCIA DROGASIL	CORDEIRO	""	""	COLISÃO LATERAL	2,0	0,0	0,0	0,0	0,0	0,0	0,0	0,0	0,0	0,0	0,0	""	""	""	""	""	""	""	""	""	""	""	""	""
971	202212083,0	2022-05-27T00:00:00	""	SEM VÍTIMA	CANCELADA	VÁRZEA	AV AFONSO OLINDENSE	709,0	""	E/F A LOJA SANDRO MOTO	VÁRZEA	""	""	COLISÃO LATERAL	1,0	0,0	0,0	0,0	0,0	0,0	0,0	1,0	0,0	0,0	0,0	""	""	""	""	""	""	""	""	""	""	""	""	""
972	202212084,0	2022-05-27T00:00:00	""	COM VÍTIMA	FINALIZADA	BOA VIAGEM	AV ENGENHEIRO DOMINGOS FERREIRA	""	""	EM FRENTE A PRAÇA JORNALISTA ANTONIO TEIXEIRA JUNIOR	BOA VIAGEM	""	SUBURBIO	ATROPELAMENTO DE PESSOA	0,0	1,0	0,0	0,0	1,0	0,0	0,0	0,0	0,0	1,0	0,0	Longo da via	Chuvoso	""	Perfeito estado	Molhada	Mal conservada	Não existe	Outras	""	Única	Faixa contínua	Faixa seccionada	""
973	202212211,0	2022-05-30T00:00:00	""	COM VÍTIMA	FINALIZADA	PORTO DA MADEIRA	AV BEBERIBE	3390,0	""	EM FRENTE AO ARENA SHOW BAR	PORTO DA MADEIRA	388,0	SUBURBIO	COLISÃO TRANSVERSAL	1,0	1,0	0,0	0,0	0,0	0,0	0,0	0,0	0,0	1,0	0,0	Longo da via	Chuvoso	Sem defeito	Perfeito estado	Molhada	Perfeito estado	Faixa de pedestre	R-6a	""	Dupla	Faixa contínua	Faixa seccionada	""
974	202212233,0	2022-05-30T00:00:00	""	COM VÍTIMA	FINALIZADA	DERBY	AV GOVERNADOR AGAMENON MAGALHAES	53,0	RUA HENRIQUE DIAS	EM FRENTE AO INSTITUTO DIAGNOSTICO JOSE ROCHA DE SA	DERBY	68,0	""	ATROPELAMENTO DE PESSOA	0,0	0,0	0,0	0,0	1,0	1,0	0,0	0,0	0,0	1,0	0,0	Longo da via	Chuvoso	Sem defeito	Perfeito estado	Molhada	Perfeito estado	Agente	""	60 km/h	Dupla	Canal	""	""
975	202212259,0	2022-05-30T00:00:00	""	COM VÍTIMA	FINALIZADA	AREIAS	RUA JOSE NATARIO	175,0	""	EM FRENTE AO CONSELHO TUTELAR RPA05	AREIAS	""	""	COLISÃO LATERAL	0,0	1,0	0,0	0,0	0,0	0,0	1,0	0,0	0,0	1,0	0,0	Longo da via	Chuvoso	Não existe	Ilegível	Seca	Perfeito estado	Não existe	R-6a	40 km/h	Dupla	Faixa seccionada	""	""
976	202212287,0	2022-05-30T00:00:00	""	SEM VÍTIMA	CANCELADA	""	AV SUL	""	""	AO LADO DO FORTE DAS CINCO PONTAS	""	""	""	COLISÃO TRASEIRA	3,0	0,0	0,0	0,0	0,0	0,0	0,0	0,0	0,0	0,0	0,0	""	""	""	""	""	""	""	""	""	""	""	""	""
977	202212325,0	2022-05-31T00:00:00	""	COM VÍTIMA	FINALIZADA	CASA AMARELA	AV NORTE MIGUEL ARRAES DE ALENCAR	5786,0	""	PROX. A RETIFICA PADRAO	CASA AMARELA	""	CIDADE	COLISÃO TRASEIRA	1,0	1,0	0,0	0,0	0,0	0,0	1,0	0,0	0,0	1,0	0,0	Longo da via	Chuvoso	Sem defeito	Perfeito estado	Molhada	Perfeito estado	Não existe	Não há placas	""	Dupla	Faixa seccionada	""	""
978	202212372,0	2022-05-31T00:00:00	""	COM VÍTIMA	FINALIZADA	DOIS IRMÃOS	RUA DOIS IRMAOS	""	AV DA RECUPERACAO	COM A RUA DA RECUPERAÇÃO (SEMAFORO Nº416	DOIS IRMÃOS	416,0	SUBURBIO	CHOQUE	0,0	0,0	0,0	0,0	0,0	1,0	0,0	0,0	0,0	1,0	0,0	Longo da via	Bom	Sem defeito	Perfeito estado	Molhada	Perfeito estado	Faixa de pedestre	R-6a	""	Dupla	Faixa contínua	""	""
979	202212377,0	2022-06-01T00:00:00	""	COM VÍTIMA	CANCELADA	ÁGUA FRIA	EST VELHA DE AGUA FRIA	""	""	PROXIMO A POLICLINICA	ÁGUA FRIA	""	""	QUEDA	0,0	1,0	0,0	0,0	0,0	0,0	0,0	0,0	0,0	1,0	0,0	""	""	""	""	""	""	""	""	""	""	""	""	""
980	202212378,0	2022-06-01T00:00:00	""	SEM VÍTIMA	FINALIZADA	TORRE	RUA CONDE DE IRAJA	108,0	""	PRAÇA JOSE TALES FILHO	TORRE	630,0	SUBURBIO	""	2,0	0,0	0,0	0,0	0,0	0,0	0,0	0,0	0,0	0,0	0,0	Longo da via	Chuvoso	Sem defeito	Perfeito estado	Molhada	Perfeito estado	Não existe	R-3	""	Única	Faixa seccionada	""	""
981	202212434,0	2022-06-01T00:00:00	""	COM VÍTIMA	CANCELADA	IMBIRIBEIRA	VIADUTO TANCREDO NEVES	""	""	BOA VIAGEM / IPSEP	IMBIRIBEIRA	""	SUBURBIO	COLISÃO LATERAL	1,0	1,0	0,0	0,0	0,0	0,0	0,0	0,0	0,0	1,0	0,0	""	""	""	""	""	""	""	""	""	""	""	""	""
982	202212444,0	2022-06-01T00:00:00	""	COM VÍTIMA	FINALIZADA	CASA AMARELA	AV NORTE MIGUEL ARRAES DE ALENCAR	0,0	AV NORTE MIGUEL ARRAES DE ALENCAR	PROXIMO A MATERNIDADE BORROS LIMA	CASA AMARELA	""	SUBURBIO	ATROPELAMENTO DE PESSOA	0,0	1,0	0,0	0,0	1,0	0,0	0,0	0,0	0,0	1,0	0,0	Longo da via	Bom	Não existe	Perfeito estado	Seca	Perfeito estado	Não existe	Não há placas	""	Dupla	Canteiro central	""	""