_id	Protocolo	data	hora	natureza	situacao	bairro	endereco	numero	detalhe_endereco_acidente	complemento	bairro_cruzamento	num_semaforo	sentido_via	tipo	auto	moto	ciclom	ciclista	pedestre	onibus	caminhao	viatura	outros	vitimas	vitimasfatais	acidente_verificado	tempo_clima	situacao_semaforo	sinalizacao	condicao_via	conservacao_via	ponto_controle	situacao_placa	velocidade_max_via	mao_direcao	divisao_via1	divisao_via2	divisao_via3
1097	202213840,0	2022-06-17T00:00:00	""	COM VÍTIMA	FINALIZADA	ESTÂNCIA	AV DR JOSE RUFINO	523,0	RUA BARAO DE BUIQUE	PRÓX. À LANCHONETE LANCHES DA PRAÇA. EM FRENTE A GESSO ART DECORAÇÕES.	ESTÂNCIA	""	CIDADE	COLISÃO TRANSVERSAL	1,0	1,0	0,0	0,0	0,0	0,0	0,0	0,0	0,0	1,0	0,0	Cruzamento	Bom	Não existe	Incompleta	Seca	Mal conservada	Não existe	"Placas ""Pare"""	60 km/h	Dupla	Faixa seccionada	""	""
1098	202213847,0	2022-06-17T00:00:00	""	COM VÍTIMA	FINALIZADA	BOA VIAGEM	AV MARECHAL JUAREZ TAVORA	""	RUA BALTAZAR PASSOS	EM FRENTE AO POSTO BR. RUA PROFESSOR AURELIO DE CASTRO CAVALCANTI.	BOA VIAGEM	556,0	CIDADE	COLISÃO FRONTAL	1,0	1,0	0,0	0,0	0,0	0,0	0,0	0,0	0,0	1,0	0,0	Cruzamento	Bom	Com defeito	Perfeito estado	Seca	Perfeito estado	Faixa de pedestre	R-24a	30 km/h	Única	Faixa contínua	Faixa seccionada	""
1099	202213858,0	2022-06-17T00:00:00	""	COM VÍTIMA	FINALIZADA	IBURA	AV DOIS RIOS	""	RUA RIO JURUA	PRÓX. AO POSTO SHELL	IBURA	""	SUBURBIO	COLISÃO LATERAL	0,0	2,0	0,0	0,0	0,0	0,0	0,0	0,0	0,0	1,0	0,0	Cruzamento	Bom	Não existe	Perfeito estado	Seca	Perfeito estado	Não existe	Outras	""	Dupla	Faixa contínua	""	""
1100	202213874,0	2022-06-17T00:00:00	""	COM VÍTIMA	FINALIZADA	SÃO JOSÉ	C SANTA RITA	""	""	EM FRENTE AO ARMAZÉM 16	SÃO JOSÉ	76,0	CIDADE	QUEDA	1,0	1,0	0,0	0,0	0,0	0,0	0,0	0,0	0,0	1,0	0,0	Longo da via	Bom	Sem defeito	Perfeito estado	Seca	Perfeito estado	Não existe	Não há placas	60 km/h	Única	Faixa seccionada	""	""
1101	202213884,0	2022-06-17T00:00:00	""	COM VÍTIMA	FINALIZADA	SÃO JOSÉ	AV DANTAS BARRETO	1326,0	RUA DO PEIXOTO	PROX AO TERMINAL DO PROGRESSO. LEOPOLDO BAR.	SÃO JOSÉ	181,0	CIDADE	COLISÃO TRANSVERSAL	0,0	1,0	0,0	0,0	0,0	1,0	0,0	0,0	0,0	1,0	0,0	Cruzamento	Bom	Sem defeito	Perfeito estado	Seca	Perfeito estado	Faixa de pedestre	Outras	60 km/h	Dupla	Faixa contínua	""	""
1102	202213905,0	2022-06-17T00:00:00	""	COM VÍTIMA	FINALIZADA	ÁGUA FRIA	RUA LADEIRA DE PEDRA	498,0	""	NO TERMINAL DE ONIBUS ALTO DO PASCOAL	ÁGUA FRIA	""	SUBURBIO	ATROPELAMENTO DE PESSOA	0,0	0,0	0,0	0,0	1,0	1,0	0,0	0,0	0,0	1,0	0,0	Longo da via	Bom	Não existe	Perfeito estado	Seca	Mal conservada	Não existe	Outras	""	Dupla	Faixa seccionada	""	""
1103	202213916,0	2022-06-17T00:00:00	""	COM VÍTIMA	FINALIZADA	ILHA DO LEITE	AV GOVERNADOR AGAMENON MAGALHAES	""	""	PROX AO EMPRESARIAL ISAAC  NILTON	ILHA DO LEITE	""	SUBURBIO	QUEDA	0,0	1,0	0,0	0,0	0,0	0,0	0,0	0,0	0,0	1,0	0,0	""	""	""	""	""	""	""	""	""	""	""	""	""
1104	202213930,0	2022-06-17T00:00:00	""	COM VÍTIMA	FINALIZADA	BOA VISTA	RUA DO PRINCIPE	446,0	RUA GENERAL JOSE SEMEAO	ACIDENTE ENTRE UM AUTO E MOTO	BOA VISTA	""	CIDADE	COLISÃO LATERAL	1,0	1,0	0,0	0,0	0,0	0,0	0,0	0,0	0,0	1,0	0,0	Longo da via	Bom	Não existe	Perfeito estado	Seca	Perfeito estado	Não existe	Outras	""	Única	Faixa seccionada	""	""
1105	202213956,0	2022-06-18T00:00:00	""	COM VÍTIMA	FINALIZADA	MADALENA	RUA LOPES DE CARVALHO	401,0	AV VISCONDE DE ALBUQUERQUE	EM FRENTE A MADALENA CENTER	MADALENA	""	SUBURBIO	COLISÃO TRANSVERSAL	1,0	1,0	0,0	0,0	0,0	0,0	0,0	0,0	0,0	1,0	0,0	Cruzamento	Bom	Não existe	Perfeito estado	Seca	Perfeito estado	Outros	Outras	""	Única	Faixa seccionada	""	""
1106	202213995,0	2022-06-18T00:00:00	""	COM VÍTIMA	CANCELADA	IMBIRIBEIRA	RUA PAMPULHA	251,0	""	PRÓX. À CASA BRANCA RECEPÇÕES	IMBIRIBEIRA	""	""	COLISÃO LATERAL	1,0	1,0	0,0	0,0	0,0	0,0	0,0	0,0	0,0	1,0	0,0	""	""	""	""	""	""	""	""	""	""	""	""	""
1107	202213996,0	2022-06-18T00:00:00	""	COM VÍTIMA	CANCELADA	IMBIRIBEIRA	RUA PARIS	552,0	""	ATRAS DO SUPERMERCADO AÇAI	IMBIRIBEIRA	""	""	COLISÃO LATERAL	1,0	1,0	0,0	0,0	0,0	0,0	0,0	0,0	0,0	1,0	0,0	""	""	""	""	""	""	""	""	""	""	""	""	""
1108	202213999,0	2022-06-18T00:00:00	""	COM VÍTIMA	CANCELADA	ESPINHEIRO	RUA DA HORA	""	AV JOAO DE BARROS	POSTO SHELW	ESPINHEIRO	""	""	COLISÃO TRASEIRA	2,0	0,0	0,0	0,0	0,0	0,0	0,0	0,0	0,0	1,0	0,0	""	""	""	""	""	""	""	""	""	""	""	""	""
1109	202214000,0	2022-06-18T00:00:00	""	COM VÍTIMA	FINALIZADA	IPUTINGA	RUA BOM PASTOR	126,0	RUA COMENDADOR ALVARES DE CARVALHO	EDIFÍCIO PRAÇA DOS CARVALHOS	IPUTINGA	254,0	CIDADE	COLISÃO LATERAL	1,0	1,0	0,0	0,0	0,0	0,0	0,0	0,0	0,0	1,0	0,0	Cruzamento	Bom	Sem defeito	Perfeito estado	Seca	Perfeito estado	Faixa de pedestre	R-6a	""	Dupla	Faixa contínua	Faixa seccionada	""
1110	202214001,0	2022-06-18T00:00:00	""	COM VÍTIMA	CANCELADA	CASA FORTE	AV DEZESSETE DE AGOSTO	""	""	NO SEMÁFORO 469	CASA FORTE	469,0	""	COLISÃO COM CICLISTA	0,0	1,0	0,0	1,0	0,0	0,0	0,0	0,0	0,0	1,0	0,0	""	""	""	""	""	""	""	""	""	""	""	""	""
1111	202214013,0	2022-06-18T00:00:00	""	COM VÍTIMA	FINALIZADA	IPUTINGA	AV CAXANGA	""	RUA MANOEL JOAQUIM DE ALMEIDA	EM FRENTE A IPUTINGA AUTOMOVEIS	IPUTINGA	533,0	CIDADE	COLISÃO LATERAL	1,0	1,0	0,0	0,0	0,0	0,0	0,0	0,0	0,0	1,0	0,0	Cruzamento	Bom	Sem defeito	Perfeito estado	Seca	Perfeito estado	Não existe	Outras	""	Dupla	Canteiro central	""	""
1112	202214019,0	2022-06-18T00:00:00	""	SEM VÍTIMA	FINALIZADA	CASA AMARELA	EST DO ARRAIAL	2626,0	RUA GOMES COUTINHO	""	CASA AMARELA	""	SUBURBIO	""	2,0	0,0	0,0	0,0	0,0	0,0	0,0	0,0	0,0	0,0	0,0	Longo da via	Bom	Não existe	Perfeito estado	Seca	Perfeito estado	""	""	""	Única	""	""	""
1113	202214031,0	2022-06-18T00:00:00	""	COM VÍTIMA	FINALIZADA	SANTO AMARO	AV NORTE MIGUEL ARRAES DE ALENCAR	""	""	EM FRENTE AO POSTO ALVORADA	SANTO AMARO	""	SUBURBIO	COLISÃO TRASEIRA	1,0	1,0	0,0	0,0	0,0	0,0	0,0	0,0	0,0	2,0	0,0	Longo da via	Bom	Não existe	Perfeito estado	Seca	Perfeito estado	Não existe	R-6a	""	Dupla	Canteiro central	""	""
1114	202214032,0	2022-06-18T00:00:00	""	COM VÍTIMA	FINALIZADA	ÁGUA FRIA	AV BEBERIBE	2175,0	RUA DA REGENERACAO	SEMÁFARO 187	ÁGUA FRIA	187,0	SUBURBIO	ATROPELAMENTO DE PESSOA	0,0	1,0	0,0	0,0	1,0	0,0	0,0	0,0	0,0	1,0	0,0	Cruzamento	Bom	Sem defeito	Perfeito estado	Seca	Perfeito estado	Faixa de pedestre	""	""	""	""	""	""
1115	202214035,0	2022-06-19T00:00:00	""	COM VÍTIMA	FINALIZADA	BOA VIAGEM	AV DES JOSE NEVES	""	AV JOAQUIM RIBEIRO	PROXIMO A FERREIRA PINTO,  ANTES DO TÚNEL ALGUSTO LUCENA	BOA VIAGEM	567,0	SUBURBIO	COLISÃO TRANSVERSAL	2,0	0,0	0,0	0,0	0,0	0,0	0,0	0,0	0,0	4,0	0,0	Longo da via	Chuvoso	Sem defeito	Perfeito estado	Molhada	Mal iluminada	Faixa de pedestre	""	""	Única	Faixa seccionada	""	""
1116	202214065,0	2022-06-19T00:00:00	""	COM VÍTIMA	FINALIZADA	SANTO AMARO	RUA CAPITAO LIMA	""	RUA DA FUNDICAO	PROX A TV GLOBO	SANTO AMARO	""	""	COLISÃO TRANSVERSAL	1,0	1,0	0,0	0,0	0,0	0,0	0,0	0,0	0,0	1,0	0,0	Cruzamento	Bom	Não existe	Perfeito estado	Seca	Perfeito estado	Faixa de pedestre	"Placas ""Pare"""	""	""	Faixa contínua	Faixa seccionada	""
1117	202214094,0	2022-06-19T00:00:00	""	COM VÍTIMA	FINALIZADA	JORDÃO	AV MARECHAL MASCARENHAS DE MORAES	161B	""	EM FRENTE AO AEROPORTO, PRÓXIMO A ENTRADA PARA O JORDÃO	JORDÃO	""	SUBURBIO	COLISÃO LATERAL	0,0	2,0	0,0	0,0	0,0	0,0	0,0	0,0	0,0	1,0	0,0	Longo da via	Bom	Não existe	Incompleta	Seca	Mal iluminada	""	Não há placas	60 km/h	Dupla	""	""	""
1118	202214097,0	2022-06-19T00:00:00	""	SEM VÍTIMA	FINALIZADA	MORRO DA CONCEIÇÃO	RUA ITACOATIARA	""	""	PRÓXIMO A ANDRÉ GÁS	MORRO DA CONCEIÇÃO	""	SUBURBIO	CHOQUE	1,0	0,0	0,0	0,0	0,0	0,0	0,0	0,0	0,0	0,0	0,0	Longo da via	Chuvoso	Não existe	Não existente	Molhada	Perfeito estado	Não existe	Não há placas	""	Única	Não existe	""	""
1119	202214099,0	2022-06-19T00:00:00	""	COM VÍTIMA	FINALIZADA	IMBIRIBEIRA	AV MARECHAL MASCARENHAS DE MORAES	2160,0	RUA PAMPULHA	EM FRENTE A RENAULT	IMBIRIBEIRA	""	SUBURBIO	COLISÃO TRASEIRA	1,0	1,0	0,0	0,0	0,0	0,0	0,0	0,0	0,0	1,0	0,0	Longo da via	Chuvoso	""	""	Molhada	""	Não existe	""	""	Dupla	""	""	""
1120	202214125,0	2022-06-20T00:00:00	""	COM VÍTIMA	FINALIZADA	CAMPO GRANDE	AV GOVERNADOR AGAMENON MAGALHAES	""	""	LADO OPOSTO AO SHOPPING TACARUNA. FÁBRICA TACARUNA.	CAMPO GRANDE	""	CIDADE	ATROPELAMENTO DE PESSOA	0,0	1,0	0,0	0,0	1,0	0,0	0,0	0,0	0,0	1,0	0,0	Longo da via	Bom	Não existe	Perfeito estado	Seca	Perfeito estado	Não existe	R-32	60 km/h	Dupla	Canteiro central	""	""
1121	202214155,0	2022-06-20T00:00:00	""	COM VÍTIMA	FINALIZADA	ESTÂNCIA	AV RECIFE	5520,0	""	PROX. AO ARMAZEM CORAL SENT. BR. EM FRENTE A T e F DESIGN	ESTÂNCIA	""	SUBURBIO	COLISÃO LATERAL	1,0	1,0	0,0	0,0	0,0	0,0	0,0	0,0	0,0	1,0	0,0	Longo da via	Bom	Não existe	Perfeito estado	Seca	Perfeito estado	Não existe	Não há placas	""	Única	Faixa seccionada	""	""
1122	202214173,0	2022-06-20T00:00:00	""	SEM VÍTIMA	FINALIZADA	AREIAS	RUA HAVAI	""	""	EM FRENTE AO ATACADÃO	AREIAS	""	CIDADE	COLISÃO FRONTAL	1,0	0,0	0,0	0,0	0,0	0,0	1,0	0,0	0,0	0,0	0,0	Longo da via	Bom	Não existe	Não existente	Seca	Perfeito estado	Não existe	Não há placas	""	Dupla	Não existe	""	""
1123	202214179,0	2022-06-20T00:00:00	""	COM VÍTIMA	FINALIZADA	IPSEP	RUA HELIO BRANDAO	500,0	AV GENERAL BENTO DA GAMA	RUA GAL BENTO DA GAMA	IPSEP	""	CIDADE	COLISÃO TRANSVERSAL	2,0	0,0	0,0	0,0	0,0	0,0	0,0	0,0	0,0	1,0	0,0	Cruzamento	Bom	Não existe	Perfeito estado	Seca	Perfeito estado	Faixa de retenção	"Placas ""Pare"""	""	Dupla	Faixa seccionada	""	""
1124	202214206,0	2022-06-20T00:00:00	""	SEM VÍTIMA	FINALIZADA	SÃO JOSÉ	AV SUL	""	""	AO LADO DO FORTE DAS CINCO PONTAS	SÃO JOSÉ	""	""	COLISÃO TRASEIRA	2,0	0,0	0,0	0,0	0,0	0,0	0,0	0,0	0,0	0,0	0,0	""	""	""	""	""	""	""	""	""	""	""	""	""
1125	202214220,0	2022-06-21T00:00:00	""	COM VÍTIMA	FINALIZADA	BOA VIAGEM	RUA JOSE DA SILVA LUCENA	20,0	""	EM FRENTE AO COLEGIO GGE - ACIDENTE ENVOLVENDO ORIENTADOR II  DA ARGUS THOMAZ EDSON  - COLABORADOR DA CTTU/RECIFE.	BOA VIAGEM	""	SUBURBIO	COLISÃO LATERAL	1,0	1,0	0,0	0,0	0,0	0,0	0,0	0,0	0,0	1,0	0,0	Longo da via	Bom	Não existe	Perfeito estado	Seca	Perfeito estado	Faixa de pedestre	Outras	60 km/h	Dupla	Não existe	""	""
1126	202214242,0	2022-06-21T00:00:00	""	COM VÍTIMA	FINALIZADA	TOTÓ	AV LIBERDADE	612,0	EST DO CURADO	Depois da Loterica/ Em Frente a Barraca Tenda da Liberdade	TOTÓ	""	CIDADE	COLISÃO TRANSVERSAL	1,0	1,0	0,0	0,0	0,0	0,0	0,0	0,0	0,0	2,0	0,0	Longo da via	Bom	Sem defeito	Não existente	Seca	Perfeito estado	Não existe	Não há placas	""	Dupla	Não existe	""	""
1127	202214267,0	2022-06-21T00:00:00	""	COM VÍTIMA	FINALIZADA	BEBERIBE	AV BEBERIBE	""	""	ENTRE O CAMPO DO ARRUDA  EO ARMAZEM ACHAQUI	BEBERIBE	""	""	ATROPELAMENTO DE PESSOA	0,0	0,0	0,0	0,0	1,0	1,0	0,0	0,0	0,0	1,0	0,0	Longo da via	Bom	Não existe	Perfeito estado	Seca	Perfeito estado	Não existe	Não há placas	""	Dupla	Faixa contínua	""	""
1128	202214269,0	2022-06-21T00:00:00	""	SEM VÍTIMA	FINALIZADA	JARDIM SÃO PAULO	AV LIBERDADE	525,0	""	LOTERIA LIBERDADE	JARDIM SÃO PAULO	""	""	COLISÃO TRASEIRA	0,0	1,0	0,0	0,0	0,0	0,0	0,0	1,0	0,0	0,0	0,0	Longo da via	Bom	Não existe	Não existente	Seca	Mal conservada	Não existe	Não há placas	""	Dupla	Não existe	""	""
1129	202214271,0	2022-06-21T00:00:00	""	SEM VÍTIMA	FINALIZADA	SANTO AMARO	RUA DR CARLOS CHAGAS	""	AV JOAO DE BARROS	AO LADO DA CLÍNICA ODONTOLÓGICA CIA DO SORRISO	SANTO AMARO	""	CIDADE	""	1,0	0,0	0,0	0,0	0,0	0,0	0,0	1,0	0,0	0,0	0,0	""	Bom	Não existe	Perfeito estado	Seca	Perfeito estado	Faixa de pedestre	""	""	Única	Faixa seccionada	""	""
1130	202214289,0	2022-06-21T00:00:00	""	COM VÍTIMA	FINALIZADA	TEJIPIÓ	AV DR JOSE RUFINO	3385,0	""	EM FRENTE A ESCOLA EDWIGES DE SA PEREIRA E AO LADO DO ARMAZEM CORAL	TEJIPIÓ	""	SUBURBIO	ATROPELAMENTO DE PESSOA	0,0	0,0	0,0	0,0	1,0	1,0	0,0	0,0	0,0	1,0	0,0	Longo da via	Bom	Não existe	Perfeito estado	Seca	Perfeito estado	Não existe	Não há placas	60 km/h	Dupla	Faixa contínua	""	""
1131	202214292,0	2022-06-21T00:00:00	""	COM VÍTIMA	FINALIZADA	ÁGUA FRIA	AV ANIBAL BENEVOLO	""	""	TERMINAL DE ÔNIBUS DO ALTO SANTA TERSINHA	ÁGUA FRIA	""	""	COLISÃO TRANSVERSAL	1,0	1,0	0,0	0,0	0,0	0,0	0,0	0,0	0,0	1,0	0,0	""	""	""	""	""	""	""	""	""	""	""	""	""
1132	202214296,0	2022-06-21T00:00:00	""	COM VÍTIMA	FINALIZADA	IBURA	RUA RIO BRIGIDA	""	""	PRÓXIMO  AO SESI	IBURA	""	""	COLISÃO FRONTAL	0,0	2,0	0,0	0,0	0,0	0,0	0,0	0,0	0,0	1,0	0,0	""	""	""	""	""	""	""	""	""	""	""	""	""
1133	202214305,0	2022-06-22T00:00:00	""	COM VÍTIMA	FINALIZADA	CIDADE UNIVERSITÁRIA	AV PROFESSOR LUIZ FREIRE	500,0	""	EM FRENTE A ENTRADA PRINCPAL DO ESTACIONAMENTO DA UFPE. INSTITUTO FEDERAL DE PERNAMBUCO.	CIDADE UNIVERSITÁRIA	""	SUBURBIO	COLISÃO LATERAL	1,0	1,0	0,0	0,0	0,0	0,0	0,0	0,0	0,0	1,0	0,0	Longo da via	Chuvoso	Não existe	Não existente	Molhada	Perfeito estado	Não existe	Não há placas	40 km/h	Dupla	Faixa seccionada	""	""
1134	202214306,0	2022-06-22T00:00:00	""	COM VÍTIMA	DUPLICIDADE	CURADO	AV PROFESSOR LUIZ FREIRE	500,0	""	PROX AO INSTITUTO FEDERAL DA EDUCAÇÃO	CURADO	""	""	COLISÃO LATERAL	1,0	1,0	0,0	0,0	0,0	0,0	0,0	0,0	0,0	1,0	0,0	""	""	""	""	""	""	""	""	""	""	""	""	""
1135	202214309,0	2022-06-22T00:00:00	""	SEM VÍTIMA	FINALIZADA	IPUTINGA	RUA SAO MATEUS	1160,0	""	PRÓX. AO DEPÓSITO DOS CORREIOS	IPUTINGA	""	""	COLISÃO LATERAL	3,0	0,0	0,0	0,0	0,0	0,0	0,0	0,0	0,0	0,0	0,0	""	""	""	""	""	""	""	""	""	""	""	""	""
1136	202214319,0	2022-06-22T00:00:00	""	COM VÍTIMA	FINALIZADA	SANTANA	RUA SANT'ANNA	136,0	RUA DONA ADA VIEIRA	EM FRENTE AO QUARTEL DA CPOR	SANTANA	""	""	COLISÃO TRANSVERSAL	2,0	0,0	0,0	0,0	0,0	0,0	0,0	0,0	0,0	1,0	0,0	Não informado	Chuvoso	Não existe	Perfeito estado	Molhada	Perfeito estado	""	""	""	Dupla	""	""	""
1137	202214322,0	2022-06-22T00:00:00	""	COM VÍTIMA	FINALIZADA	MADALENA	EST DOS REMEDIOS	401,0	RUA LOPES DE CARVALHO	""	MADALENA	""	CIDADE	COLISÃO TRANSVERSAL	1,0	1,0	0,0	0,0	0,0	0,0	0,0	0,0	0,0	1,0	0,0	Longo da via	Chuvoso	Não existe	Perfeito estado	Molhada	Perfeito estado	Não existe	Outras	""	Única	Faixa seccionada	""	""
1138	202214325,0	2022-06-22T00:00:00	""	COM VÍTIMA	FINALIZADA	BOA VIAGEM	AV DES JOSE NEVES	""	""	ENTRADA DO TÚNEL, LADO OPOSTO AO ATACADÃO	BOA VIAGEM	""	CIDADE	COLISÃO TRASEIRA	2,0	0,0	0,0	0,0	0,0	0,0	0,0	0,0	0,0	1,0	0,0	Longo da via	Chuvoso	Não existe	Incompleta	Molhada	Mal conservada	Não existe	Não há placas	""	Única	Faixa contínua	""	""
1139	202214337,0	2022-06-22T00:00:00	""	COM VÍTIMA	FINALIZADA	MADALENA	RUA JOSE OSORIO	464,0	""	EM FRENTE A ZEUS MULTIMARCAS	MADALENA	""	SUBURBIO	COLISÃO LATERAL	1,0	1,0	0,0	0,0	0,0	0,0	0,0	0,0	0,0	1,0	0,0	Longo da via	Chuvoso	Não existe	Perfeito estado	Molhada	Perfeito estado	Não existe	Não há placas	40 km/h	Dupla	Faixa contínua	""	""
1140	202214339,0	2022-06-22T00:00:00	""	SEM VÍTIMA	FINALIZADA	ARRUDA	AV PROFESSOR JOSE DOS ANJOS	""	AV BEBERIBE	""	ARRUDA	131,0	SUBURBIO	COLISÃO TRASEIRA	1,0	0,0	0,0	0,0	0,0	0,0	0,0	1,0	0,0	0,0	0,0	Cruzamento	Chuvoso	Sem defeito	Perfeito estado	Molhada	Perfeito estado	Faixa de pedestre	Outras	40 km/h	Dupla	Canteiro central	Canal	""
1141	202214341,0	2022-06-22T00:00:00	""	COM VÍTIMA	FINALIZADA	TAMARINEIRA	RUA SEBASTIAO ALVES	73,0	""	E/F AO COLEGIO MADRE DE DEUS	TAMARINEIRA	""	""	COLISÃO LATERAL	1,0	1,0	0,0	0,0	0,0	0,0	0,0	0,0	0,0	1,0	0,0	Longo da via	Chuvoso	Não existe	Perfeito estado	Molhada	Perfeito estado	Faixa de pedestre	R-34	""	Única	Outros	""	""
1142	202214346,0	2022-06-22T00:00:00	""	COM VÍTIMA	FINALIZADA	IMBIRIBEIRA	AV PRESIDENTE DUTRA	""	AV SENADOR ROBERT KENNEDY	PERTO DO SOL E BRASA. LADO OPOSTO À EQUIPADORA CARLOS FILM'S	IMBIRIBEIRA	""	SUBURBIO	COLISÃO TRANSVERSAL	1,0	1,0	0,0	0,0	0,0	0,0	0,0	0,0	0,0	1,0	0,0	Cruzamento	Chuvoso	Sem defeito	Perfeito estado	Molhada	Perfeito estado	Faixa de pedestre	R-6a	""	""	Faixa seccionada	""	""
1143	202214362,0	2022-06-22T00:00:00	""	COM VÍTIMA	CANCELADA	TEJIPIÓ	AV DR JOSE RUFINO	""	""	EM FRENTE DO QUARTEL QUARTO BCOM	TEJIPIÓ	""	""	COLISÃO FRONTAL	1,0	1,0	0,0	0,0	0,0	0,0	0,0	0,0	0,0	1,0	0,0	""	""	""	""	""	""	""	""	""	""	""	""	""
1144	202214363,0	2022-06-22T00:00:00	""	SEM VÍTIMA	FINALIZADA	AFOGADOS	RUA SAO MIGUEL	""	""	E/F AO ARMAZEM CORAL	AFOGADOS	""	""	COLISÃO FRONTAL	1,0	1,0	0,0	0,0	0,0	0,0	0,0	0,0	0,0	0,0	0,0	""	""	""	""	""	""	""	""	""	""	""	""	""
1145	202214385,0	2022-06-22T00:00:00	""	COM VÍTIMA	FINALIZADA	BOA VIAGEM	AV ENGENHEIRO DOMINGOS FERREIRA	107,0	RUA JOSE TRAJANO	AO LADO LABORATÓRIO EDMAR VICTO. ESCOLA DE GASTRONOMIA E CONFEITARIA.	BOA VIAGEM	""	SUBURBIO	ATROPELAMENTO DE PESSOA	1,0	0,0	0,0	0,0	1,0	0,0	0,0	0,0	0,0	1,0	0,0	Longo da via	Chuvoso	Não existe	Perfeito estado	Molhada	Perfeito estado	Não existe	Não há placas	""	Única	Faixa seccionada	""	""
1146	202214390,0	2022-06-22T00:00:00	""	COM VÍTIMA	FINALIZADA	GRAÇAS	PRC DO ENTRONCAMENTO	50,0	""	LA LHAMBRA	GRAÇAS	""	""	COLISÃO COM CICLISTA	1,0	0,0	0,0	2,0	0,0	0,0	0,0	0,0	0,0	1,0	0,0	""	""	""	""	""	""	""	""	""	""	""	""	""
1147	202214406,0	2022-06-23T00:00:00	""	COM VÍTIMA	FINALIZADA	BOA VIAGEM	AV BOA VIAGEM	5450,0	RUA PROFESSOR MARIO DE CASTRO	APÓS O PARQUE DONA LINDU	BOA VIAGEM	148,0	CIDADE	COLISÃO TRASEIRA	0,0	1,0	0,0	0,0	0,0	1,0	0,0	0,0	0,0	1,0	0,0	Longo da via	Bom	Sem defeito	Perfeito estado	Seca	Perfeito estado	Faixa de pedestre	Outras	60 km/h	Única	Faixa contínua	""	""
1148	202214458,0	2022-06-23T00:00:00	""	COM VÍTIMA	FINALIZADA	SÃO JOSÉ	TRV DO GASPAR	1600,0	""	EM FRENTE A CIP MOTOS ROCAM	SÃO JOSÉ	""	""	CHOQUE	0,0	1,0	0,0	0,0	0,0	0,0	0,0	0,0	0,0	1,0	0,0	Longo da via	Bom	Não existe	Não existente	Molhada	Mal conservada	Não existe	Não há placas	""	Dupla	Não existe	""	""
1149	202214461,0	2022-06-23T00:00:00	""	COM VÍTIMA	FINALIZADA	CAMPO GRANDE	EST DE BELEM	1335,0	RUA MARIO SETE	PROXIMA A IGREJA NOSSA SENHORA DO BOM PARTO	CAMPO GRANDE	""	CIDADE	COLISÃO LATERAL	1,0	1,0	0,0	0,0	0,0	0,0	0,0	0,0	0,0	1,0	0,0	Cruzamento	Bom	Não existe	Perfeito estado	Seca	Perfeito estado	Não existe	Outras	""	Dupla	Faixa contínua	""	""
1150	202214462,0	2022-06-23T00:00:00	""	COM VÍTIMA	FINALIZADA	AREIAS	RUA JORNALISTA VILMA LESSA	875,0	""	Flesh Hamburgueria	AREIAS	""	SUBURBIO	COLISÃO TRANSVERSAL	1,0	1,0	0,0	0,0	0,0	0,0	0,0	0,0	0,0	1,0	0,0	Cruzamento	Bom	Não existe	Não existente	Seca	Mal conservada	Não existe	Não há placas	30 km/h	Dupla	Não existe	""	""
1151	202214464,0	2022-06-23T00:00:00	""	SEM VÍTIMA	CANCELADA	CORDEIRO	RUA GOMES TABORDA	""	""	BAR VAPOR 82	CORDEIRO	""	""	CHOQUE	2,0	0,0	0,0	0,0	0,0	0,0	0,0	0,0	0,0	0,0	0,0	""	""	""	""	""	""	""	""	""	""	""	""	""
1152	202214472,0	2022-06-24T00:00:00	""	COM VÍTIMA	FINALIZADA	BAIRRO DO RECIFE	PTE GIRATORIA	""	""	""	BAIRRO DO RECIFE	""	SUBURBIO	QUEDA	0,0	1,0	0,0	0,0	0,0	0,0	0,0	0,0	0,0	1,0	0,0	Ponte	Chuvoso	Não existe	Não existente	Oleosa	Perfeito estado	Não existe	Não há placas	""	Dupla	Canteiro central	""	""
1153	202214484,0	2022-06-24T00:00:00	""	COM VÍTIMA	FINALIZADA	CAMPO GRANDE	RUA HERMILIO GOMES	225,0	RUA PROFESSOR FRANCISCO DA TRINDADE	NA RUA DO POSTO DE GASOLINA TOTAL	CAMPO GRANDE	""	""	COLISÃO TRANSVERSAL	1,0	1,0	0,0	0,0	0,0	0,0	0,0	0,0	0,0	1,0	0,0	Esquina	Chuvoso	Não existe	Não existente	Molhada	Perfeito estado	Não existe	Não há placas	""	Dupla	Não existe	""	""
1154	202214489,0	2022-06-24T00:00:00	""	SEM VÍTIMA	FINALIZADA	IPUTINGA	AV PROFESSOR MORAES REGO	""	RUA LAGO VERDE	APÓS O MOTEL EROS	IPUTINGA	""	SUBURBIO	COLISÃO TRASEIRA	0,0	2,0	0,0	0,0	0,0	0,0	0,0	0,0	0,0	0,0	0,0	Longo da via	Bom	Não existe	Perfeito estado	Seca	Perfeito estado	Não existe	Não há placas	""	Única	Faixa seccionada	""	""