_id	Protocolo	data	hora	natureza	situacao	bairro	endereco	numero	detalhe_endereco_acidente	complemento	bairro_cruzamento	num_semaforo	sentido_via	tipo	auto	moto	ciclom	ciclista	pedestre	onibus	caminhao	viatura	outros	vitimas	vitimasfatais	acidente_verificado	tempo_clima	situacao_semaforo	sinalizacao	condicao_via	conservacao_via	ponto_controle	situacao_placa	velocidade_max_via	mao_direcao	divisao_via1	divisao_via2	divisao_via3
1496	202218600,0	2022-08-12T00:00:00	""	SEM VÍTIMA	FINALIZADA	SAN MARTIN	RUA VINTE E UM DE ABRIL	""	""	EM FRENTE A PADARIA PARIS	SAN MARTIN	""	CIDADE	""	1,0	0,0	0,0	0,0	0,0	0,0	0,0	0,0	0,0	0,0	0,0	Longo da via	Bom	Não existe	Incompleta	Seca	Perfeito estado	Não existe	Não há placas	""	Dupla	Faixa seccionada	""	""
1497	202218610,0	2022-08-12T00:00:00	""	COM VÍTIMA	FINALIZADA	CORDEIRO	AV CAXANGA	""	AV GENERAL SAN MARTIN	EM FRENTE AO T.I. DA CAXANGÁ	CORDEIRO	80,0	CIDADE	COLISÃO TRASEIRA	1,0	1,0	0,0	0,0	0,0	0,0	0,0	0,0	0,0	1,0	0,0	Longo da via	Bom	Sem defeito	Perfeito estado	Seca	Perfeito estado	Faixa de pedestre	Não há placas	60 km/h	Única	""	""	""
1498	202218614,0	2022-08-12T00:00:00	""	COM VÍTIMA	DUPLICIDADE	VÁRZEA	AV CAXANGA	""	""	EM FRENTE AO T.I. DA CAXANGÁ	VÁRZEA	""	""	COLISÃO TRASEIRA	1,0	1,0	0,0	0,0	0,0	0,0	0,0	0,0	0,0	1,0	0,0	""	""	""	""	""	""	""	""	""	""	""	""	""
1499	202218617,0	2022-08-12T00:00:00	""	COM VÍTIMA	FINALIZADA	VÁRZEA	AV AFONSO OLINDENSE	700,0	""	DEPÓSITO SÓ BEBIDAS	VÁRZEA	""	""	COLISÃO LATERAL	1,0	1,0	0,0	0,0	0,0	0,0	0,0	0,0	0,0	1,0	0,0	Longo da via	Bom	Não existe	Perfeito estado	Seca	Perfeito estado	Não existe	Outras	30 km/h	Dupla	Faixa contínua	""	""
1500	202218629,0	2022-08-12T00:00:00	""	SEM VÍTIMA	CANCELADA	ROSARINHO	AV NORTE MIGUEL ARRAES DE ALENCAR	3652,0	""	E/F ALARME CENTER PROX  VISTORIA DO DETRAN  S/T  CID	ROSARINHO	""	""	COLISÃO FRONTAL	1,0	2,0	0,0	0,0	0,0	0,0	0,0	0,0	0,0	0,0	0,0	""	""	""	""	""	""	""	""	""	""	""	""	""
1501	202218638,0	2022-08-12T00:00:00	""	COM VÍTIMA	FINALIZADA	COQUEIRAL	RUA LINHA NOVA	22,0	""	EM FRENTE A VADO RECICLAGEM	COQUEIRAL	""	""	COLISÃO LATERAL	0,0	1,0	0,0	0,0	0,0	0,0	1,0	0,0	0,0	1,0	0,0	Esquina	Bom	Não existe	Perfeito estado	Seca	Perfeito estado	Não existe	Não há placas	""	Dupla	Não existe	""	""
1502	202218649,0	2022-08-12T00:00:00	""	COM VÍTIMA	FINALIZADA	SANTO AMARO	RUA FREI CASSIMIRO	""	RUA COELHO LEITE	AO LADO DO SENAI	SANTO AMARO	""	SUBURBIO	COLISÃO TRANSVERSAL	1,0	1,0	0,0	0,0	0,0	0,0	0,0	0,0	0,0	1,0	0,0	Cruzamento	Bom	Não existe	Perfeito estado	Seca	Perfeito estado	Não existe	Não há placas	""	Dupla	Faixa contínua	Faixa seccionada	""
1503	202218662,0	2022-08-12T00:00:00	""	COM VÍTIMA	CANCELADA	IPSEP	AV RECIFE	""	""	PRÓXIMO AO ARMAZEM CORAL	IPSEP	""	""	ATROPELAMENTO DE PESSOA	0,0	0,0	0,0	0,0	0,0	0,0	0,0	0,0	0,0	1,0	0,0	""	""	""	""	""	""	""	""	""	""	""	""	""
1504	202218663,0	2022-08-12T00:00:00	""	SEM VÍTIMA	FINALIZADA	IBURA	""	""	""	FICA NA RUA  AZEITONA, PRÓXIMO A FÁBRICA DA FREVO	IBURA	""	SUBURBIO	CHOQUE	0,0	0,0	0,0	0,0	0,0	0,0	0,0	1,0	0,0	0,0	0,0	Longo da via	Bom	Não existe	Incompleta	Seca	Mal iluminada	Não existe	Não há placas	""	Dupla	Não existe	""	""
1505	202218677,0	2022-08-13T00:00:00	""	SEM VÍTIMA	FINALIZADA	BOA VIAGEM	AV CONSELHEIRO AGUIAR	4252,0	""	HABIBS	BOA VIAGEM	""	""	COLISÃO FRONTAL	2,0	0,0	0,0	0,0	0,0	0,0	0,0	0,0	0,0	0,0	0,0	""	""	""	""	""	""	""	""	""	""	""	""	""
1506	202218712,0	2022-08-13T00:00:00	""	COM VÍTIMA	FINALIZADA	VÁRZEA	AV AFONSO OLINDENSE	895,0	""	EM FRENTE A  DELICIA DO TRIGO	VÁRZEA	""	SUBURBIO	COLISÃO TRASEIRA	1,0	1,0	0,0	0,0	0,0	0,0	0,0	0,0	0,0	1,0	0,0	Longo da via	Bom	Sem defeito	Perfeito estado	Seca	Perfeito estado	Não existe	""	40 km/h	Dupla	Faixa contínua	""	""
1507	202218714,0	2022-08-13T00:00:00	""	COM VÍTIMA	FINALIZADA	AREIAS	AV DR JOSE RUFINO	955,0	RUA COSTA HONORATO	EM FRENTE A HONDA	AREIAS	""	SUBURBIO	COLISÃO TRANSVERSAL	1,0	1,0	0,0	0,0	0,0	0,0	0,0	0,0	0,0	2,0	0,0	Cruzamento	Bom	Não existe	Perfeito estado	Seca	Perfeito estado	Outros	Outras	50 km/h	Dupla	Faixa contínua	""	""
1508	202218720,0	2022-08-13T00:00:00	""	COM VÍTIMA	FINALIZADA	IMBIRIBEIRA	AV GENERAL MAC ARTHUR	""	""	EM FRENTE AO LE PARC	IMBIRIBEIRA	673,0	SUBURBIO	COLISÃO TRANSVERSAL	1,0	1,0	0,0	0,0	0,0	0,0	0,0	0,0	0,0	1,0	0,0	Longo da via	Bom	Sem defeito	Perfeito estado	Seca	Perfeito estado	Faixa de pedestre	Não há placas	40 km/h	Única	Faixa seccionada	""	""
1509	202218722,0	2022-08-13T00:00:00	""	COM VÍTIMA	FINALIZADA	BOA VIAGEM	RUA DR LUIZ INACIO PESSOA DE MELO	342,0	""	E/F AO SUPERMERCADO TREVO	BOA VIAGEM	""	CIDADE	COLISÃO FRONTAL	1,0	1,0	0,0	0,0	0,0	0,0	0,0	0,0	0,0	1,0	0,0	Longo da via	Bom	Não existe	Perfeito estado	Seca	Perfeito estado	Não existe	Outras	""	Dupla	Faixa seccionada	""	""
1510	202218724,0	2022-08-13T00:00:00	""	COM VÍTIMA	FINALIZADA	BOA VISTA	AV GOVERNADOR AGAMENON MAGALHAES	""	""	EM FRENTE AO COLEGIO AMERICANO BATISTA	BOA VISTA	37,0	SUBURBIO	COLISÃO TRASEIRA	1,0	1,0	0,0	0,0	0,0	0,0	0,0	0,0	0,0	1,0	0,0	Longo da via	Bom	Sem defeito	Perfeito estado	Seca	Perfeito estado	Faixa de pedestre	R-6a	""	Dupla	Canteiro central	""	""
1511	202218726,0	2022-08-13T00:00:00	""	COM VÍTIMA	FINALIZADA	SANTO AMARO	RUA TREZE DE MAIO	914A	RUA FREI CASSIMIRO	""	SANTO AMARO	""	SUBURBIO	COLISÃO LATERAL	1,0	1,0	0,0	0,0	0,0	0,0	0,0	0,0	0,0	2,0	0,0	Cruzamento	Bom	Não existe	Perfeito estado	Seca	Perfeito estado	Faixa de pedestre	Outras	""	Dupla	Faixa contínua	""	""
1512	202218748,0	2022-08-14T00:00:00	""	COM VÍTIMA	CANCELADA	DERBY	AV GOVERNADOR AGAMENON MAGALHAES	""	PRC DO DERBY	PRAÇA DO DERBY	DERBY	75,0	""	COLISÃO TRANSVERSAL	1,0	1,0	0,0	0,0	0,0	0,0	0,0	0,0	0,0	1,0	0,0	""	""	""	""	""	""	""	""	""	""	""	""	""
1513	202218751,0	2022-08-14T00:00:00	""	COM VÍTIMA	FINALIZADA	BARRO	AV DR JOSE RUFINO	1897,0	""	EM FRENTE A GALERIA BARRO, PROX. AO POSTO DE GASOLINA IMPERIO	BARRO	""	CIDADE	CHOQUE	1,0	0,0	0,0	0,0	0,0	0,0	0,0	0,0	0,0	1,0	0,0	Longo da via	Bom	Não existe	Perfeito estado	Seca	Perfeito estado	Não existe	Não há placas	40 km/h	""	Faixa contínua	""	""
1514	202218764,0	2022-08-14T00:00:00	""	COM VÍTIMA	FINALIZADA	CAJUEIRO	AV BEBERIBE	""	RUA MAJOR DAVINO	NA ESQUINA DA PIZZARIA VICIOS	CAJUEIRO	307,0	""	COLISÃO TRANSVERSAL	1,0	1,0	0,0	0,0	0,0	0,0	0,0	0,0	0,0	1,0	0,0	Cruzamento	Bom	Sem defeito	Perfeito estado	Seca	Perfeito estado	Faixa de pedestre	Não há placas	""	Dupla	Faixa contínua	""	""
1515	202218767,0	2022-08-14T00:00:00	""	COM VÍTIMA	FINALIZADA	ALTO SANTA TERESINHA	AV ANIBAL BENEVOLO	636,0	""	EM FRENTE AO CLUBE BELA VISTA	ALTO SANTA TERESINHA	""	CIDADE	COLISÃO LATERAL	1,0	0,0	1,0	0,0	0,0	0,0	0,0	0,0	0,0	1,0	0,0	Longo da via	Bom	Não existe	Perfeito estado	Seca	Perfeito estado	Não existe	Outras	30 km/h	Dupla	Não existe	""	""
1516	202218771,0	2022-08-14T00:00:00	""	COM VÍTIMA	FINALIZADA	ESPINHEIRO	RUA DO ESPINHEIRO	""	RUA SANTO ELIAS	DE FRENTE AO POSTO IPIRANGA	ESPINHEIRO	""	CIDADE	COLISÃO TRANSVERSAL	2,0	0,0	0,0	0,0	0,0	0,0	0,0	0,0	0,0	1,0	0,0	Cruzamento	Bom	Não existe	Incompleta	Seca	Perfeito estado	Faixa de pedestre	"Placas ""Pare"""	""	Única	Faixa seccionada	""	""
1517	202218776,0	2022-08-14T00:00:00	""	COM VÍTIMA	FINALIZADA	ÁGUA FRIA	AV BEBERIBE	2584,0	""	PROX AO PAGODE DA PRESSÃO	ÁGUA FRIA	""	SUBURBIO	COLISÃO COM CICLISTA	0,0	0,0	0,0	1,0	0,0	1,0	0,0	0,0	0,0	1,0	0,0	Longo da via	Bom	Não existe	Perfeito estado	Seca	Perfeito estado	Não existe	R-6a	""	Dupla	Faixa seccionada	""	""
1518	202218802,0	2022-08-15T00:00:00	""	SEM VÍTIMA	FINALIZADA	IMBIRIBEIRA	AV MARECHAL MASCARENHAS DE MORAES	""	""	LADO OPOSTO AO Nº 4890 / EM FRENTE AO MARTELINHO DE OURO	IMBIRIBEIRA	""	CIDADE	COLISÃO TRASEIRA	2,0	0,0	0,0	0,0	0,0	0,0	0,0	0,0	0,0	0,0	0,0	Longo da via	Bom	Não existe	Perfeito estado	Seca	Perfeito estado	Não existe	R-6a	60 km/h	Única	Faixa seccionada	""	""
1519	202218821,0	2022-08-15T00:00:00	""	COM VÍTIMA	FINALIZADA	IMBIRIBEIRA	RUA ITACARI	162,0	RUA ITAJAI	EM FRENTE À YNOVE	IMBIRIBEIRA	""	""	COLISÃO LATERAL	1,0	1,0	0,0	0,0	0,0	0,0	0,0	0,0	0,0	1,0	0,0	Cruzamento	Bom	Não existe	Perfeito estado	Seca	Perfeito estado	Faixa de pedestre	Outras	""	Dupla	Faixa contínua	""	""
1520	202218828,0	2022-08-15T00:00:00	""	SEM VÍTIMA	FINALIZADA	IMBIRIBEIRA	AV MARECHAL MASCARENHAS DE MORAES	2657,0	""	EM FRENTE A IMBIRIBEIRA DIESEL	IMBIRIBEIRA	7,0	CIDADE	COLISÃO TRASEIRA	1,0	0,0	0,0	0,0	0,0	0,0	0,0	0,0	1,0	0,0	0,0	Cruzamento	Bom	Sem defeito	Incompleta	Seca	Perfeito estado	Faixa de pedestre	R-6a	""	Dupla	Canteiro central	""	""
1521	202218855,0	2022-08-15T00:00:00	""	SEM VÍTIMA	CANCELADA	ALTO DO MANDU	RUA TRAMANDAI	175,0	""	PROX AO POSTO DE SAUDE	ALTO DO MANDU	""	""	COLISÃO LATERAL	1,0	0,0	0,0	0,0	0,0	0,0	1,0	0,0	0,0	0,0	0,0	""	""	""	""	""	""	""	""	""	""	""	""	""
1522	202218856,0	2022-08-15T00:00:00	""	SEM VÍTIMA	FINALIZADA	ESTÂNCIA	RUA JOAO TEIXEIRA	601,0	""	NO FINAL DA RUA DO COLEGIO VISAO	ESTÂNCIA	""	""	COLISÃO FRONTAL	2,0	0,0	0,0	0,0	0,0	0,0	0,0	0,0	0,0	0,0	0,0	""	""	""	""	""	""	""	""	""	""	""	""	""
1523	202218858,0	2022-08-15T00:00:00	""	COM VÍTIMA	FINALIZADA	MADALENA	RUA REAL DA TORRE	332,0	""	EM FRENTE DA MARCOS EQUIPADORA	MADALENA	""	SUBURBIO	ATROPELAMENTO DE PESSOA	0,0	1,0	0,0	0,0	1,0	0,0	0,0	0,0	0,0	1,0	0,0	Longo da via	Bom	Não existe	Perfeito estado	Seca	Perfeito estado	Não existe	Outras	50 km/h	""	Faixa seccionada	""	""
1524	202218861,0	2022-08-15T00:00:00	""	COM VÍTIMA	FINALIZADA	SANTO AMARO	AV GOVERNADOR AGAMENON MAGALHAES	465,0	""	EM FRENTE A UPE/ SENTIDO OLINDA	SANTO AMARO	""	SUBURBIO	COLISÃO LATERAL	1,0	1,0	0,0	0,0	0,0	0,0	0,0	0,0	0,0	1,0	0,0	Longo da via	Bom	Sem defeito	Perfeito estado	Seca	Perfeito estado	Faixa de pedestre	Não há placas	""	Dupla	Canal	""	""
1525	202218872,0	2022-08-15T00:00:00	""	COM VÍTIMA	FINALIZADA	SANTO AMARO	AV NORTE MIGUEL ARRAES DE ALENCAR	637,0	""	APOS O SEMAFORO DA RUA 13 DE MAIO	SANTO AMARO	""	CIDADE	ATROPELAMENTO DE PESSOA	0,0	1,0	0,0	0,0	1,0	0,0	0,0	0,0	0,0	1,0	0,0	Longo da via	Bom	Não existe	Perfeito estado	Seca	Perfeito estado	Não existe	Não há placas	60 km/h	Dupla	Canteiro central	""	""
1526	202218904,0	2022-08-16T00:00:00	""	COM VÍTIMA	FINALIZADA	PINA	AV ANTONIO DE GOES	742,0	RUA MANOEL DE BRITO	EM FRENTE AO EMPRESARIAL JOPIN	PINA	103,0	""	ATROPELAMENTO DE ANIMAL	0,0	1,0	0,0	0,0	0,0	0,0	0,0	0,0	1,0	2,0	0,0	Cruzamento	Bom	Sem defeito	Perfeito estado	Seca	Perfeito estado	Faixa de pedestre	R-25b	60 km/h	Única	Canteiro central	""	""
1527	202218943,0	2022-08-16T00:00:00	""	SEM VÍTIMA	FINALIZADA	JAQUEIRA	RUA PADRE ROMA	149,0	AV CONS ROSA E SILVA	APÓS HOSPITAL CORREIA PICANÇO	JAQUEIRA	61,0	SUBURBIO	COLISÃO TRASEIRA	2,0	0,0	0,0	0,0	0,0	0,0	0,0	1,0	0,0	0,0	0,0	Cruzamento	Bom	Sem defeito	Perfeito estado	Seca	Perfeito estado	Faixa de pedestre	R-6a	""	Dupla	Faixa contínua	Faixa seccionada	""
1528	202218958,0	2022-08-16T00:00:00	""	COM VÍTIMA	FINALIZADA	ESPINHEIRO	RUA CONS PORTELA	676,0	AV JOAO DE BARROS	PROXIMO AO ITAU	ESPINHEIRO	""	""	ATROPELAMENTO DE PESSOA	1,0	0,0	0,0	0,0	1,0	0,0	0,0	0,0	0,0	1,0	0,0	Longo da via	Bom	Não existe	Perfeito estado	Seca	Perfeito estado	Faixa de pedestre	R-6a	""	Única	Faixa	""	""
1529	202219004,0	2022-08-17T00:00:00	""	COM VÍTIMA	FINALIZADA	VASCO DA GAMA	RUA CORREGO DO OURO	352,0	""	PANIFICADORA VITOR	VASCO DA GAMA	""	""	COLISÃO LATERAL	1,0	0,0	0,0	0,0	0,0	0,0	1,0	0,0	0,0	1,0	0,0	Longo da via	Bom	Não existe	Não existente	Seca	Perfeito estado	Não existe	Não há placas	""	Dupla	Não existe	""	""
1530	202219006,0	2022-08-17T00:00:00	""	COM VÍTIMA	FINALIZADA	DOIS IRMÃOS	RUA MANUEL DE MEDEIROS	""	""	EM FRENTE À UFRPE	DOIS IRMÃOS	""	""	COLISÃO FRONTAL	1,0	1,0	0,0	0,0	0,0	0,0	0,0	0,0	0,0	1,0	0,0	Cruzamento	Chuvoso	Sem defeito	Perfeito estado	Molhada	Perfeito estado	Não existe	Não há placas	""	Dupla	Faixa seccionada	""	""
1531	202219030,0	2022-08-17T00:00:00	""	SEM VÍTIMA	FINALIZADA	IMBIRIBEIRA	RUA JOAQUIM BANDEIRA	374,0	AV SUL	EM FRENTE A MAFEMA E AO LADO DA ESTAÇÃO ANTÔNIO FALCÃO ( METRÔ)	IMBIRIBEIRA	""	CIDADE	""	1,0	0,0	0,0	0,0	0,0	0,0	0,0	1,0	0,0	0,0	0,0	Longo da via	Bom	Não existe	Perfeito estado	Seca	Perfeito estado	Não existe	Outras	""	Única	Faixa seccionada	""	""
1532	202219046,0	2022-08-17T00:00:00	""	COM VÍTIMA	CANCELADA	SANTO ANTÔNIO	PRC DA REPUBLICA	""	AV DANTAS BARRETO	EM FRENTE AO TEATRO SANTA  ISABEL	SANTO ANTÔNIO	""	""	COLISÃO LATERAL	1,0	1,0	0,0	0,0	0,0	0,0	0,0	0,0	0,0	1,0	0,0	""	""	""	""	""	""	""	""	""	""	""	""	""
1533	202219064,0	2022-08-17T00:00:00	""	COM VÍTIMA	FINALIZADA	BOA VISTA	RUA DO HOSPICIO	""	RUA PRINCESA IZABEL	CAMERA DOS VEREADOPRES	BOA VISTA	31,0	""	ATROPELAMENTO DE PESSOA	1,0	0,0	0,0	0,0	1,0	0,0	0,0	0,0	0,0	1,0	0,0	Cruzamento	Bom	Sem defeito	Perfeito estado	Seca	Perfeito estado	Faixa de pedestre	Outras	""	Dupla	Faixa contínua	""	""
1534	202219085,0	2022-08-17T00:00:00	""	COM VÍTIMA	FINALIZADA	BOA VISTA	AV CONDE DA BOA VISTA	1288,0	""	PRÓXIMO AO BRADESCO	BOA VISTA	""	SUBURBIO	COLISÃO TRASEIRA	1,0	1,0	0,0	0,0	0,0	0,0	0,0	0,0	0,0	1,0	0,0	Longo da via	Chuvoso	Sem defeito	Perfeito estado	Molhada	Perfeito estado	Outros	Não há placas	""	Dupla	Canteiro central	""	""
1535	202219088,0	2022-08-17T00:00:00	""	COM VÍTIMA	FINALIZADA	DERBY	AV GOVERNADOR AGAMENON MAGALHAES	""	""	PRÓXIMO AO BURGUER KING - SENTIDO BOA VIAGEM	DERBY	""	""	COLISÃO LATERAL	0,0	1,0	0,0	0,0	0,0	1,0	0,0	0,0	0,0	1,0	0,0	Longo da via	Bom	Sem defeito	Perfeito estado	Seca	Perfeito estado	Faixa de pedestre	Outras	60 km/h	Dupla	Canal	""	""
1536	202219108,0	2022-08-18T00:00:00	""	COM VÍTIMA	FINALIZADA	AFOGADOS	RUA SAO MIGUEL	469,0	""	EM FRENTE AO POSTO DE GASOLINA DISLUB	AFOGADOS	""	""	COLISÃO FRONTAL	1,0	1,0	0,0	0,0	0,0	0,0	0,0	0,0	0,0	1,0	0,0	Longo da via	Bom	Não existe	Perfeito estado	Seca	Perfeito estado	Não existe	Outras	50 km/h	Dupla	Faixa contínua	""	""
1537	202219119,0	2022-08-18T00:00:00	""	COM VÍTIMA	FINALIZADA	IPSEP	AV RECIFE	1810,0	RUA JEAN EMILE FAVRE	""	IPSEP	130,0	IMBIRIBEIRA	COLISÃO TRASEIRA	0,0	1,0	0,0	0,0	0,0	0,0	0,0	0,0	0,0	1,0	0,0	Cruzamento	Bom	Sem defeito	Perfeito estado	""	Perfeito estado	Faixa de pedestre	R-5a	""	""	Faixa contínua	""	""
1538	202219123,0	2022-08-18T00:00:00	""	COM VÍTIMA	FINALIZADA	IMBIRIBEIRA	RUA JACI	136,0	RUA JOAQUIM BANDEIRA	APOS A FERREIRA COSTA	IMBIRIBEIRA	534,0	CIDADE	COLISÃO LATERAL	0,0	1,0	0,0	0,0	0,0	1,0	0,0	0,0	0,0	1,0	0,0	Cruzamento	Bom	Não existe	Não existente	Molhada	Perfeito estado	Não existe	Não há placas	60 km/h	Única	Não existe	""	""
1539	202219135,0	2022-08-18T00:00:00	""	COM VÍTIMA	FINALIZADA	TEJIPIÓ	AV LIBERDADE	""	""	EM FENTE AO CEMITÉRIO PARQUE DAS FLORES	TEJIPIÓ	""	""	COLISÃO LATERAL	1,0	1,0	0,0	0,0	0,0	0,0	0,0	0,0	0,0	1,0	0,0	Longo da via	Bom	Não existe	Não existente	Seca	Perfeito estado	Não existe	""	30 km/h	Dupla	Não existe	""	""
1540	202219146,0	2022-08-18T00:00:00	""	SEM VÍTIMA	FINALIZADA	AFOGADOS	RUA SANTOS ARAUJO	320,0	RUA SAO MIGUEL	POSTO DE COMBUS BRAZ PETRO	AFOGADOS	333,0	SUBURBIO	""	0,0	0,0	0,0	0,0	0,0	0,0	1,0	0,0	0,0	0,0	0,0	Longo da via	Bom	Sem defeito	Perfeito estado	Seca	Perfeito estado	Não existe	Não há placas	""	Única	Faixa seccionada	""	""
1541	202219165,0	2022-08-18T00:00:00	""	COM VÍTIMA	FINALIZADA	SANTO ANTÔNIO	RUA IMPERADOR PEDRO SEGUNDO	447,0	RUA PRIMEIRO DE MARCO	PROX AO BANCO ITAU	SANTO ANTÔNIO	18,0	CI	COLISÃO FRONTAL	0,0	2,0	0,0	0,0	0,0	0,0	0,0	0,0	0,0	2,0	0,0	Cruzamento	Bom	Sem defeito	Perfeito estado	Seca	Perfeito estado	Faixa de pedestre	R-6a	""	Única	Faixa contínua	Faixa seccionada	""
1542	202219170,0	2022-08-18T00:00:00	""	COM VÍTIMA	FINALIZADA	PINA	AV HERCULANO BANDEIRA	673,0	""	""	PINA	""	""	COLISÃO TRASEIRA	1,0	1,0	0,0	0,0	0,0	0,0	0,0	0,0	0,0	2,0	0,0	Longo da via	Bom	Sem defeito	Perfeito estado	Seca	Perfeito estado	Não existe	R-6a	""	Única	Faixa seccionada	""	""
1543	202219171,0	2022-08-18T00:00:00	""	SEM VÍTIMA	FINALIZADA	DERBY	AV GOVERNADOR AGAMENON MAGALHAES	""	""	EM FRENTE AO HOSPITAL DA RESTAURAÇÃO	DERBY	""	""	""	1,0	0,0	0,0	0,0	0,0	0,0	0,0	1,0	0,0	0,0	0,0	Longo da via	Bom	Não existe	Perfeito estado	Seca	Perfeito estado	Agente	Não há placas	""	Única	Faixa seccionada	""	""
1544	202219172,0	2022-08-18T00:00:00	""	COM VÍTIMA	FINALIZADA	BOA VIAGEM	RUA DOM JOSE LOPES	57,0	""	EM FRENTE AO BAR SÃO BUTIQUIM	BOA VIAGEM	""	""	COLISÃO FRONTAL	1,0	1,0	0,0	0,0	0,0	0,0	0,0	0,0	0,0	1,0	0,0	Cruzamento	Bom	Não existe	Perfeito estado	Seca	Perfeito estado	Faixa de pedestre	"Placas ""Pare"""	""	Dupla	Não existe	""	""
1545	202219175,0	2022-08-18T00:00:00	""	COM VÍTIMA	FINALIZADA	IPSEP	AV RECIFE	2670,0	""	PROXIMO AO SEMAFORO 55	IPSEP	""	""	COLISÃO TRASEIRA	1,0	1,0	0,0	0,0	0,0	0,0	0,0	0,0	0,0	1,0	0,0	Longo da via	Bom	Sem defeito	Perfeito estado	Seca	Perfeito estado	Agente	R-6a	60 km/h	Única	Faixa seccionada	""	""
1546	202219178,0	2022-08-18T00:00:00	""	COM VÍTIMA	FINALIZADA	IMBIRIBEIRA	AV MARECHAL MASCARENHAS DE MORAES	""	""	EM FRENTE A LASER ELETRO, SENTIDO AFOGADOS	IMBIRIBEIRA	""	""	COLISÃO TRASEIRA	1,0	1,0	0,0	0,0	0,0	0,0	0,0	0,0	0,0	1,0	0,0	Longo da via	Bom	Sem defeito	Perfeito estado	Seca	Perfeito estado	Não existe	Outras	""	Dupla	Faixa seccionada	Canteiro central	""
1547	202219180,0	2022-08-18T00:00:00	""	COM VÍTIMA	FINALIZADA	IPSEP	AV RECIFE	""	""	LADO OPOSTO AO RESIDENCIAL IGNEZ ANDREAZZA	IPSEP	494,0	CIDADE	COLISÃO TRASEIRA	1,0	1,0	0,0	0,0	0,0	0,0	0,0	0,0	0,0	1,0	0,0	Longo da via	Bom	Sem defeito	Perfeito estado	Seca	Perfeito estado	Não existe	Não há placas	60 km/h	Única	Faixa seccionada	""	""
1548	202219188,0	2022-08-18T00:00:00	""	COM VÍTIMA	FINALIZADA	JORDÃO	RUA DR ALVARO FERRAZ	53,0	""	PROXIMA A PRAÇA DO JORDÃO BAIXO	JORDÃO	""	""	COLISÃO LATERAL	0,0	2,0	0,0	0,0	0,0	0,0	0,0	0,0	0,0	1,0	0,0	Longo da via	Bom	Não existe	Perfeito estado	Seca	Perfeito estado	Não existe	Outras	""	""	Não existe	""	""
1549	202219196,0	2022-08-18T00:00:00	""	COM VÍTIMA	CANCELADA	CÓRREGO DO JENIPAPO	RUA ERUNDINA NEGREIROS DE ARAUJO	""	""	EM FRENTE A ASSEMBLÉIA DE DEUS	CÓRREGO DO JENIPAPO	""	""	ATROPELAMENTO DE PESSOA	0,0	1,0	0,0	0,0	1,0	0,0	0,0	0,0	0,0	1,0	0,0	""	""	""	""	""	""	""	""	""	""	""	""	""
1550	202219202,0	2022-08-18T00:00:00	""	COM VÍTIMA	FINALIZADA	ESPINHEIRO	RUA SANTO ELIAS	""	RUA DO ESPINHEIRO	ESQUINA DO POSTO IPIRANGA	ESPINHEIRO	""	""	COLISÃO TRANSVERSAL	0,0	1,0	0,0	0,0	0,0	0,0	0,0	1,0	0,0	1,0	0,0	Cruzamento	Chuvoso	Não existe	Perfeito estado	Molhada	Perfeito estado	Faixa de pedestre	""	""	Dupla	""	""	""
1551	202219216,0	2022-08-19T00:00:00	""	SEM VÍTIMA	FINALIZADA	IMBIRIBEIRA	AV MARECHAL MASCARENHAS DE MORAES	161,0	""	EM FRENTE À PREMIER PRODUTOS ALIMENTÍCIOS	IMBIRIBEIRA	""	SUBURBIO	COLISÃO TRASEIRA	1,0	0,0	0,0	0,0	0,0	1,0	0,0	0,0	0,0	0,0	0,0	Longo da via	Chuvoso	Não existe	Perfeito estado	Molhada	Perfeito estado	Outros	R-32	""	Dupla	Canteiro central	""	""
1552	202219222,0	2022-08-19T00:00:00	""	COM VÍTIMA	FINALIZADA	AREIAS	RUA AURORA CACOTE	121,0	""	PROX AO  GALETUS	AREIAS	""	""	COLISÃO FRONTAL	1,0	1,0	0,0	0,0	0,0	0,0	0,0	0,0	0,0	1,0	0,0	Longo da via	Bom	Não existe	Perfeito estado	Seca	Perfeito estado	Não existe	Não há placas	""	Dupla	Não existe	""	""
1553	202219253,0	2022-08-19T00:00:00	""	COM VÍTIMA	FINALIZADA	ROSARINHO	AV NORTE MIGUEL ARRAES DE ALENCAR	""	""	PROX. A PADARIA ROSARINHO	ROSARINHO	""	SUBURBIO	COLISÃO TRASEIRA	1,0	1,0	0,0	0,0	0,0	0,0	0,0	0,0	0,0	1,0	0,0	Longo da via	Bom	Sem defeito	Perfeito estado	Seca	Perfeito estado	Outros	R-6a	""	Dupla	Blocos	""	""