_id	Protocolo	data	hora	natureza	situacao	bairro	endereco	numero	detalhe_endereco_acidente	complemento	bairro_cruzamento	num_semaforo	sentido_via	tipo	auto	moto	ciclom	ciclista	pedestre	onibus	caminhao	viatura	outros	vitimas	vitimasfatais	acidente_verificado	tempo_clima	situacao_semaforo	sinalizacao	condicao_via	conservacao_via	ponto_controle	situacao_placa	velocidade_max_via	mao_direcao	divisao_via1	divisao_via2	divisao_via3
1728	202221001,0	2022-09-06T00:00:00	""	COM VÍTIMA	FINALIZADA	ÁGUA FRIA	EST VELHA DE AGUA FRIA	""	RUA CABO HONORIO	""	ÁGUA FRIA	""	""	COLISÃO FRONTAL	1,0	1,0	0,0	0,0	0,0	0,0	0,0	0,0	0,0	1,0	0,0	Cruzamento	Bom	Não existe	Perfeito estado	Seca	Perfeito estado	Não existe	Outras	40 km/h	Dupla	Faixa contínua	""	""
1729	202221004,0	2022-09-06T00:00:00	""	SEM VÍTIMA	FINALIZADA	TEJIPIÓ	AV DR JOSE RUFINO	2993,0	""	""	TEJIPIÓ	""	""	""	1,0	0,0	0,0	0,0	0,0	1,0	0,0	0,0	0,0	0,0	0,0	Longo da via	Bom	Não existe	Perfeito estado	Seca	Perfeito estado	Não existe	R-6a	""	Dupla	Faixa contínua	""	""
1730	202221062,0	2022-09-07T00:00:00	""	COM VÍTIMA	FINALIZADA	MADALENA	RUA JOSE BONIFACIO	272,0	""	EM FRENTE À IGREJA METODISTA RECIFE	MADALENA	""	""	COLISÃO TRASEIRA	2,0	1,0	0,0	0,0	0,0	0,0	0,0	0,0	0,0	1,0	0,0	Longo da via	Bom	Não existe	Perfeito estado	Seca	Perfeito estado	Não existe	Não há placas	60 km/h	Única	Faixa seccionada	""	""
1731	202221067,0	2022-09-07T00:00:00	""	SEM VÍTIMA	FINALIZADA	BOA VIAGEM	AV BOA VIAGEM	3962,0	RUA RIBEIRO DE BRITO	EM FRENTE EDF. QUEEM MARY	BOA VIAGEM	""	CIDADE	""	1,0	0,0	0,0	0,0	0,0	0,0	0,0	1,0	0,0	0,0	0,0	""	Bom	Não existe	Perfeito estado	Seca	Perfeito estado	Outros	Outras	""	Única	Faixa seccionada	""	""
1732	202221092,0	2022-09-07T00:00:00	""	COM VÍTIMA	FINALIZADA	BOA VIAGEM	AV CONSELHEIRO AGUIAR	""	RUA MARIA CAROLINA	ESQUINA DA FARMACIA PAGUE MENOS	BOA VIAGEM	""	""	COLISÃO LATERAL	1,0	1,0	0,0	0,0	0,0	0,0	0,0	0,0	0,0	1,0	0,0	Longo da via	Bom	Não existe	Perfeito estado	Seca	Perfeito estado	Não existe	R-6a	""	Única	Faixa seccionada	""	""
1733	202221098,0	2022-09-07T00:00:00	""	SEM VÍTIMA	CANCELADA	SANTO AMARO	AV MARIO MELO	""	RUA DA AURORA	""	SANTO AMARO	""	""	COLISÃO TRASEIRA	1,0	0,0	0,0	0,0	0,0	1,0	0,0	0,0	0,0	0,0	0,0	""	""	""	""	""	""	""	""	""	""	""	""	""
1734	202221132,0	2022-09-08T00:00:00	""	COM VÍTIMA	FINALIZADA	CASA FORTE	AV DEZESSETE DE AGOSTO	1515,0	""	LABORATÓRIO EDMAR VICTOR	CASA FORTE	""	""	COLISÃO TRASEIRA	3,0	0,0	0,0	0,0	0,0	0,0	0,0	0,0	0,0	1,0	0,0	Longo da via	Bom	Não existe	Perfeito estado	Seca	Perfeito estado	Não existe	Outras	40 km/h	Dupla	Faixa contínua	""	""
1735	202221165,0	2022-09-08T00:00:00	""	COM VÍTIMA	FINALIZADA	BOA VIAGEM	RUA PADRE CARAPUCEIRO	""	""	EM FRENTE À IGREJA UNIVERSAL	BOA VIAGEM	216,0	CIDADE	COLISÃO FRONTAL	1,0	1,0	0,0	0,0	0,0	0,0	0,0	0,0	0,0	1,0	0,0	Longo da via	Bom	Sem defeito	Perfeito estado	Seca	Perfeito estado	Faixa de pedestre	""	60 km/h	Única	""	""	""
1736	202221166,0	2022-09-08T00:00:00	""	COM VÍTIMA	FINALIZADA	BOA VISTA	RUA DO PRINCIPE	114,0	RUA DO SOSSEGO	FARMÁCIA CANDEIA	BOA VISTA	""	""	COLISÃO TRASEIRA	1,0	1,0	0,0	0,0	0,0	0,0	0,0	0,0	0,0	1,0	0,0	""	""	""	""	""	""	""	""	""	""	""	""	""
1737	202221170,0	2022-09-08T00:00:00	""	COM VÍTIMA	FINALIZADA	TAMARINEIRA	AV NORTE MIGUEL ARRAES DE ALENCAR	""	RUA CONEGO BARATA	""	TAMARINEIRA	62,0	""	COLISÃO TRANSVERSAL	1,0	1,0	0,0	0,0	0,0	0,0	0,0	0,0	0,0	1,0	0,0	Cruzamento	Bom	Sem defeito	Perfeito estado	Seca	Perfeito estado	Faixa de pedestre	R-4a	""	Dupla	Canteiro central	""	""
1738	202221219,0	2022-09-09T00:00:00	""	COM VÍTIMA	FINALIZADA	IMBIRIBEIRA	RUA MIS JOEL CARLSON	123,0	RUA ZEFERINO PINHO	RUA EM FRENTE A LASER ELETRO	IMBIRIBEIRA	""	""	COLISÃO LATERAL	1,0	1,0	0,0	0,0	0,0	0,0	0,0	0,0	0,0	1,0	0,0	Cruzamento	Bom	Não existe	Não existente	Seca	Perfeito estado	Não existe	Não há placas	30 km/h	Dupla	Não existe	""	""
1739	202221222,0	2022-09-09T00:00:00	""	COM VÍTIMA	FINALIZADA	MADALENA	AV ENGENHEIRO ABDIAS DE CARVALHO	1079,0	RUA JOAO IVO DA SILVA	HABIBS	MADALENA	132,0	SUBURBIO	COLISÃO LATERAL	1,0	1,0	0,0	0,0	0,0	0,0	0,0	0,0	0,0	1,0	0,0	Cruzamento	Bom	Sem defeito	Perfeito estado	Seca	Perfeito estado	Faixa de pedestre	R-6a	60 km/h	Dupla	Faixa seccionada	Canteiro central	""
1740	202221243,0	2022-09-09T00:00:00	""	SEM VÍTIMA	FINALIZADA	SANTO ANTÔNIO	RUA VINTE E QUATRO DE MAIO	183,0	""	EM FRENTE A M&A CAMISARIA	SANTO ANTÔNIO	""	SUBURBIO	FISCALIZAÇÃO	0,0	0,0	0,0	0,0	0,0	0,0	0,0	0,0	0,0	0,0	0,0	""	""	""	""	""	""	""	""	""	""	""	""	""
1741	202221250,0	2022-09-09T00:00:00	""	COM VÍTIMA	FINALIZADA	JOANA BEZERRA	VIADUTO CAPITAO TEMUDO	""	""	EM CIMA DO VIADUTO	JOANA BEZERRA	""	""	COLISÃO LATERAL	1,0	1,0	0,0	0,0	0,0	0,0	0,0	0,0	0,0	1,0	0,0	Viaduto	Bom	Não existe	Incompleta	Seca	Perfeito estado	Não existe	Não há placas	60 km/h	Única	Faixa seccionada	""	""
1742	202221285,0	2022-09-09T00:00:00	""	COM VÍTIMA	FINALIZADA	AREIAS	AV RECIFE	3060,0	""	NA FRENTE DO SUPERMERCADO ECONOMICO	AREIAS	""	SUBURBIO	COLISÃO LATERAL	0,0	2,0	0,0	0,0	0,0	0,0	0,0	0,0	0,0	1,0	0,0	Longo da via	Bom	Não existe	Perfeito estado	Seca	Perfeito estado	Não existe	R-6a	60 km/h	Única	Faixa seccionada	""	""
1743	202221310,0	2022-09-10T00:00:00	""	SEM VÍTIMA	FINALIZADA	MADALENA	AV VISCONDE DE ALBUQUERQUE	""	RUA LOPES DE CARVALHO	""	MADALENA	""	""	COLISÃO FRONTAL	0,0	0,0	0,0	0,0	0,0	0,0	0,0	0,0	0,0	0,0	0,0	Cruzamento	Chuvoso	Não existe	Perfeito estado	Molhada	Perfeito estado	Não existe	R-6a	60KM/H	Única	Faixa seccionada	""	""
1744	202221315,0	2022-09-10T00:00:00	""	SEM VÍTIMA	FINALIZADA	BARRO	RUA FRANCISCO RUSSO	115,0	""	PRÓXIMO AO PAGODE CHATOU	BARRO	""	""	CHOQUE	0,0	0,0	0,0	0,0	0,0	0,0	0,0	1,0	0,0	0,0	0,0	Longo da via	Bom	Não existe	Perfeito estado	Seca	Perfeito estado	Não existe	Não há placas	""	Dupla	Não existe	""	""
1745	202221331,0	2022-09-10T00:00:00	""	COM VÍTIMA	FINALIZADA	BOA VIAGEM	AVENIDA CELSO FURTADO (VIA MANGUE)	""	""	PRÓXIMO AO ANTIGO LAÇA BURGUER/ SPETTUS	BOA VIAGEM	""	CIDADE	COLISÃO LATERAL	1,0	1,0	0,0	0,0	0,0	0,0	0,0	0,0	0,0	1,0	0,0	Longo da via	Bom	Não existe	Perfeito estado	Seca	Perfeito estado	Outros	R-19	60 km/h	Dupla	Canteiro central	""	""
1746	202221336,0	2022-09-10T00:00:00	""	COM VÍTIMA	FINALIZADA	MADALENA	AV JOSE GONCALVES DE MEDEIROS	107,0	""	EM FRENTE A MCDONALDS	MADALENA	""	SUBURBIO	COLISÃO LATERAL	1,0	1,0	0,0	0,0	0,0	0,0	0,0	0,0	0,0	1,0	0,0	Longo da via	Bom	Sem defeito	Perfeito estado	Seca	Perfeito estado	Não existe	Não há placas	""	Dupla	Faixa contínua	""	""
1747	202221347,0	2022-09-10T00:00:00	""	COM VÍTIMA	FINALIZADA	BEBERIBE	AV BEBERIBE	1310,0	RUA DAS MOCAS	EM FRENTE AO CAMPO DO SANTA CRUZ	BEBERIBE	""	CIDADE	COLISÃO LATERAL	1,0	1,0	0,0	0,0	0,0	0,0	0,0	0,0	0,0	1,0	0,0	Cruzamento	Bom	Não existe	Perfeito estado	Seca	Perfeito estado	Não existe	Não há placas	""	Dupla	Faixa seccionada	""	""
1748	202221351,0	2022-09-10T00:00:00	""	COM VÍTIMA	FINALIZADA	CAMPO GRANDE	RUA ODORICO MENDES	165,0	RUA VISCONDE DE CAIRU	APÓS A PEIXARIA TUDO DO MAR	CAMPO GRANDE	""	""	COLISÃO LATERAL	1,0	1,0	0,0	0,0	0,0	0,0	0,0	0,0	0,0	1,0	0,0	Cruzamento	Bom	Não existe	""	Seca	Perfeito estado	Não existe	R-6a	""	Dupla	""	""	""
1749	202221358,0	2022-09-10T00:00:00	""	COM VÍTIMA	FINALIZADA	TEJIPIÓ	AV DR JOSE RUFINO	2984,0	""	EM FRENTE AO CONDOMINIO CASA SOLAR	TEJIPIÓ	""	""	COLISÃO FRONTAL	1,0	1,0	0,0	0,0	0,0	0,0	0,0	0,0	0,0	1,0	0,0	Longo da via	Bom	Sem defeito	Perfeito estado	Seca	Perfeito estado	Não existe	Não há placas	""	Dupla	Faixa contínua	""	""
1750	202221368,0	2022-09-10T00:00:00	""	SEM VÍTIMA	CANCELADA	ESTÂNCIA	AV ESTANCIA	58,0	""	APOIS COLEGIO VISÃO	ESTÂNCIA	""	SUBURBIO	COLISÃO LATERAL	2,0	0,0	0,0	0,0	0,0	0,0	0,0	0,0	0,0	0,0	0,0	""	""	""	""	""	""	""	""	""	""	""	""	""
1751	202221390,0	2022-09-10T00:00:00	""	COM VÍTIMA	FINALIZADA	IBURA	LAD DA COHAB	""	AV DOIS RIOS	PRÓXIMO A POLICLINICA DO IBURA	IBURA	""	SUBURBIO	COLISÃO FRONTAL	1,0	1,0	0,0	0,0	0,0	0,0	0,0	0,0	0,0	2,0	0,0	Longo da via	Bom	Não existe	Não existente	Molhada	Perfeito estado	Não existe	Não há placas	""	Dupla	Não existe	""	""
1752	202221396,0	2022-09-11T00:00:00	""	COM VÍTIMA	CANCELADA	IBURA	AV MATO GROSSO	1134,0	""	APÓS A CURVA DO S E DEPOIS DA ESCOLA MARIA SAMPAIO	IBURA	""	""	COLISÃO LATERAL	1,0	1,0	0,0	0,0	0,0	0,0	0,0	0,0	0,0	1,0	0,0	""	""	""	""	""	""	""	""	""	""	""	""	""
1753	202221448,0	2022-09-11T00:00:00	""	COM VÍTIMA	FINALIZADA	BOA VIAGEM	RUA SETUBAL	""	RUA BARAO DE SOUZA LEAO	PROX A IGREJINHA DE BOA VIAGEM  NO SEMAFORO 419	BOA VIAGEM	419,0	SUBURBIO	COLISÃO LATERAL	1,0	1,0	0,0	0,0	0,0	0,0	0,0	0,0	0,0	1,0	0,0	Cruzamento	Bom	Sem defeito	Perfeito estado	Seca	Perfeito estado	Faixa de pedestre	Não há placas	""	Única	Faixa seccionada	""	""
1754	202221449,0	2022-09-11T00:00:00	""	COM VÍTIMA	FINALIZADA	BOA VIAGEM	RUA BARAO DE SOUZA LEAO	""	AV ENGENHEIRO DOMINGOS FERREIRA	E/F AO BOA VIAGEM MEDICAL CENTER	BOA VIAGEM	129,0	SUBURBIO	COLISÃO COM CICLISTA	0,0	0,0	0,0	1,0	0,0	1,0	0,0	0,0	0,0	1,0	0,0	Cruzamento	Bom	Sem defeito	Perfeito estado	Seca	Perfeito estado	Faixa de pedestre	Outras	""	Única	Faixa seccionada	""	""
1755	202221452,0	2022-09-11T00:00:00	""	SEM VÍTIMA	FINALIZADA	CASA AMARELA	AV NORTE MIGUEL ARRAES DE ALENCAR	""	""	NA SUBIDA DO ALTO JOSE D PINHO	CASA AMARELA	""	""	COLISÃO LATERAL	1,0	0,0	0,0	0,0	0,0	0,0	0,0	0,0	1,0	0,0	0,0	Cruzamento	Bom	Sem defeito	Perfeito estado	Seca	Perfeito estado	Faixa de pedestre	Outras	""	Dupla	Canteiro central	""	""
1756	202221453,0	2022-09-11T00:00:00	""	COM VÍTIMA	FINALIZADA	ARRUDA	RUA DO TRIUNFO	400,0	RUA DO MACHADO	E/F AO  ESTADIO DO  SANTA  CRUZ	ARRUDA	""	SUBURBIO	COLISÃO LATERAL	0,0	2,0	0,0	0,0	0,0	0,0	0,0	0,0	0,0	2,0	0,0	Cruzamento	Bom	Não existe	Perfeito estado	Seca	Perfeito estado	Não existe	"Placas ""Pare"""	""	Dupla	Não existe	""	""
1757	202221462,0	2022-09-11T00:00:00	""	COM VÍTIMA	FINALIZADA	MACAXEIRA	RUA MARIA CANDIDA	73,0	AV NORTE MIGUEL ARRAES DE ALENCAR	APÓS PARQUE DA MACAXEIRA	MACAXEIRA	296,0	SUBURBIO	COLISÃO FRONTAL	0,0	2,0	0,0	0,0	0,0	0,0	0,0	0,0	0,0	1,0	0,0	Longo da via	Bom	Sem defeito	Perfeito estado	Seca	Perfeito estado	Não existe	Não há placas	""	Dupla	Não existe	""	""
1758	202221469,0	2022-09-11T00:00:00	""	COM VÍTIMA	CANCELADA	ALTO SANTA TERESINHA	AV ANIBAL BENEVOLO	1145,0	""	MERCADINHO PASSIRA	ALTO SANTA TERESINHA	""	""	COLISÃO FRONTAL	1,0	1,0	0,0	0,0	0,0	0,0	0,0	0,0	0,0	1,0	0,0	""	""	""	""	""	""	""	""	""	""	""	""	""
1759	202221472,0	2022-09-12T00:00:00	""	SEM VÍTIMA	FINALIZADA	IMBIRIBEIRA	AV MARECHAL MASCARENHAS DE MORAES	""	""	EM FRENTE A JUSTIÇA DO TRABALHO	IMBIRIBEIRA	""	CIDADE	COLISÃO TRANSVERSAL	1,0	0,0	0,0	0,0	0,0	1,0	0,0	0,0	0,0	0,0	0,0	""	""	""	""	""	""	""	""	""	""	""	""	""
1760	202221499,0	2022-09-12T00:00:00	""	COM VÍTIMA	FINALIZADA	VASCO DA GAMA	RUA ALTO DO EUCALIPTO	""	AV VEREADOR OTACILIO AZEVEDO	POR TRÁS DO RESIDENCIAL DOM HÉLDER / PRÓX À IGREJA ANGLICANA SÃO PAULO	VASCO DA GAMA	""	""	COLISÃO LATERAL	0,0	1,0	0,0	0,0	0,0	1,0	0,0	0,0	0,0	1,0	0,0	Longo da via	Bom	Não existe	Não existente	Seca	Perfeito estado	Não existe	Não há placas	30 km/h	Dupla	Não existe	""	""
1761	202221525,0	2022-09-12T00:00:00	""	COM VÍTIMA	FINALIZADA	AFLITOS	RUA CARNEIRO VILELA	688,0	""	EM FRENTE A KAPTAVI PILATES E FISIOTERAPIA	AFLITOS	""	SUBURBIO	COLISÃO LATERAL	1,0	1,0	0,0	0,0	0,0	0,0	0,0	0,0	0,0	1,0	0,0	Longo da via	Bom	Não existe	Não existente	Seca	Perfeito estado	Não existe	Não há placas	""	Única	Não existe	""	""
1762	202221542,0	2022-09-12T00:00:00	""	COM VÍTIMA	CANCELADA	CASA FORTE	AV DEZESSETE DE AGOSTO	""	""	EM FRENTE A CULTURA INGLESA	CASA FORTE	""	""	COLISÃO TRASEIRA	0,0	2,0	0,0	0,0	0,0	0,0	0,0	0,0	0,0	1,0	0,0	""	""	""	""	""	""	""	""	""	""	""	""	""
1763	202221559,0	2022-09-12T00:00:00	""	COM VÍTIMA	FINALIZADA	CAMPO GRANDE	RUA JERONIMO VILELA	""	RUA DR MACHADO	CRUZAMENTO	CAMPO GRANDE	565,0	SUBURBIO	COLISÃO LATERAL	1,0	1,0	0,0	0,0	0,0	0,0	0,0	0,0	0,0	1,0	0,0	Cruzamento	Bom	Sem defeito	Perfeito estado	Seca	Perfeito estado	Faixa de pedestre	Outras	30 km/h	Dupla	Faixa seccionada	""	""
1764	202221563,0	2022-09-12T00:00:00	""	COM VÍTIMA	CANCELADA	IPSEP	AV SALDANHA MARINHO	""	""	POR TRAS DO COLEGIO LAURO DINIZ	IPSEP	""	""	COLISÃO FRONTAL	1,0	1,0	0,0	0,0	0,0	0,0	0,0	0,0	0,0	1,0	0,0	""	""	""	""	""	""	""	""	""	""	""	""	""
1765	202221568,0	2022-09-12T00:00:00	""	SEM VÍTIMA	FINALIZADA	IMBIRIBEIRA	AV MARECHAL MASCARENHAS DE MORAES	""	""	ANTES DA UNIVERSO	IMBIRIBEIRA	""	CIDADE	CHOQUE	1,0	0,0	0,0	0,0	0,0	0,0	0,0	0,0	0,0	0,0	0,0	Cruzamento	Bom	Sem defeito	Perfeito estado	Seca	Perfeito estado	Faixa de pedestre	Não há placas	""	Dupla	Canteiro central	Faixa contínua	""
1766	202221591,0	2022-09-13T00:00:00	""	COM VÍTIMA	FINALIZADA	SANTO AMARO	AV CRUZ CABUGA	449,0	RUA ARARIPINA	""	SANTO AMARO	""	SUBURBIO	COLISÃO TRANSVERSAL	1,0	1,0	0,0	0,0	0,0	0,0	0,0	0,0	0,0	2,0	0,0	Longo da via	Bom	Não existe	Perfeito estado	Seca	Perfeito estado	Não existe	Não há placas	""	Dupla	Faixa contínua	Faixa seccionada	""
1767	202221592,0	2022-09-13T00:00:00	""	COM VÍTIMA	FINALIZADA	TEJIPIÓ	RUA FALCAO DE LACERDA	299,0	""	EM FRENTE AO CARTÓRIO CIVIL	TEJIPIÓ	411,0	CIDADE	COLISÃO FRONTAL	0,0	2,0	0,0	0,0	0,0	0,0	0,0	0,0	0,0	2,0	0,0	Longo da via	Bom	Sem defeito	Perfeito estado	Seca	Perfeito estado	Faixa de pedestre	Não há placas	60 km/h	Dupla	Faixa contínua	""	""
1768	202221605,0	2022-09-13T00:00:00	""	COM VÍTIMA	FINALIZADA	AFOGADOS	RUA VINTE E UM DE ABRIL	1254,0	AV MANOEL GONCALVES DA LUZ	PROX. AO ARMAZEM CONSTRUAÇO	AFOGADOS	245,0	CIDADE	COLISÃO COM CICLISTA	0,0	1,0	0,0	1,0	0,0	0,0	0,0	0,0	0,0	1,0	0,0	Longo da via	Bom	Sem defeito	Incompleta	Seca	Mal conservada	Faixa de pedestre	Não há placas	40 km/h	Dupla	Faixa seccionada	Faixa contínua	""
1769	202221611,0	2022-09-13T00:00:00	""	COM VÍTIMA	FINALIZADA	CORDEIRO	AV CAXANGA	2319,0	RUA CLAUDIO BROTHERHOOD	SOB O SEMÁFORO: 235	CORDEIRO	235,0	CIDADE	COLISÃO COM CICLISTA	1,0	0,0	0,0	1,0	0,0	0,0	0,0	0,0	0,0	1,0	0,0	Outros	Bom	Sem defeito	Ilegível	Seca	Perfeito estado	Outros	Não há placas	60 km/h	Única	Faixa seccionada	""	""
1770	202221614,0	2022-09-13T00:00:00	""	SEM VÍTIMA	FINALIZADA	BAIRRO DO RECIFE	CAIS DO APOLO	""	""	EM FGRENTE A PREFEITURA	BAIRRO DO RECIFE	""	""	COLISÃO TRASEIRA	2,0	0,0	0,0	0,0	0,0	0,0	0,0	0,0	0,0	0,0	0,0	Longo da via	Bom	Não existe	Perfeito estado	Seca	Perfeito estado	Faixa de pedestre	R-6a	""	Única	Faixa contínua	""	""
1771	202221634,0	2022-09-13T00:00:00	""	COM VÍTIMA	FINALIZADA	ILHA JOANA BEZERRA	VIADUTO CAPITAO TEMUDO	""	""	SENT. OLINDA NO MEIO DO VIADULTO CAP. TEMUDO	ILHA JOANA BEZERRA	""	SUBURBIO	COLISÃO TRASEIRA	0,0	1,0	0,0	0,0	0,0	1,0	0,0	0,0	0,0	2,0	0,0	Longo da via	Bom	Não existe	Perfeito estado	Seca	Perfeito estado	Não existe	Não há placas	""	Dupla	Outros	""	""
1772	202221659,0	2022-09-13T00:00:00	""	COM VÍTIMA	FINALIZADA	ESPINHEIRO	RUA QUARENTA E OITO	815,0	""	EM FRENTE AO RESTAURANTE SABOR DO RANCHO	ESPINHEIRO	""	""	COLISÃO TRASEIRA	3,0	0,0	0,0	0,0	0,0	0,0	0,0	0,0	0,0	1,0	0,0	""	""	""	""	""	""	""	""	""	""	""	""	""
1773	202221660,0	2022-09-13T00:00:00	""	COM VÍTIMA	FINALIZADA	ILHA DO RETIRO	AV ENGENHEIRO ABDIAS DE CARVALHO	""	""	EM FRENTE A ESTAÇÃO DA CELPE	ILHA DO RETIRO	""	CIDADE	COLISÃO TRASEIRA	1,0	1,0	0,0	0,0	0,0	0,0	0,0	0,0	0,0	2,0	0,0	Longo da via	Bom	Sem defeito	Perfeito estado	Seca	Perfeito estado	Não existe	Não há placas	""	Dupla	Canteiro central	""	""
1774	202221669,0	2022-09-13T00:00:00	""	COM VÍTIMA	FINALIZADA	AFOGADOS	RUA SAO MIGUEL	1935,0	""	PROXIMO AO POSTO IPIRANGA	AFOGADOS	""	CIDADE	COLISÃO LATERAL	1,0	1,0	0,0	0,0	0,0	0,0	0,0	0,0	0,0	1,0	0,0	Longo da via	Bom	Não existe	Perfeito estado	Seca	Perfeito estado	Não existe	Outras	30 km/h	Dupla	Faixa contínua	""	""
1775	202221679,0	2022-09-13T00:00:00	""	COM VÍTIMA	CANCELADA	TORRE	RUA MARCOS ANDRE	200,0	""	EM FRENTE AO EDIFICIO SAINT ANDRE	TORRE	""	""	COLISÃO TRASEIRA	1,0	1,0	0,0	0,0	0,0	0,0	0,0	0,0	0,0	1,0	0,0	""	""	""	""	""	""	""	""	""	""	""	""	""
1776	202221687,0	2022-09-13T00:00:00	""	COM VÍTIMA	FINALIZADA	ESPINHEIRO	RUA DO ESPINHEIRO	""	RUA SANTO ELIAS	POSTO DE GASOLINA	ESPINHEIRO	""	SUBURBIO	COLISÃO LATERAL	1,0	1,0	0,0	0,0	0,0	0,0	0,0	0,0	0,0	1,0	0,0	Cruzamento	Bom	Não existe	Perfeito estado	Seca	Perfeito estado	Outros	"Placas ""Pare"""	""	Dupla	Outros	""	""
1777	202221690,0	2022-09-14T00:00:00	""	COM VÍTIMA	FINALIZADA	BONGI	AV ENGENHEIRO ABDIAS DE CARVALHO	1803,0	""	FERNANDES PISO E CONSTRUÇÕES	BONGI	""	CIDADE	CHOQUE	0,0	0,0	0,0	0,0	0,0	0,0	0,0	0,0	0,0	1,0	0,0	""	""	""	""	""	""	""	""	""	""	""	""	""
1778	202221706,0	2022-09-14T00:00:00	""	COM VÍTIMA	FINALIZADA	ENCRUZILHADA	RUA PADRE MIGUELINHO	29,0	RUA AUGUSTO RODRIGUES	PROX. PRAÇA TORREÃO	ENCRUZILHADA	""	""	COLISÃO LATERAL	1,0	1,0	0,0	0,0	0,0	0,0	0,0	0,0	0,0	2,0	0,0	Cruzamento	Bom	Não existe	Perfeito estado	Seca	Perfeito estado	Não existe	Outras	""	Única	Não existe	""	""
1779	202221711,0	2022-09-14T00:00:00	""	COM VÍTIMA	FINALIZADA	CASA AMARELA	AV NORTE MIGUEL ARRAES DE ALENCAR	5121,0	""	REI DA PICANHA	CASA AMARELA	677,0	CIDADE	COLISÃO TRASEIRA	1,0	1,0	0,0	0,0	0,0	0,0	0,0	0,0	0,0	1,0	0,0	Longo da via	Bom	Sem defeito	Perfeito estado	Seca	Perfeito estado	Faixa de pedestre	Outras	50 km/h	Dupla	Canteiro central	""	""
1780	202221728,0	2022-09-14T00:00:00	""	SEM VÍTIMA	FINALIZADA	CORDEIRO	AV INACIO MONTEIRO	""	RUA N S DA SAUDE	DROGASIL / SEMÁFORO 234	CORDEIRO	""	""	COLISÃO LATERAL	1,0	0,0	0,0	0,0	0,0	0,0	0,0	1,0	0,0	0,0	0,0	Cruzamento	Bom	Sem defeito	Perfeito estado	Seca	Perfeito estado	Faixa de retenção	Não há placas	60KM/H	Única	Faixa contínua	""	""
1781	202221738,0	2022-09-14T00:00:00	""	COM VÍTIMA	FINALIZADA	MADALENA	AV JOSE GONCALVES DE MEDEIROS	138,0	RUA COMENDADOR BENTO AGUIAR	PROXIMO A FARMACIA PAGUE MENOS	MADALENA	""	CIDADE	COLISÃO FRONTAL	1,0	1,0	0,0	0,0	0,0	0,0	0,0	0,0	0,0	1,0	0,0	Cruzamento	Bom	Não existe	Perfeito estado	Seca	Perfeito estado	Não existe	Não há placas	""	Dupla	Não existe	""	""
1782	202221754,0	2022-09-14T00:00:00	""	SEM VÍTIMA	FINALIZADA	BOA VISTA	RUA DO PRINCIPE	""	""	EM FRENTE A FACULDADE DE DIREITO DO RECIFE	BOA VISTA	""	""	COLISÃO LATERAL	0,0	0,0	0,0	0,0	0,0	1,0	0,0	1,0	0,0	0,0	0,0	Longo da via	Chuvoso	Sem defeito	Perfeito estado	Molhada	Perfeito estado	Faixa de pedestre	Outras	""	Única	Canteiro central	""	""
1783	202221756,0	2022-09-14T00:00:00	""	SEM VÍTIMA	CANCELADA	IBURA	AV RIO LARGO	""	""	PROX AO MERCADO PROABI	IBURA	""	""	COLISÃO TRASEIRA	1,0	0,0	0,0	0,0	0,0	1,0	0,0	0,0	0,0	0,0	0,0	""	""	""	""	""	""	""	""	""	""	""	""	""
1784	202221760,0	2022-09-14T00:00:00	""	COM VÍTIMA	FINALIZADA	BOA VIAGEM	RUA VISCONDE DE JEQUITINHONHA	1280,0	RUA ENGENHEIRO ZAEL DIOGENES	DEPOIS DO HOTEL ATLANTE PLAZA	BOA VIAGEM	""	SUBURBIO	COLISÃO TRASEIRA	1,0	1,0	0,0	0,0	0,0	0,0	0,0	0,0	0,0	1,0	0,0	Esquina	Bom	Não existe	Perfeito estado	Seca	Perfeito estado	Não existe	""	""	Única	Canteiro central	""	""
1785	202221765,0	2022-09-14T00:00:00	""	COM VÍTIMA	FINALIZADA	PINA	AV ANTONIO DE GOES	""	""	DEPOIS DA  POLICIA RODOVIARIA FEDERAL DO PINA	PINA	""	CIDADE	COLISÃO TRASEIRA	1,0	1,0	0,0	0,0	0,0	0,0	0,0	0,0	0,0	1,0	0,0	Ponte	Bom	Não existe	Perfeito estado	Seca	Perfeito estado	Não existe	Outras	60 km/h	Única	Canteiro central	""	""
1786	202221775,0	2022-09-14T00:00:00	""	COM VÍTIMA	FINALIZADA	SAN MARTIN	AV GENERAL SAN MARTIN	""	AV CONSUL VILARES FRAGOSO	PROX. DO QUARTEL DA CAVALERIA	SAN MARTIN	326,0	""	COLISÃO FRONTAL	1,0	1,0	0,0	0,0	0,0	0,0	0,0	0,0	0,0	2,0	0,0	Cruzamento	Chuvoso	Sem defeito	Incompleta	Molhada	Perfeito estado	Outros	Não há placas	40 km/h	Única	Não existe	""	""