_id	Protocolo	data	hora	natureza	situacao	bairro	endereco	numero	detalhe_endereco_acidente	complemento	bairro_cruzamento	num_semaforo	sentido_via	tipo	auto	moto	ciclom	ciclista	pedestre	onibus	caminhao	viatura	outros	vitimas	vitimasfatais	acidente_verificado	tempo_clima	situacao_semaforo	sinalizacao	condicao_via	conservacao_via	ponto_controle	situacao_placa	velocidade_max_via	mao_direcao	divisao_via1	divisao_via2	divisao_via3
1787	202221776,0	2022-09-14T00:00:00	""	COM VÍTIMA	FINALIZADA	MADALENA	AV BEIRA RIO	591,0	""	EM FRENTE AO EDF. SOBRADO DO CAPIBARIBE	MADALENA	""	SUBURBIO	COLISÃO LATERAL	1,0	1,0	0,0	0,0	0,0	0,0	0,0	0,0	0,0	1,0	0,0	Longo da via	Bom	Não existe	Perfeito estado	Seca	Perfeito estado	Não existe	R-6a	""	Dupla	Faixa seccionada	""	""
1788	202221806,0	2022-09-15T00:00:00	""	COM VÍTIMA	FINALIZADA	MADALENA	AV PROFESSOR ESTEVAO FRANCISCO DA COSTA	""	AV CAXANGA	PRÓX. À RINALDO MOTOS	MADALENA	""	CIDADE	COLISÃO LATERAL	0,0	2,0	0,0	0,0	0,0	0,0	0,0	0,0	0,0	2,0	0,0	Longo da via	Bom	Sem defeito	Perfeito estado	Seca	Perfeito estado	Não existe	Não há placas	""	Única	Não existe	""	""
1789	202221811,0	2022-09-15T00:00:00	""	SEM VÍTIMA	FINALIZADA	CAMPO GRANDE	RUA FRANKLIN TAVORA	""	RUA VOLUNTARIOS DA PATRIA	PROX. AO CENTRO BUDISTA DRUKPA RECIFE	CAMPO GRANDE	""	""	COLISÃO LATERAL	2,0	0,0	0,0	0,0	0,0	0,0	0,0	0,0	0,0	0,0	0,0	Longo da via	Bom	Não existe	Perfeito estado	Seca	Perfeito estado	Não existe	Não há placas	""	Dupla	Não existe	""	""
1790	202221828,0	2022-09-15T00:00:00	""	SEM VÍTIMA	FINALIZADA	IBURA	AV SAO PAULO	183,0	""	EM FRENTE AO ARMAZEM DO GOMES	IBURA	""	""	COLISÃO LATERAL	1,0	0,0	0,0	0,0	0,0	1,0	0,0	0,0	0,0	0,0	0,0	Longo da via	Bom	Não existe	Perfeito estado	Seca	Perfeito estado	Não existe	Não há placas	""	Dupla	Não existe	""	""
1791	202221853,0	2022-09-15T00:00:00	""	SEM VÍTIMA	FINALIZADA	ESPINHEIRO	RUA AMELIA	280,0	RUA DO ESPINHEIRO	E/F A GALERIA DA LUMI	ESPINHEIRO	""	""	COLISÃO LATERAL	1,0	0,0	0,0	0,0	0,0	1,0	0,0	0,0	0,0	0,0	0,0	Cruzamento	Bom	Sem defeito	Perfeito estado	Seca	Perfeito estado	Faixa de retenção	Outras	""	Única	Faixa seccionada	""	""
1792	202221862,0	2022-09-15T00:00:00	""	COM VÍTIMA	FINALIZADA	JOANA BEZERRA	AV MARTIN LUTHER KING	4,0	""	PROXIMO AO CAMPO DO BARRO	JOANA BEZERRA	""	CIDADE	COLISÃO LATERAL	0,0	1,0	0,0	0,0	0,0	1,0	0,0	0,0	0,0	1,0	0,0	Cruzamento	Bom	Não existe	Incompleta	Seca	Perfeito estado	Não existe	R-6a	60 km/h	Dupla	Não existe	""	""
1793	202221873,0	2022-09-15T00:00:00	""	SEM VÍTIMA	FINALIZADA	AREIAS	""	""	""	HOSPITAL DE AREIAS	AREIAS	""	""	COLISÃO TRASEIRA	1,0	0,0	0,0	0,0	0,0	0,0	0,0	1,0	0,0	0,0	0,0	Longo da via	Bom	Não existe	Incompleta	Seca	Perfeito estado	Não existe	Não há placas	""	Dupla	Não existe	""	""
1794	202221875,0	2022-09-15T00:00:00	""	COM VÍTIMA	FINALIZADA	BOA VIAGEM	RUA SA E SOUZA	45,0	RUA ANTONIO VICENTE	ESTACIONAMENTO DO COLEGIO MADRE DE DEUS	BOA VIAGEM	""	SUBURBIO	COLISÃO LATERAL	1,0	1,0	0,0	0,0	0,0	0,0	0,0	0,0	0,0	1,0	0,0	Cruzamento	Bom	Não existe	Não existente	Seca	Mal conservada	Não existe	Não há placas	30 km/h	Dupla	Não existe	""	""
1795	202221882,0	2022-09-15T00:00:00	""	COM VÍTIMA	FINALIZADA	BOA VIAGEM	AV DOM JOAO VI	""	""	PROX A LOMBADA ELETRONICA (COLÉGIO GGE)	BOA VIAGEM	""	SUBURBIO/ PIEDADE	COLISÃO LATERAL	1,0	1,0	0,0	0,0	0,0	0,0	0,0	0,0	0,0	1,0	0,0	Longo da via	Bom	Não existe	Perfeito estado	Seca	Perfeito estado	Não existe	Não há placas	50 km/h	Única	Faixa seccionada	""	""
1796	202221887,0	2022-09-15T00:00:00	""	SEM VÍTIMA	FINALIZADA	IMBIRIBEIRA	AV MARECHAL MASCARENHAS DE MORAES	7935C	""	PROX A EMBREAGEM FRIO DIREÇÃO HIDRAULICA	IMBIRIBEIRA	""	CIDADE	COLISÃO FRONTAL	1,0	0,0	0,0	0,0	0,0	0,0	0,0	1,0	0,0	0,0	0,0	Longo da via	Bom	Sem defeito	Perfeito estado	Seca	Perfeito estado	Não existe	Não há placas	""	Única	Faixa seccionada	""	""
1797	202221891,0	2022-09-15T00:00:00	""	COM VÍTIMA	FINALIZADA	HIPÓDROMO	EST DE BELEM	313,0	RUA ANTONIO RANGEL	EM FRENTE A QUITANDARIA	HIPÓDROMO	201,0	""	COLISÃO LATERAL	1,0	1,0	0,0	0,0	0,0	0,0	0,0	0,0	0,0	1,0	0,0	Cruzamento	Bom	Sem defeito	Perfeito estado	Seca	Perfeito estado	Faixa de pedestre	R-6a	""	Dupla	Não existe	""	""
1798	202221929,0	2022-09-16T00:00:00	""	COM VÍTIMA	FINALIZADA	MADALENA	RUA JOSE OSORIO	707,0	""	PERU VEÍCULOS / REALIZE CAR	MADALENA	""	SUBURBIO	ATROPELAMENTO DE PESSOA	0,0	1,0	0,0	0,0	1,0	0,0	0,0	0,0	0,0	2,0	0,0	Longo da via	Bom	Não existe	Perfeito estado	Seca	Perfeito estado	Não existe	Outras	40 km/h	Dupla	Faixa contínua	""	""
1799	202221931,0	2022-09-16T00:00:00	""	COM VÍTIMA	FINALIZADA	SANTO AMARO	AV CRUZ CABUGA	""	""	PROXIMO AO SHOPPING TACARUNA. EM FRENTE A PARADA DO BRT	SANTO AMARO	468,0	CIDADE	ATROPELAMENTO DE PESSOA	0,0	1,0	0,0	0,0	1,0	0,0	0,0	0,0	0,0	1,0	0,0	Longo da via	Bom	Sem defeito	Perfeito estado	Seca	Perfeito estado	Faixa de pedestre	Não há placas	60 km/h	Única	Faixa seccionada	""	""
1800	202221932,0	2022-09-16T00:00:00	""	COM VÍTIMA	FINALIZADA	CAXANGÁ	AV CAXANGA	""	""	EM BAIXO DO VIADUTO, EM FRENTE AO TERMINAL CDU	CAXANGÁ	""	CIDADE	ATROPELAMENTO DE PESSOA	0,0	1,0	0,0	0,0	1,0	0,0	0,0	0,0	0,0	1,0	0,0	Longo da via	Bom	Não existe	Perfeito estado	Seca	Perfeito estado	Não existe	Não há placas	60 km/h	Dupla	Canteiro central	""	""
1801	202221934,0	2022-09-16T00:00:00	""	COM VÍTIMA	FINALIZADA	CASA AMARELA	AV NORTE MIGUEL ARRAES DE ALENCAR	5121,0	RUA BELA VISTA	EM FRENTE A BIKE NORTE, SENT. MACAXEIRA	CASA AMARELA	677,0	SUBURBIO	COLISÃO LATERAL	1,0	1,0	0,0	0,0	0,0	0,0	0,0	0,0	0,0	1,0	0,0	Cruzamento	Bom	Sem defeito	Perfeito estado	Seca	Perfeito estado	Faixa de pedestre	Não há placas	""	Única	Canteiro central	""	""
1802	202221988,0	2022-09-16T00:00:00	""	COM VÍTIMA	CANCELADA	APIPUCOS	RUA DE APIPUCOS	""	""	EM FRENTE AO MOTEL SENZALA	APIPUCOS	1078,0	""	COLISÃO TRASEIRA	0,0	2,0	0,0	0,0	0,0	0,0	0,0	0,0	0,0	1,0	0,0	""	""	""	""	""	""	""	""	""	""	""	""	""
1803	202221998,0	2022-09-16T00:00:00	""	COM VÍTIMA	CANCELADA	BONGI	EST DO BONGI	""	""	E/F A IGREJA BATISTA DO BONGI	BONGI	""	""	COLISÃO COM CICLISTA	1,0	0,0	0,0	1,0	0,0	0,0	0,0	0,0	0,0	1,0	0,0	""	""	""	""	""	""	""	""	""	""	""	""	""
1804	202222007,0	2022-09-16T00:00:00	""	COM VÍTIMA	FINALIZADA	SANTO ANTÔNIO	PTE DO LIMOEIRO	""	""	EM FRENTE AO ANTIGO DE COVID-19 DO RECIFE	SANTO ANTÔNIO	243,0	CIDADE / PREFEITURA DO RECIFE	COLISÃO COM CICLISTA	0,0	1,0	0,0	1,0	0,0	0,0	0,0	0,0	0,0	2,0	0,0	Longo da via	Bom	Sem defeito	Perfeito estado	Seca	Perfeito estado	Faixa de pedestre	Não há placas	60 km/h	Dupla	Faixa contínua	""	""
1805	202222028,0	2022-09-16T00:00:00	""	COM VÍTIMA	FINALIZADA	ESPINHEIRO	RUA SANTO ELIAS	169,0	RUA CONS PORTELA	EM FRENTE AO POSTO DE COMBUSTÍVEL	ESPINHEIRO	""	CIDADE	COLISÃO FRONTAL	1,0	1,0	0,0	0,0	0,0	0,0	0,0	0,0	0,0	1,0	0,0	Longo da via	Bom	Não existe	Perfeito estado	Seca	Perfeito estado	Não existe	R-6a	30 km/h	Dupla	Não existe	""	""
1806	202222029,0	2022-09-16T00:00:00	""	COM VÍTIMA	FINALIZADA	PARNAMIRIM	RUA JOAO TUDE DE MELO	""	""	SOBRE O VIADUTO DA TORRE	PARNAMIRIM	""	""	COLISÃO LATERAL	1,0	1,0	0,0	0,0	0,0	0,0	0,0	0,0	0,0	1,0	0,0	""	""	""	""	""	""	""	""	""	""	""	""	""
1807	202222038,0	2022-09-17T00:00:00	""	COM VÍTIMA	FINALIZADA	AFOGADOS	EST DOS REMEDIOS	1052,0	""	CLAYTON ALTO PEÇAS E SERVIÇOS	AFOGADOS	""	CIDADE	COLISÃO LATERAL	1,0	1,0	0,0	0,0	0,0	0,0	0,0	0,0	0,0	1,0	0,0	Longo da via	Bom	Sem defeito	Incompleta	Seca	Perfeito estado	Faixa de pedestre	R-6a	60 km/h	Única	Faixa seccionada	""	""
1808	202222068,0	2022-09-17T00:00:00	""	COM VÍTIMA	FINALIZADA	SANTO AMARO	RUA DOS PALMARES	140,0	RUA MAJOR CODECEIRA	EM FRENTE AO PROCAPE	SANTO AMARO	""	SUBURBIO	COLISÃO LATERAL	1,0	1,0	0,0	0,0	0,0	0,0	0,0	0,0	0,0	1,0	0,0	Cruzamento	Bom	Não existe	Perfeito estado	Seca	Perfeito estado	Outros	Outras	""	Única	Faixa	""	""
1809	202222072,0	2022-09-17T00:00:00	""	COM VÍTIMA	FINALIZADA	ARRUDA	AV BEBERIBE	1253,0	""	ESTÁDIO DO SANTA CUZ	ARRUDA	""	""	COLISÃO TRASEIRA	1,0	1,0	0,0	0,0	0,0	0,0	0,0	0,0	0,0	1,0	0,0	Cruzamento	Bom	Não existe	Incompleta	Seca	Perfeito estado	Outros	Outras	""	Dupla	Faixa contínua	""	""
1810	202222074,0	2022-09-17T00:00:00	""	COM VÍTIMA	CANCELADA	ALTO JOSÉ DO PINHO	RUA HORACIO SILVA	""	""	NA SUBIDA DA LADEIRA DO ALTO JOSE DO PINHO  E/F A IGREJA ASSEMBLEIA DE DEUS	ALTO JOSÉ DO PINHO	""	""	COLISÃO LATERAL	1,0	1,0	0,0	0,0	0,0	0,0	0,0	0,0	0,0	1,0	0,0	""	""	""	""	""	""	""	""	""	""	""	""	""
1811	202222079,0	2022-09-17T00:00:00	""	COM VÍTIMA	FINALIZADA	BOMBA DO HEMETÉRIO	RUA ARLINDO CISNEIRO	951,0	""	PROX A PADARIA RECORD	BOMBA DO HEMETÉRIO	""	SUBURBIO	COLISÃO LATERAL	2,0	1,0	0,0	0,0	0,0	0,0	0,0	0,0	0,0	1,0	0,0	Longo da via	Bom	Não existe	Não existente	Seca	Perfeito estado	Não existe	Não há placas	40 km/h	Dupla	Não existe	""	""
1812	202222094,0	2022-09-17T00:00:00	""	COM VÍTIMA	FINALIZADA	BOA VIAGEM	RUA BALTAZAR PASSOS	""	RUA VISCONDE DE JEQUITINHONHA	BEIRA CANAL  NO SEMAFORO 154	BOA VIAGEM	154,0	SUBURBIO	COLISÃO COM CICLISTA	1,0	0,0	0,0	1,0	0,0	0,0	0,0	0,0	0,0	1,0	0,0	Cruzamento	Bom	Sem defeito	Perfeito estado	Seca	Perfeito estado	Faixa de pedestre	Outras	40 km/h	Única	Faixa contínua	""	""
1813	202222108,0	2022-09-17T00:00:00	""	SEM VÍTIMA	FINALIZADA	PINA	AV HERCULANO BANDEIRA	""	""	APÓS A PASSARELA	PINA	""	""	CHOQUE	1,0	0,0	0,0	0,0	0,0	0,0	0,0	0,0	0,0	0,0	0,0	""	""	""	""	""	""	""	""	""	""	""	""	""
1814	202222122,0	2022-09-17T00:00:00	""	SEM VÍTIMA	FINALIZADA	MUSTARDINHA	AV MANOEL GONCALVES DA LUZ	396,0	RUA JOSE MOREIRA REIS	EM FRENTE AO Nº 391	MUSTARDINHA	""	SUBURBIO	COLISÃO TRASEIRA	1,0	0,0	0,0	0,0	0,0	0,0	0,0	1,0	0,0	0,0	0,0	Longo da via	Bom	Não existe	Perfeito estado	Seca	Perfeito estado	Não existe	Não há placas	30 km/h	Dupla	Faixa seccionada	""	""
1815	202222134,0	2022-09-18T00:00:00	""	COM VÍTIMA	FINALIZADA	IBURA	AV JORNALISTA COSTA PORTO	200,0	""	EM FRENTE A COMPESA	IBURA	""	""	COLISÃO FRONTAL	0,0	2,0	0,0	0,0	0,0	0,0	0,0	0,0	0,0	2,0	0,0	Longo da via	Bom	Não existe	""	Seca	Perfeito estado	Não existe	""	""	Dupla	Não existe	""	""
1816	202222138,0	2022-09-18T00:00:00	""	SEM VÍTIMA	FINALIZADA	CORDEIRO	AV INACIO MONTEIRO	90,0	""	""	CORDEIRO	""	SUBURBIO	COLISÃO TRASEIRA	2,0	0,0	0,0	0,0	0,0	0,0	0,0	0,0	0,0	0,0	0,0	Longo da via	Bom	Não existe	Perfeito estado	Seca	Perfeito estado	Não existe	Não há placas	""	Única	Faixa seccionada	""	""
1817	202222147,0	2022-09-18T00:00:00	""	COM VÍTIMA	CANCELADA	SANCHO	AV LIBERDADE	1531,0	""	EM FRENTE À PADARIA EMPÓRIO DOS PÃES	SANCHO	""	""	COLISÃO FRONTAL	1,0	1,0	0,0	0,0	0,0	0,0	0,0	0,0	0,0	1,0	0,0	""	""	""	""	""	""	""	""	""	""	""	""	""
1818	202222153,0	2022-09-18T00:00:00	""	COM VÍTIMA	FINALIZADA	BOA VISTA	RUA DO HOSPICIO	815,0	RUA JOAO LIRA	""	BOA VISTA	32,0	SUBURBIO	COLISÃO FRONTAL	1,0	1,0	0,0	0,0	0,0	0,0	0,0	0,0	0,0	1,0	0,0	Cruzamento	Bom	Sem defeito	Perfeito estado	Seca	Perfeito estado	Faixa de pedestre	Não há placas	60 km/h	Única	Faixa contínua	Faixa seccionada	""
1819	202222155,0	2022-09-18T00:00:00	""	COM VÍTIMA	FINALIZADA	AFOGADOS	RUA SAO MIGUEL	1331,0	RUA LUIZ PEREIRA DE FARIAS	EM FRENTE PARAISO DOS PETS	AFOGADOS	""	SUBURBIO	COLISÃO TRASEIRA	1,0	1,0	0,0	0,0	0,0	0,0	0,0	0,0	0,0	2,0	0,0	Cruzamento	Bom	Não existe	Não existente	Seca	Perfeito estado	Não existe	Não há placas	""	Dupla	Faixa seccionada	""	""
1820	202222159,0	2022-09-18T00:00:00	""	COM VÍTIMA	FINALIZADA	IPSEP	AV RECIFE	""	RUA JEAN EMILE FAVRE	PROXIMO AO SEMÁFORO 130 / SENTIDO BR	IPSEP	130,0	CIDADE	COLISÃO TRASEIRA	1,0	1,0	0,0	0,0	0,0	0,0	0,0	0,0	0,0	1,0	0,0	Cruzamento	Bom	Sem defeito	Perfeito estado	Seca	Perfeito estado	Faixa de pedestre	Não há placas	60 km/h	Única	Faixa contínua	Faixa seccionada	""
1821	202222166,0	2022-09-18T00:00:00	""	SEM VÍTIMA	FINALIZADA	AFOGADOS	RUA TRES DE AGOSTO	117'	EST DOS REMEDIOS	""	AFOGADOS	""	""	COLISÃO LATERAL	2,0	0,0	0,0	0,0	0,0	1,0	0,0	0,0	0,0	0,0	0,0	""	""	""	""	""	""	""	""	""	""	""	""	""
1822	202222178,0	2022-09-18T00:00:00	""	SEM VÍTIMA	FINALIZADA	BOA VIAGEM	AV CONSELHEIRO AGUIAR	5025,0	""	EM FRENTE A GALERIA CIDADE SUL	BOA VIAGEM	318,0	SUBURBIO	""	1,0	1,0	0,0	0,0	0,0	0,0	0,0	0,0	0,0	0,0	0,0	Longo da via	Bom	Sem defeito	Perfeito estado	Seca	Perfeito estado	Faixa de pedestre	R-6a	""	Única	Faixa seccionada	""	""
1823	202222190,0	2022-09-18T00:00:00	""	COM VÍTIMA	FINALIZADA	BOA VIAGEM	RUA FELIX DE BRITO E MELO	3278,0	RUA DOS NAVEGANTES	RUA DOS NAVEGANTES - PROX. A PADARIA DIPLOMATA	BOA VIAGEM	""	SUBURBIO	COLISÃO LATERAL	2,0	0,0	0,0	0,0	0,0	0,0	0,0	0,0	0,0	1,0	0,0	Cruzamento	Bom	Não existe	Perfeito estado	Seca	Perfeito estado	Não existe	"Placas ""Pare"""	30 km/h	Única	Faixa seccionada	""	""
1824	202222191,0	2022-09-18T00:00:00	""	SEM VÍTIMA	CANCELADA	BOMBA DO HEMETÉRIO	RUA CORREGO DO EUCLIDES	391,0	""	PRÓXIMO AO ANTIGO PAGODE DO NEO	BOMBA DO HEMETÉRIO	""	""	CHOQUE	1,0	3,0	0,0	0,0	0,0	0,0	0,0	0,0	0,0	0,0	0,0	""	""	""	""	""	""	""	""	""	""	""	""	""
1825	202222200,0	2022-09-19T00:00:00	""	COM VÍTIMA	FINALIZADA	ARRUDA	AV BEBERIBE	1628,0	RUA SAO BENTO	APÓS O ARMAZÉM CORAL	ARRUDA	64,0	CIDADE	COLISÃO FRONTAL	0,0	0,0	0,0	1,0	0,0	1,0	0,0	0,0	0,0	2,0	0,0	Esquina	Bom	Sem defeito	Perfeito estado	Seca	Perfeito estado	Faixa de pedestre	R-6a	30 km/h	Dupla	Faixa contínua	Outros	""
1826	202222215,0	2022-09-19T00:00:00	""	COM VÍTIMA	FINALIZADA	JIQUIÁ	RUA SAO MIGUEL	2015,0	RUA GUARAMIRIM	PRÓX. AO POSTO PETROISA E AO MOTEL PREMIUM	JIQUIÁ	""	CIDADE	COLISÃO TRASEIRA	2,0	1,0	0,0	0,0	0,0	0,0	0,0	0,0	0,0	1,0	0,0	Longo da via	Bom	Não existe	Incompleta	Seca	Perfeito estado	Não existe	R-6c	60 km/h	Dupla	Faixa contínua	Faixa seccionada	""
1827	202222240,0	2022-09-19T00:00:00	""	SEM VÍTIMA	FINALIZADA	ESPINHEIRO	AV GOVERNADOR AGAMENON MAGALHAES	""	RUA BUENOS AYRES	""	ESPINHEIRO	78,0	CIDADE	""	1,0	0,0	0,0	0,0	0,0	1,0	0,0	0,0	0,0	0,0	0,0	Cruzamento	Bom	Sem defeito	Perfeito estado	Seca	Perfeito estado	Faixa de pedestre	""	60 km/h	Única	Canteiro central	""	""
1828	202222245,0	2022-09-19T00:00:00	""	COM VÍTIMA	FINALIZADA	SÃO JOSÉ	AV SUL	""	""	AO LADO DO ANTIGO MERCADO DAS FLORES	SÃO JOSÉ	""	CIDADE	COLISÃO FRONTAL	1,0	1,0	0,0	0,0	0,0	0,0	0,0	0,0	0,0	1,0	0,0	Longo da via	Bom	Não existe	Perfeito estado	Seca	Perfeito estado	Não existe	Não há placas	""	Única	Faixa contínua	""	""
1829	202222248,0	2022-09-19T00:00:00	""	COM VÍTIMA	FINALIZADA	AFOGADOS	RUA COSME VIANA	""	RUA TRES DE AGOSTO	NO SEMAFORO 525	AFOGADOS	""	""	ATROPELAMENTO DE PESSOA	0,0	0,0	0,0	0,0	1,0	1,0	0,0	0,0	0,0	1,0	0,0	""	""	""	""	""	""	""	""	""	""	""	""	""
1830	202222254,0	2022-09-19T00:00:00	""	COM VÍTIMA	FINALIZADA	AFOGADOS	RUA SAO MIGUEL	268,0	""	EM FRENTE AO DEPATRI	AFOGADOS	""	""	COLISÃO LATERAL	0,0	1,0	0,0	0,0	0,0	0,0	0,0	1,0	0,0	1,0	0,0	Longo da via	Bom	Não existe	Ilegível	Seca	Perfeito estado	Não existe	Não há placas	60 km/h	Dupla	Faixa contínua	""	""
1831	202222255,0	2022-09-19T00:00:00	""	COM VÍTIMA	FINALIZADA	SANTO AMARO	RUA TREZE DE MAIO	""	RUA PEDRO AFONSO	AO LADO DO SESC	SANTO AMARO	427,0	""	COLISÃO LATERAL	1,0	1,0	0,0	0,0	0,0	0,0	0,0	0,0	0,0	1,0	0,0	Cruzamento	Bom	Sem defeito	Perfeito estado	Seca	Perfeito estado	Faixa de pedestre	Não há placas	40 km/h	Dupla	Faixa	""	""
1832	202222258,0	2022-09-19T00:00:00	""	COM VÍTIMA	FINALIZADA	AFOGADOS	RUA SAO MIGUEL	""	""	EM FRENTE AO QUARTEL	AFOGADOS	""	SUBURBIO	COLISÃO LATERAL	1,0	1,0	0,0	0,0	0,0	0,0	0,0	0,0	0,0	1,0	0,0	Longo da via	Bom	Sem defeito	Perfeito estado	Seca	Perfeito estado	Faixa de retenção	Não há placas	60 km/h	Dupla	Faixa contínua	""	""
1833	202222264,0	2022-09-19T00:00:00	""	COM VÍTIMA	FINALIZADA	BOA VISTA	RUA BISPO CARDOSO AYRES	""	RUA DO RIACHUELO	""	BOA VISTA	""	""	COLISÃO LATERAL	1,0	1,0	0,0	0,0	0,0	0,0	0,0	0,0	0,0	1,0	0,0	Cruzamento	Bom	Não existe	Perfeito estado	""	Perfeito estado	Faixa de pedestre	R-6a	40 km/h	Única	Não existe	""	""
1834	202222290,0	2022-09-20T00:00:00	""	COM VÍTIMA	FINALIZADA	IMBIRIBEIRA	AV PINHEIROS	""	RUA ARQUITETO LUIZ NUNES	NO SEMAFORO 537	IMBIRIBEIRA	""	""	COLISÃO TRASEIRA	1,0	1,0	0,0	0,0	0,0	0,0	0,0	0,0	0,0	2,0	0,0	Longo da via	Bom	Sem defeito	Perfeito estado	Seca	Perfeito estado	Faixa de pedestre	Outras	30 km/h	Dupla	Faixa contínua	""	""
1835	202222302,0	2022-09-20T00:00:00	""	SEM VÍTIMA	FINALIZADA	BOA VIAGEM	AV BOA VIAGEM	118,0	""	APÓS O SEMÁFORO Nº 118	BOA VIAGEM	118,0	CIDADE	COLISÃO TRASEIRA	2,0	0,0	0,0	0,0	0,0	0,0	0,0	1,0	0,0	0,0	0,0	Longo da via	Bom	Sem defeito	Perfeito estado	Seca	Perfeito estado	Faixa de pedestre	R-6a	60 km/h	Única	Faixa seccionada	""	""
1836	202222314,0	2022-09-20T00:00:00	""	COM VÍTIMA	FINALIZADA	CASA AMARELA	EST DO ARRAIAL	4834,0	""	COLÉGIO PROF MILO PEREIRA	CASA AMARELA	""	""	COLISÃO LATERAL	1,0	1,0	0,0	0,0	0,0	0,0	0,0	0,0	0,0	1,0	0,0	Longo da via	Bom	Não existe	Incompleta	Seca	Perfeito estado	Não existe	Outras	""	Única	Não existe	""	""
1837	202222325,0	2022-09-20T00:00:00	""	COM VÍTIMA	FINALIZADA	JOANA BEZERRA	AV DES GUERRA BARRETO	""	""	EM FRENTE AO FORUM JOANA BEZERRA	JOANA BEZERRA	38,0	CIDADE	COLISÃO LATERAL	1,0	1,0	0,0	0,0	0,0	0,0	0,0	0,0	0,0	1,0	0,0	Longo da via	Bom	Sem defeito	Perfeito estado	Seca	Perfeito estado	Faixa de pedestre	Outras	""	Dupla	Faixa contínua	""	""
1838	202222333,0	2022-09-20T00:00:00	""	COM VÍTIMA	FINALIZADA	DERBY	AV GOVERNADOR AGAMENON MAGALHAES	""	""	EM FRENTE A CLINICA JOSE ROCHA DE SÁ	DERBY	68,0	""	COLISÃO LATERAL	1,0	1,0	0,0	0,0	0,0	0,0	0,0	0,0	0,0	1,0	0,0	Longo da via	Bom	Sem defeito	Perfeito estado	Seca	Perfeito estado	Não existe	Outras	60 km/h	Dupla	Canal	""	""
1839	202222340,0	2022-09-20T00:00:00	""	SEM VÍTIMA	FINALIZADA	BAIRRO DO RECIFE	CAIS DO APOLO	""	""	SEMÁFORO 019	BAIRRO DO RECIFE	19,0	SUBURBIO	""	2,0	0,0	0,0	0,0	0,0	0,0	0,0	0,0	1,0	0,0	0,0	Longo da via	Bom	Sem defeito	Perfeito estado	Seca	Perfeito estado	Não existe	Outras	""	Dupla	Canteiro central	""	""
1840	202222343,0	2022-09-20T00:00:00	""	COM VÍTIMA	FINALIZADA	IMBIRIBEIRA	RUA ITACARI	301,0	""	POR TRÁS DO BANCO ITAU DA IMBIRIBEIRA	IMBIRIBEIRA	""	""	COLISÃO FRONTAL	1,0	1,0	0,0	0,0	0,0	0,0	0,0	0,0	0,0	1,0	0,0	Cruzamento	Bom	Não existe	Perfeito estado	Seca	Perfeito estado	Faixa de pedestre	"Placas ""Pare"""	40 km/h	""	Faixa contínua	""	""
1841	202222345,0	2022-09-20T00:00:00	""	COM VÍTIMA	FINALIZADA	MADALENA	AV BEIRA RIO	701,0	RUA JOSE OSORIO	SEMÁFORO 387	MADALENA	""	SUBURBIO	ATROPELAMENTO DE PESSOA	1,0	0,0	0,0	0,0	1,0	0,0	0,0	0,0	0,0	1,0	0,0	Longo da via	Bom	Sem defeito	Perfeito estado	Seca	Perfeito estado	Faixa de pedestre	Outras	40 km/h	Dupla	Faixa contínua	""	""
1842	202222349,0	2022-09-20T00:00:00	""	SEM VÍTIMA	FINALIZADA	ESPINHEIRO	RUA BARAO DE ITAMARACA	""	""	SUPERMERCADO SOBERANO	ESPINHEIRO	""	SUBURBIO	COLISÃO FRONTAL	2,0	0,0	0,0	0,0	0,0	0,0	0,0	0,0	0,0	0,0	0,0	Longo da via	Bom	Não existe	Perfeito estado	Seca	Perfeito estado	Não existe	Outras	30 km/h	Dupla	Não existe	""	""
1843	202222350,0	2022-09-20T00:00:00	""	SEM VÍTIMA	FINALIZADA	BOA VIAGEM	RUA CORONEL ANIZIO RODRIGUES COELHO	66,0	RUA DES JOAO PAES	""	BOA VIAGEM	""	SUBURBIO	COLISÃO TRANSVERSAL	2,0	0,0	0,0	0,0	0,0	0,0	0,0	0,0	0,0	0,0	0,0	Cruzamento	Bom	Sem defeito	Perfeito estado	Seca	Perfeito estado	Faixa de pedestre	"Placas ""Pare"""	""	Única	Não existe	""	""
1844	202222366,0	2022-09-20T00:00:00	""	COM VÍTIMA	CANCELADA	IPSEP	AV RECIFE	""	""	EM FRENTE  AO POSTO SHEL - SAIDA DO IBURA	IPSEP	55,0	""	COLISÃO LATERAL	0,0	2,0	0,0	0,0	0,0	0,0	0,0	0,0	0,0	1,0	0,0	""	""	""	""	""	""	""	""	""	""	""	""	""