_id	Protocolo	data	hora	natureza	situacao	bairro	endereco	numero	detalhe_endereco_acidente	complemento	bairro_cruzamento	num_semaforo	sentido_via	tipo	auto	moto	ciclom	ciclista	pedestre	onibus	caminhao	viatura	outros	vitimas	vitimasfatais	acidente_verificado	tempo_clima	situacao_semaforo	sinalizacao	condicao_via	conservacao_via	ponto_controle	situacao_placa	velocidade_max_via	mao_direcao	divisao_via1	divisao_via2	divisao_via3
1905	202223077,0	2022-09-28T00:00:00	""	SEM VÍTIMA	FINALIZADA	AFLITOS	AV SANTOS DUMONT	444,0	""	EM FRENTE AO Nº 444	AFLITOS	""	SUBURBIO	CHOQUE	2,0	0,0	0,0	0,0	0,0	0,0	0,0	0,0	0,0	0,0	0,0	Longo da via	Bom	Não existe	Perfeito estado	Seca	Perfeito estado	Não existe	R-6a	30 km/h	Única	""	""	""
1906	202223087,0	2022-09-28T00:00:00	""	COM VÍTIMA	FINALIZADA	IMBIRIBEIRA	AV MARECHAL MASCARENHAS DE MORAES	""	""	EM FRENTE A FPS NO SENTIDO PRAZERES	IMBIRIBEIRA	""	""	COLISÃO TRASEIRA	0,0	2,0	0,0	0,0	0,0	0,0	0,0	0,0	0,0	1,0	0,0	Longo da via	Bom	Não existe	Perfeito estado	Seca	Perfeito estado	Não existe	R-6a	60 km/h	Dupla	Canteiro central	""	""
1907	202223091,0	2022-09-28T00:00:00	""	COM VÍTIMA	FINALIZADA	GRAÇAS	RUA DAS PERNAMBUCANAS	""	RUA MONSENHOR AMBROZINO LEITE	PROXIMO AO HOSPITAL JAIME DA FONTE	GRAÇAS	600,0	SUBURBIO	COLISÃO TRANSVERSAL	1,0	1,0	0,0	0,0	0,0	0,0	0,0	0,0	0,0	1,0	0,0	Cruzamento	Bom	Intermitente	Perfeito estado	Seca	Perfeito estado	Faixa de pedestre	R-6a	""	Dupla	Faixa seccionada	""	""
1908	202223098,0	2022-09-29T00:00:00	""	COM VÍTIMA	CANCELADA	TEJIPIÓ	RUA LEANDRO BARRETO	425,0	""	EM FRENTE A GALERIA VERDE	TEJIPIÓ	""	""	QUEDA	0,0	1,0	0,0	0,0	0,0	0,0	0,0	0,0	0,0	1,0	0,0	""	""	""	""	""	""	""	""	""	""	""	""	""
1909	202223110,0	2022-09-29T00:00:00	""	COM VÍTIMA	DUPLICIDADE	""	RUA SAO MIGUEL	""	""	""	""	""	""	COLISÃO FRONTAL	1,0	1,0	0,0	0,0	0,0	0,0	0,0	0,0	0,0	1,0	0,0	""	""	""	""	""	""	""	""	""	""	""	""	""
1910	202223111,0	2022-09-29T00:00:00	""	COM VÍTIMA	FINALIZADA	DERBY	RUA HENRIQUE DIAS	""	AV GOVERNADOR AGAMENON MAGALHAES	""	DERBY	""	""	COLISÃO TRASEIRA	1,0	1,0	0,0	0,0	0,0	0,0	0,0	0,0	0,0	1,0	0,0	Longo da via	Bom	Sem defeito	Perfeito estado	Seca	Perfeito estado	Outros	Outras	""	Dupla	Faixa seccionada	""	""
1911	202223115,0	2022-09-29T00:00:00	""	COM VÍTIMA	FINALIZADA	AFOGADOS	RUA SAO MIGUEL	1883,0	""	CENTER QUADROS METÁLICOS	AFOGADOS	""	""	COLISÃO LATERAL	1,0	2,0	0,0	0,0	0,0	0,0	0,0	0,0	0,0	1,0	0,0	Longo da via	Bom	Não existe	Perfeito estado	Seca	Perfeito estado	Não existe	Não há placas	""	Dupla	Faixa contínua	Faixa seccionada	""
1912	202223138,0	2022-09-29T00:00:00	""	COM VÍTIMA	FINALIZADA	CIDADE UNIVERSITÁRIA	AV PROFESSOR LUIZ FREIRE	""	""	EM FRENTE AO IFPE	CIDADE UNIVERSITÁRIA	""	""	COLISÃO TRASEIRA	0,0	2,0	0,0	0,0	0,0	0,0	0,0	0,0	0,0	2,0	0,0	Longo da via	Bom	Não existe	Perfeito estado	Seca	Perfeito estado	Não existe	Não há placas	40 km/h	Dupla	Faixa seccionada	""	""
1913	202223141,0	2022-09-29T00:00:00	""	COM VÍTIMA	FINALIZADA	BARRO	AV DR JOSE RUFINO	""	""	EM FRENTE AO 4º BCOM	BARRO	""	""	COLISÃO LATERAL	1,0	1,0	0,0	0,0	0,0	0,0	0,0	0,0	0,0	1,0	0,0	""	""	""	""	""	""	""	""	""	""	""	""	""
1914	202223142,0	2022-09-29T00:00:00	""	SEM VÍTIMA	FINALIZADA	BOA VIAGEM	AV MARECHAL MASCARENHAS DE MORAES	5313,0	""	EM FRENTE AO HOTEL IBIS RECIFE AEROPORTO	BOA VIAGEM	""	CIDADE	""	1,0	0,0	0,0	0,0	0,0	0,0	0,0	1,0	0,0	0,0	0,0	Longo da via	Bom	Não existe	Perfeito estado	Seca	Perfeito estado	Não existe	Não há placas	60 km/h	Única	Faixa contínua	Canteiro central	""
1915	202223162,0	2022-09-29T00:00:00	""	COM VÍTIMA	FINALIZADA	DOIS IRMÃOS	RUA DOIS IRMAOS	""	""	EM FRENTE A ESCOLA CÃNDIDO DUARTE	DOIS IRMÃOS	""	""	QUEDA	0,0	1,0	0,0	0,0	0,0	0,0	0,0	0,0	0,0	1,0	0,0	Longo da via	Bom	Sem defeito	Perfeito estado	Seca	Perfeito estado	Não existe	R-6a	""	Dupla	Faixa contínua	""	""
1916	202223170,0	2022-09-29T00:00:00	""	SEM VÍTIMA	CANCELADA	BOA VIAGEM	RUA BALTAZAR PASSOS	""	AV BOA VIAGEM	""	BOA VIAGEM	""	""	COLISÃO LATERAL	1,0	0,0	0,0	0,0	0,0	0,0	1,0	0,0	0,0	0,0	0,0	""	""	""	""	""	""	""	""	""	""	""	""	""
1917	202223174,0	2022-09-29T00:00:00	""	SEM VÍTIMA	FINALIZADA	BOA VIAGEM	AV BOA VIAGEM	""	""	EM FRENTE AO Nº 3356	BOA VIAGEM	547,0	CIDADE	COLISÃO TRASEIRA	2,0	0,0	0,0	0,0	0,0	0,0	0,0	0,0	0,0	0,0	0,0	Longo da via	Bom	Sem defeito	Perfeito estado	Seca	Perfeito estado	Faixa de pedestre	""	""	Única	Faixa seccionada	""	""
1918	202223176,0	2022-09-29T00:00:00	""	COM VÍTIMA	FINALIZADA	BOA VIAGEM	RUA CAMBOIM	""	RUA JOAO CARDOSO AIRES	""	BOA VIAGEM	""	""	COLISÃO LATERAL	1,0	1,0	0,0	0,0	0,0	0,0	0,0	0,0	0,0	1,0	0,0	Cruzamento	Bom	Não existe	Ilegível	Seca	Perfeito estado	Não existe	"Placas ""Pare"""	30 km/h	Dupla	Faixa seccionada	""	""
1919	202223183,0	2022-09-30T00:00:00	""	COM VÍTIMA	FINALIZADA	BOA VIAGEM	AV CONSELHEIRO AGUIAR	2707,0	""	EM FRENTE A CLÍNICA ARMINDO MOURA NETO	BOA VIAGEM	549,0	""	ENGAVETAMENTO	3,0	0,0	0,0	0,0	0,0	0,0	0,0	0,0	0,0	1,0	0,0	Longo da via	Bom	Sem defeito	Perfeito estado	Seca	Perfeito estado	Faixa de pedestre	R-6a	""	Única	Faixa seccionada	""	""
1920	202223193,0	2022-09-30T00:00:00	""	COM VÍTIMA	FINALIZADA	MANGUEIRA	RUA VINTE E UM DE ABRIL	2090,0	RUA BOM JARDIM	JOEL DAS BEBIDAS / BORRACHARIA DO LUCAS	MANGUEIRA	""	""	COLISÃO LATERAL	1,0	1,0	0,0	0,0	0,0	0,0	0,0	0,0	0,0	1,0	0,0	Cruzamento	Bom	Não existe	Não existente	Seca	Perfeito estado	Não existe	Não há placas	""	Dupla	Não existe	""	""
1921	202223231,0	2022-09-30T00:00:00	""	COM VÍTIMA	FINALIZADA	IMBIRIBEIRA	RUA CONEGO LIRA	370,0	""	PROX A DISTRUIDORA PALAÇOS / BATERIA MOURA	IMBIRIBEIRA	""	""	COLISÃO LATERAL	1,0	1,0	0,0	0,0	0,0	0,0	0,0	0,0	0,0	1,0	0,0	Cruzamento	Bom	Não existe	Não existente	Seca	Perfeito estado	Não existe	Não há placas	""	Dupla	Não existe	""	""
1922	202223236,0	2022-09-30T00:00:00	""	COM VÍTIMA	FINALIZADA	BONGI	RUA DELMIRO GOUVEIA	333,0	""	EM FRENTE A CHESF	BONGI	""	CIDADE	COLISÃO LATERAL	1,0	1,0	0,0	0,0	0,0	0,0	0,0	0,0	0,0	1,0	0,0	Longo da via	Bom	Não existe	Incompleta	Seca	Perfeito estado	Não existe	Não há placas	""	Dupla	Não existe	""	""
1923	202223254,0	2022-09-30T00:00:00	""	COM VÍTIMA	CANCELADA	POÇO DA PANELA	AV DEZESSETE DE AGOSTO	1986,0	""	PRÓXIMO AO LABORATÓRIO MARCELO MAGALHÃES	POÇO DA PANELA	""	""	COLISÃO LATERAL	0,0	0,0	0,0	0,0	0,0	0,0	0,0	0,0	0,0	1,0	0,0	""	""	""	""	""	""	""	""	""	""	""	""	""
1924	202223262,0	2022-09-30T00:00:00	""	COM VÍTIMA	CANCELADA	CAXANGÁ	RUA EMILIANO BRAGA	""	""	ATTRAS DA ESTACÃO DE ONIBUS BRT	CAXANGÁ	""	""	COLISÃO FRONTAL	1,0	1,0	0,0	0,0	0,0	0,0	0,0	0,0	0,0	1,0	0,0	""	""	""	""	""	""	""	""	""	""	""	""	""
1925	202223274,0	2022-09-30T00:00:00	""	COM VÍTIMA	CANCELADA	ARRUDA	RUA DA REGENERACAO	788,0	""	EM FRENTE A LOJA TO NO ASSAI	ARRUDA	""	""	CHOQUE	2,0	0,0	0,0	0,0	0,0	0,0	0,0	0,0	0,0	1,0	0,0	""	""	""	""	""	""	""	""	""	""	""	""	""
1926	202223276,0	2022-10-01T00:00:00	""	COM VÍTIMA	FINALIZADA	JARDIM SÃO PAULO	AV RECIFE	6165,0	""	EM FRENTE AO ASSAI	JARDIM SÃO PAULO	""	""	COLISÃO LATERAL	1,0	1,0	0,0	0,0	0,0	0,0	0,0	0,0	0,0	1,0	0,0	Longo da via	Bom	Sem defeito	Perfeito estado	Seca	Perfeito estado	Não existe	Não há placas	""	Única	Faixa seccionada	""	""
1927	202223345,0	2022-10-01T00:00:00	""	COM VÍTIMA	FINALIZADA	ENCRUZILHADA	AV BEBERIBE	""	RUA PEDRO ALVES	DROGASIL	ENCRUZILHADA	186,0	CIDADE	COLISÃO TRASEIRA	1,0	1,0	0,0	0,0	0,0	0,0	0,0	0,0	0,0	1,0	0,0	Cruzamento	Bom	Sem defeito	Perfeito estado	Seca	Perfeito estado	Faixa de pedestre	Outras	""	Dupla	Faixa contínua	""	""
1928	202223347,0	2022-10-01T00:00:00	""	SEM VÍTIMA	FINALIZADA	IBURA	RUA PINTOR AGENOR DE ALBUQUERQUE CESAR	160,0	""	""	IBURA	""	""	CHOQUE	1,0	0,0	0,0	0,0	0,0	0,0	0,0	1,0	0,0	0,0	0,0	Longo da via	Bom	Não existe	Perfeito estado	Seca	Perfeito estado	Não existe	""	""	Dupla	Não existe	""	""
1929	202223349,0	2022-10-01T00:00:00	""	COM VÍTIMA	FINALIZADA	VASCO DA GAMA	RUA VASCO DA GAMA	178,0	""	PRÓXIMO AO SESI DO VASCO	VASCO DA GAMA	""	""	COLISÃO LATERAL	1,0	1,0	0,0	0,0	0,0	0,0	0,0	0,0	0,0	1,0	0,0	Outros	Bom	Não existe	Incompleta	Seca	Mal conservada	Não existe	R-6a	40 km/h	Dupla	Faixa seccionada	""	""
1930	202223352,0	2022-10-02T00:00:00	""	COM VÍTIMA	FINALIZADA	IMBIRIBEIRA	RUA ARQUITETO LUIZ NUNES	""	RUA ENGENHEIRO JOSE BRANDAO CAVALCANTE	LAGOA DO ARAÇA	IMBIRIBEIRA	""	""	COLISÃO LATERAL	1,0	1,0	0,0	0,0	0,0	0,0	0,0	0,0	0,0	2,0	0,0	Cruzamento	Bom	Não existe	Perfeito estado	Seca	Perfeito estado	Não existe	"Placas ""Pare"""	""	Dupla	Faixa contínua	""	""
1931	202223354,0	2022-10-02T00:00:00	""	COM VÍTIMA	FINALIZADA	CAXANGÁ	RUA GASTAO VIDIGAL	""	""	EM FRENTE A UPA	CAXANGÁ	""	SUBURBIO	COLISÃO LATERAL	2,0	0,0	0,0	0,0	0,0	0,0	0,0	0,0	0,0	1,0	0,0	Cruzamento	Bom	Sem defeito	Perfeito estado	Seca	Perfeito estado	Faixa de pedestre	Não há placas	""	Dupla	Não existe	""	""
1932	202223358,0	2022-10-02T00:00:00	""	SEM VÍTIMA	FINALIZADA	JORDÃO	PRC DO JORDAO	53,0	""	FRENTE Nº 53	JORDÃO	""	CIDADE	COLISÃO FRONTAL	0,0	1,0	0,0	0,0	0,0	0,0	0,0	1,0	0,0	0,0	0,0	Longo da via	Bom	Não existe	Perfeito estado	Seca	Perfeito estado	Não existe	R-6a	30 km/h	Dupla	Não existe	""	""
1933	202223400,0	2022-10-02T00:00:00	""	COM VÍTIMA	CANCELADA	AREIAS	RUA FIGUEIRA DE MELO	11,0	""	EM FRENTE AO CASA DE FESTA OXENTE KIDS	AREIAS	""	""	QUEDA	0,0	1,0	0,0	0,0	0,0	0,0	0,0	0,0	0,0	1,0	0,0	""	""	""	""	""	""	""	""	""	""	""	""	""
1934	202223416,0	2022-10-02T00:00:00	""	COM VÍTIMA	FINALIZADA	PORTO DA MADEIRA	RUA DALVA DE OLIVEIRA	""	""	PROXIMO A AMBEV	PORTO DA MADEIRA	""	""	COLISÃO LATERAL	1,0	1,0	0,0	0,0	0,0	0,0	0,0	0,0	0,0	1,0	0,0	Cruzamento	Bom	Não existe	Perfeito estado	Seca	Perfeito estado	Outros	Não há placas	""	Dupla	Não existe	""	""
1935	202223433,0	2022-10-03T00:00:00	""	SEM VÍTIMA	FINALIZADA	CORDEIRO	RUA MANDIORE	152,0	""	""	CORDEIRO	""	SUBURBIO	CHOQUE	3,0	0,0	0,0	0,0	0,0	0,0	0,0	0,0	0,0	0,0	0,0	Longo da via	Bom	Não existe	Não existente	Seca	Perfeito estado	Não existe	Não há placas	""	Dupla	Não existe	""	""
1936	202223435,0	2022-10-03T00:00:00	""	SEM VÍTIMA	FINALIZADA	VASCO DA GAMA	RUA NOVA DESCOBERTA	213,0	""	EM FRENTE ATACAREJO	VASCO DA GAMA	""	CIDADE	COLISÃO FRONTAL	0,0	1,0	0,0	0,0	0,0	1,0	0,0	0,0	0,0	0,0	0,0	Longo da via	Bom	Não existe	Perfeito estado	Seca	Perfeito estado	Não existe	R-6a	""	Dupla	Não existe	""	""
1937	202223438,0	2022-10-03T00:00:00	""	SEM VÍTIMA	FINALIZADA	DERBY	AV GOVERNADOR AGAMENON MAGALHAES	""	RUA JOAO FERNANDES VIEIRA	""	DERBY	37,0	SUBURBIO	CHOQUE	0,0	0,0	0,0	0,0	0,0	0,0	0,0	1,0	0,0	0,0	0,0	Cruzamento	Bom	Sem defeito	Perfeito estado	Seca	Perfeito estado	Faixa de pedestre	Não há placas	60 km/h	Única	Faixa contínua	""	""
1938	202223449,0	2022-10-03T00:00:00	""	COM VÍTIMA	FINALIZADA	BOA VIAGEM	AV BOA VIAGEM	3356,0	""	PRÉDIO ACAIACA  / EDF. ANTONIO MONTE	BOA VIAGEM	""	""	COLISÃO LATERAL	4,0	1,0	0,0	0,0	0,0	0,0	0,0	0,0	0,0	1,0	0,0	Longo da via	Bom	Sem defeito	Perfeito estado	Seca	Perfeito estado	Não existe	Não há placas	""	Única	Faixa seccionada	""	""
1939	202223454,0	2022-10-03T00:00:00	""	COM VÍTIMA	FINALIZADA	GRAÇAS	RUA AMELIA	""	AV RUI BARBOSA	ENTRE O POSTO SHEL  E O POSTO BR	GRAÇAS	""	""	COLISÃO FRONTAL	1,0	1,0	0,0	0,0	0,0	0,0	0,0	0,0	0,0	1,0	0,0	Cruzamento	Bom	Sem defeito	Perfeito estado	Seca	Perfeito estado	Faixa de pedestre	Não há placas	""	Única	Não existe	""	""
1940	202223468,0	2022-10-03T00:00:00	""	COM VÍTIMA	FINALIZADA	ÁGUA FRIA	RUA DR EUDES COSTA	497,0	""	EM FRENTE A IGREJA DEUS É AMOR	ÁGUA FRIA	""	""	COLISÃO TRASEIRA	1,0	1,0	0,0	0,0	0,0	0,0	0,0	0,0	0,0	1,0	0,0	Longo da via	Bom	Não existe	Perfeito estado	Seca	Perfeito estado	Não existe	Outras	""	Dupla	Faixa seccionada	""	""
1941	202223473,0	2022-10-03T00:00:00	""	COM VÍTIMA	FINALIZADA	MADALENA	AV JOSE GONCALVES DE MEDEIROS	138,0	""	PROXIMO AO RESTAURANTE OPINENCE	MADALENA	""	""	COLISÃO LATERAL	1,0	1,0	0,0	0,0	0,0	0,0	0,0	0,0	0,0	1,0	0,0	Esquina	Bom	Não existe	Ilegível	Seca	Perfeito estado	Não existe	Não há placas	""	Dupla	Não existe	""	""
1942	202223479,0	2022-10-03T00:00:00	""	COM VÍTIMA	FINALIZADA	SÃO JOSÉ	TRV DO RAPOSO	""	""	NO PONTILÃO	SÃO JOSÉ	""	""	COLISÃO COM CICLISTA	1,0	0,0	0,0	1,0	0,0	0,0	0,0	0,0	0,0	1,0	0,0	Cruzamento	Bom	Não existe	Não existente	Seca	Mal iluminada	Não existe	Não há placas	""	Dupla	Não existe	""	""
1943	202223515,0	2022-10-04T00:00:00	""	SEM VÍTIMA	FINALIZADA	AFOGADOS	RUA DEMOCRITO CAVALCANTI	247,0	""	EM FRENTE ARMAND ENGENHARIA	AFOGADOS	""	CIDADE	CHOQUE	0,0	0,0	0,0	0,0	0,0	0,0	0,0	1,0	0,0	0,0	0,0	Longo da via	Bom	Não existe	Não existente	Seca	Mal conservada	Não existe	Não há placas	""	Dupla	Não existe	""	""
1944	202223516,0	2022-10-04T00:00:00	""	COM VÍTIMA	FINALIZADA	SAN MARTIN	AV GENERAL SAN MARTIN	""	""	EM FRENTE AOS CORREIOS	SAN MARTIN	""	""	ATROPELAMENTO DE PESSOA	0,0	1,0	0,0	0,0	1,0	0,0	0,0	0,0	0,0	1,0	0,0	""	""	""	""	""	""	""	""	""	""	""	""	""
1945	202223517,0	2022-10-04T00:00:00	""	SEM VÍTIMA	FINALIZADA	CAMPO GRANDE	AV GOVERNADOR AGAMENON MAGALHAES	""	""	LADO OPOSTO AO TACARUNA	CAMPO GRANDE	""	CIDADE	""	1,0	0,0	0,0	0,0	0,0	0,0	1,0	0,0	0,0	0,0	0,0	Longo da via	Bom	Não existe	Perfeito estado	Seca	Perfeito estado	Não existe	Não há placas	60 km/h	Única	Faixa seccionada	""	""
1946	202223518,0	2022-10-04T00:00:00	""	COM VÍTIMA	FINALIZADA	CAMPO GRANDE	RUA JERONIMO VILELA	141,0	RUA MARQUES DE ABRANTES	APÓS O COLÉGIO JESUS CRUCIFICADO	CAMPO GRANDE	""	""	COLISÃO LATERAL	1,0	1,0	0,0	0,0	0,0	0,0	0,0	0,0	0,0	1,0	0,0	Cruzamento	Bom	Não existe	Perfeito estado	Seca	Perfeito estado	Não existe	Outras	40 km/h	Dupla	Faixa seccionada	""	""
1947	202223541,0	2022-10-04T00:00:00	""	COM VÍTIMA	CANCELADA	CASA AMARELA	AV DR EURICO CHAVES	567,0	""	DEPÓSITO DO EDUARDO	CASA AMARELA	""	""	COLISÃO LATERAL	1,0	1,0	0,0	0,0	0,0	0,0	0,0	0,0	0,0	1,0	0,0	""	""	""	""	""	""	""	""	""	""	""	""	""
1948	202223544,0	2022-10-04T00:00:00	""	COM VÍTIMA	FINALIZADA	CURADO	AV PREFEITO ANTONIO PEREIRA	""	""	PROXIMO A ENTRADA DO TIPI NO TEMINAL	CURADO	""	""	COLISÃO TRASEIRA	0,0	1,0	0,0	0,0	0,0	1,0	0,0	0,0	0,0	1,0	0,0	Longo da via	Bom	Não existe	Perfeito estado	Seca	Perfeito estado	Não existe	Não há placas	""	Dupla	Canteiro central	""	""
1949	202223549,0	2022-10-04T00:00:00	""	SEM VÍTIMA	FINALIZADA	SANTO AMARO	AV CRUZ CABUGA	""	RUA DOS CASADOS	EM FRENTE AO HCP	SANTO AMARO	202,0	CIDADE	""	1,0	0,0	0,0	0,0	0,0	0,0	1,0	0,0	0,0	0,0	0,0	Longo da via	Bom	Sem defeito	Perfeito estado	Seca	Perfeito estado	Faixa de pedestre	Outras	""	Dupla	Blocos	""	""
1950	202223552,0	2022-10-04T00:00:00	""	SEM VÍTIMA	FINALIZADA	SÃO JOSÉ	RUA FLORIANO PEIXOTO	""	""	PÁTIO DO TERMINAL INTEGRADO	SÃO JOSÉ	""	SUBURBIO	""	0,0	0,0	0,0	0,0	0,0	1,0	0,0	1,0	0,0	0,0	0,0	Outros	Bom	Não existe	Ilegível	Seca	Perfeito estado	Não existe	Não há placas	""	Única	Não existe	""	""
1951	202223560,0	2022-10-04T00:00:00	""	COM VÍTIMA	FINALIZADA	MADALENA	AV BEIRA RIO	650,0	RUA JANUARIO BARBOSA	PROX A PONTE DE DA CAPUNGA	MADALENA	""	""	COLISÃO LATERAL	1,0	1,0	0,0	0,0	0,0	0,0	0,0	0,0	0,0	1,0	0,0	Esquina	Bom	Não existe	Perfeito estado	Seca	Perfeito estado	Não existe	Outras	""	Dupla	Faixa seccionada	""	""
1952	202223568,0	2022-10-04T00:00:00	""	COM VÍTIMA	FINALIZADA	CASA FORTE	AV DEZESSETE DE AGOSTO	1255,0	RUA JACO VELOSINO	EM FRENTE A FARMACIA DROGASIL	CASA FORTE	""	""	COLISÃO LATERAL	1,0	1,0	0,0	0,0	0,0	0,0	0,0	0,0	0,0	1,0	0,0	Longo da via	Bom	Não existe	Perfeito estado	Seca	Perfeito estado	Não existe	Não há placas	40 km/h	Dupla	Faixa seccionada	""	""
1953	202223586,0	2022-10-04T00:00:00	""	COM VÍTIMA	FINALIZADA	CAMPO GRANDE	RUA PROFESSOR FRANCISCO DA TRINDADE	""	RUA SAO CAETANO	PRÓXIMO AO CLUBE DAS PÁS	CAMPO GRANDE	""	""	COLISÃO LATERAL	0,0	0,0	0,0	0,0	0,0	0,0	0,0	0,0	0,0	1,0	0,0	Cruzamento	Bom	Não existe	Perfeito estado	Seca	Perfeito estado	Faixa de pedestre	Não há placas	30 km/h	Dupla	Faixa contínua	""	""
1954	202223588,0	2022-10-04T00:00:00	""	SEM VÍTIMA	CANCELADA	TORRE	RUA SOUZA BANDEIRA	""	""	PRÓXIMO AO COLÉGIO LUBIESCA	TORRE	""	""	COLISÃO TRANSVERSAL	0,0	0,0	0,0	0,0	0,0	0,0	0,0	0,0	0,0	0,0	0,0	""	""	""	""	""	""	""	""	""	""	""	""	""
1955	202223589,0	2022-10-04T00:00:00	""	SEM VÍTIMA	CANCELADA	ENCRUZILHADA	RUA LARGA DO FEITOSA	304,0	""	APÓS O BAR DO TONHÃO	ENCRUZILHADA	""	""	CHOQUE	0,0	0,0	0,0	0,0	0,0	0,0	0,0	0,0	0,0	0,0	0,0	""	""	""	""	""	""	""	""	""	""	""	""	""
1956	202223590,0	2022-10-04T00:00:00	""	COM VÍTIMA	FINALIZADA	AFOGADOS	RUA SAO MIGUEL	""	""	EM FRENTE AO DEPATRI	AFOGADOS	""	""	COLISÃO TRANSVERSAL	0,0	0,0	0,0	0,0	0,0	0,0	0,0	0,0	0,0	2,0	0,0	Cruzamento	Bom	Não existe	Perfeito estado	Seca	Perfeito estado	Não existe	Não há placas	40 km/h	Dupla	Faixa contínua	""	""
1957	202223594,0	2022-10-05T00:00:00	""	COM VÍTIMA	FINALIZADA	BOA VISTA	RUA GERVASIO PIRES	""	""	AO LADO DO SHOPPING BOA VISTA	BOA VISTA	24,0	""	COLISÃO TRASEIRA	1,0	1,0	0,0	0,0	0,0	0,0	0,0	0,0	0,0	2,0	0,0	Longo da via	Bom	Sem defeito	Perfeito estado	Seca	Perfeito estado	Agente	Não há placas	""	Única	Faixa seccionada	""	""
1958	202223604,0	2022-10-05T00:00:00	""	SEM VÍTIMA	CANCELADA	PINA	RUA COMENDADOR MORAES	""	AV ANTONIO DE GOES	EM FRENTE AO JCPM	PINA	""	""	COLISÃO LATERAL	1,0	0,0	0,0	0,0	0,0	0,0	0,0	1,0	0,0	0,0	0,0	""	""	""	""	""	""	""	""	""	""	""	""	""
1959	202223618,0	2022-10-05T00:00:00	""	COM VÍTIMA	FINALIZADA	BOA VISTA	AV MONTEVIDEU	""	""	PRÓX. AO BRADESCO	BOA VISTA	""	""	COLISÃO LATERAL	0,0	1,0	0,0	0,0	0,0	0,0	0,0	1,0	0,0	1,0	0,0	""	""	""	""	""	""	""	""	""	""	""	""	""
1960	202223633,0	2022-10-05T00:00:00	""	COM VÍTIMA	FINALIZADA	DERBY	AV GOVERNADOR AGAMENON MAGALHAES	""	""	""	DERBY	""	""	COLISÃO LATERAL	1,0	1,0	0,0	0,0	0,0	0,0	0,0	0,0	0,0	1,0	0,0	Longo da via	Bom	Sem defeito	Perfeito estado	Seca	Mal iluminada	""	Outras	60 km/h	Dupla	Canteiro central	""	""
1961	202223642,0	2022-10-05T00:00:00	""	COM VÍTIMA	FINALIZADA	BARRO	AV DR JOSE RUFINO	2642,0	""	EM FRENTE AO HOTEL OLIMPICOS	BARRO	""	CIDADE	COLISÃO LATERAL	0,0	1,0	0,0	0,0	0,0	1,0	0,0	0,0	0,0	1,0	0,0	Cruzamento	Bom	Não existe	Incompleta	Seca	Perfeito estado	Não existe	R-6a	""	Dupla	Faixa contínua	Faixa seccionada	""
1962	202223643,0	2022-10-05T00:00:00	""	COM VÍTIMA	FINALIZADA	VASCO DA GAMA	RUA DOURADINHA	""	""	NA LADEIRA  DO ALTO DO EUCALIPTO	VASCO DA GAMA	""	""	COLISÃO FRONTAL	1,0	1,0	0,0	0,0	0,0	0,0	0,0	0,0	0,0	1,0	0,0	Longo da via	Bom	Não existe	Perfeito estado	Seca	Perfeito estado	Não existe	Não há placas	""	Dupla	Não existe	""	""
1963	202223650,0	2022-10-05T00:00:00	""	COM VÍTIMA	FINALIZADA	BOA VIAGEM	RUA DEZ DE JULHO	481,0	""	DEPOIS DA ESTAÇÃO DO METRO CASA DE FESTA MESON CRISTAL	BOA VIAGEM	""	""	COLISÃO LATERAL	1,0	1,0	0,0	0,0	0,0	0,0	0,0	0,0	0,0	1,0	0,0	Cruzamento	Bom	Não existe	Perfeito estado	Seca	Perfeito estado	Não existe	Não há placas	""	Dupla	Faixa contínua	""	""
1964	202223672,0	2022-10-06T00:00:00	""	SEM VÍTIMA	FINALIZADA	SAN MARTIN	AV ENGENHEIRO ABDIAS DE CARVALHO	""	AV GENERAL SAN MARTIN	NOVO ATACAREJO	SAN MARTIN	""	""	COLISÃO LATERAL	1,0	0,0	0,0	0,0	0,0	0,0	1,0	0,0	0,0	0,0	0,0	""	""	""	""	""	""	""	""	""	""	""	""	""
1965	202223682,0	2022-10-06T00:00:00	""	COM VÍTIMA	FINALIZADA	ESPINHEIRO	RUA DO ESPINHEIRO	""	RUA QUARENTA E OITO	RUA QUARENTA E OITO	ESPINHEIRO	""	CIDADE	COLISÃO LATERAL	1,0	1,0	0,0	0,0	0,0	0,0	0,0	0,0	0,0	1,0	0,0	Cruzamento	Chuvoso	Sem defeito	Perfeito estado	Molhada	Perfeito estado	Faixa de pedestre	Não há placas	40 km/h	Única	Faixa seccionada	""	""
1966	202223692,0	2022-10-06T00:00:00	""	COM VÍTIMA	FINALIZADA	TEJIPIÓ	RUA MAJOR CHAGAS DE OLIVEIRA	46,0	""	ROGÉRIO MOTOS / ESCOLA ALBERTO TORRES	TEJIPIÓ	""	""	COLISÃO LATERAL	1,0	1,0	0,0	0,0	0,0	0,0	0,0	0,0	0,0	1,0	0,0	Cruzamento	Chuvoso	Não existe	Perfeito estado	Molhada	Perfeito estado	Não existe	Não há placas	""	Única	Não existe	""	""