_id	Protocolo	data	hora	natureza	situacao	bairro	endereco	numero	detalhe_endereco_acidente	complemento	bairro_cruzamento	num_semaforo	sentido_via	tipo	auto	moto	ciclom	ciclista	pedestre	onibus	caminhao	viatura	outros	vitimas	vitimasfatais	acidente_verificado	tempo_clima	situacao_semaforo	sinalizacao	condicao_via	conservacao_via	ponto_controle	situacao_placa	velocidade_max_via	mao_direcao	divisao_via1	divisao_via2	divisao_via3
1967	202223714,0	2022-10-06T00:00:00	""	SEM VÍTIMA	FINALIZADA	IMBIRIBEIRA	RUA ITAJAI	""	RUA JAMAICA	CENTER MAIS SAÚDE	IMBIRIBEIRA	""	SUBURBIO	COLISÃO TRASEIRA	2,0	0,0	0,0	0,0	0,0	0,0	0,0	0,0	0,0	0,0	0,0	Cruzamento	Chuvoso	Não existe	Ilegível	Molhada	Perfeito estado	Faixa de pedestre	Não há placas	""	Dupla	Faixa seccionada	""	""
1968	202223758,0	2022-10-07T00:00:00	""	COM VÍTIMA	FINALIZADA	IMBIRIBEIRA	AV GENERAL MAC ARTHUR	""	""	RESIDENCIAL LE PARC	IMBIRIBEIRA	""	SUBURBIO	COLISÃO TRASEIRA	1,0	1,0	0,0	0,0	0,0	0,0	0,0	0,0	0,0	1,0	0,0	Longo da via	Chuvoso	Não existe	Perfeito estado	Molhada	Perfeito estado	Não existe	Não há placas	40 km/h	Única	Faixa seccionada	""	""
1969	202223759,0	2022-10-07T00:00:00	""	COM VÍTIMA	FINALIZADA	TEJIPIÓ	RUA FALCAO DE LACERDA	515,0	RUA QUEIRA DEUS	""	TEJIPIÓ	""	CIDADE	CHOQUE	1,0	0,0	0,0	0,0	0,0	0,0	0,0	0,0	0,0	2,0	0,0	Longo da via	Chuvoso	Sem defeito	Perfeito estado	Molhada	Mal iluminada	Não existe	Não há placas	60 km/h	Dupla	Faixa contínua	""	""
1970	202223786,0	2022-10-07T00:00:00	""	COM VÍTIMA	FINALIZADA	IMBIRIBEIRA	AV MARECHAL MASCARENHAS DE MORAES	""	""	LADO OPOSTO AO SINDICARTO DOS TAXISTAS SENTIDO AFOGADOS	IMBIRIBEIRA	""	CIDADE	COLISÃO TRANSVERSAL	1,0	1,0	0,0	0,0	0,0	0,0	0,0	0,0	0,0	1,0	0,0	Longo da via	Bom	Não existe	Perfeito estado	Seca	Perfeito estado	Não existe	Não há placas	60 km/h	Dupla	Canteiro central	""	""
1971	202223804,0	2022-10-07T00:00:00	""	COM VÍTIMA	FINALIZADA	CAMPO GRANDE	RUA ODORICO MENDES	188,0	RUA VISCONDE DE CAIRU	PRÓX. AO CLUBE DAS PÁS	CAMPO GRANDE	""	""	COLISÃO LATERAL	1,0	1,0	0,0	0,0	0,0	0,0	0,0	0,0	0,0	1,0	0,0	Longo da via	Bom	Sem defeito	Incompleta	Seca	Perfeito estado	Não existe	R-6a	""	Dupla	Faixa seccionada	""	""
1972	202223818,0	2022-10-07T00:00:00	""	COM VÍTIMA	FINALIZADA	CAXANGÁ	AV CAXANGA	""	RUA RIBEIRO PESSOA	EM RENTE DA UPA DA CAXANGA	CAXANGÁ	281,0	SUBURBIO	COLISÃO LATERAL	1,0	1,0	0,0	0,0	0,0	0,0	0,0	0,0	0,0	1,0	0,0	Longo da via	Bom	Sem defeito	Perfeito estado	Seca	Perfeito estado	Faixa de pedestre	Não há placas	60 km/h	Dupla	Canteiro central	""	""
1973	202223824,0	2022-10-07T00:00:00	""	SEM VÍTIMA	FINALIZADA	""	PTE RAIMUNDO FARIAS	""	AV GOVERNADOR AGAMENON MAGALHAES	SOB O SEMÁFORO 037	""	37,0	CIDADE	COLISÃO TRASEIRA	3,0	0,0	0,0	0,0	0,0	0,0	0,0	0,0	0,0	0,0	0,0	Longo da via	Bom	Sem defeito	Incompleta	Seca	Perfeito estado	""	Não há placas	40 km/h	Única	Não existe	""	""
1974	202223829,0	2022-10-07T00:00:00	""	COM VÍTIMA	FINALIZADA	ILHA DO RETIRO	RUA DR JOAO MARQUES	140,0	RUA JOAO ELISIO RAMOS	AO LADO DAS PISCINA DO  CLUBE DO SPORT	ILHA DO RETIRO	""	SUBURBIO	COLISÃO LATERAL	1,0	1,0	0,0	0,0	0,0	0,0	0,0	0,0	0,0	1,0	0,0	Esquina	Bom	Não existe	Perfeito estado	Seca	Perfeito estado	Não existe	R-6a	""	Dupla	Faixa seccionada	""	""
1975	202223838,0	2022-10-07T00:00:00	""	COM VÍTIMA	CANCELADA	CASA AMARELA	AV PROFESSOR JOSE DOS ANJOS	""	""	E/F AO SESC S/T CID	CASA AMARELA	""	""	COLISÃO FRONTAL	1,0	1,0	0,0	0,0	0,0	0,0	0,0	0,0	0,0	1,0	0,0	""	""	""	""	""	""	""	""	""	""	""	""	""
1976	202223844,0	2022-10-07T00:00:00	""	COM VÍTIMA	FINALIZADA	BOA VISTA	RUA DO RIACHUELO	""	RUA DO HOSPICIO	POR TRAS DA FACULDADE DE DIREITO	BOA VISTA	""	""	ATROPELAMENTO DE PESSOA	1,0	0,0	0,0	0,0	1,0	0,0	0,0	0,0	0,0	1,0	0,0	Longo da via	Bom	Não existe	Perfeito estado	Seca	Perfeito estado	Não existe	Outras	30 km/h	Dupla	Canteiro central	""	""
1977	202223847,0	2022-10-07T00:00:00	""	COM VÍTIMA	FINALIZADA	IPUTINGA	AV MAURICIO DE NASSAU	""	RUA N S DA SAUDE	NA ESQUINA DO TERMINAL DA TORRE	IPUTINGA	88,0	SUBURBIO	COLISÃO FRONTAL	0,0	2,0	0,0	0,0	0,0	0,0	0,0	0,0	0,0	2,0	0,0	Cruzamento	Bom	Sem defeito	Perfeito estado	Seca	Perfeito estado	Faixa de retenção	Não há placas	60 km/h	Dupla	Faixa contínua	""	""
1978	202223855,0	2022-10-07T00:00:00	""	COM VÍTIMA	FINALIZADA	SANTO AMARO	AV CRUZ CABUGA	""	AV DR JAYME DA FONTE	""	SANTO AMARO	343,0	""	COLISÃO FRONTAL	1,0	1,0	0,0	0,0	0,0	0,0	0,0	0,0	0,0	2,0	0,0	Cruzamento	Bom	Sem defeito	Perfeito estado	Seca	Perfeito estado	Faixa de pedestre	Não há placas	""	Dupla	Não existe	""	""
1979	202223861,0	2022-10-07T00:00:00	""	COM VÍTIMA	FINALIZADA	PINA	AV HERCULANO BANDEIRA	513,0	""	EM FRENTE A GALERIA JOANA DARK	PINA	""	SUBURBIO	COLISÃO TRASEIRA	1,0	1,0	0,0	0,0	0,0	0,0	0,0	0,0	0,0	1,0	0,0	Longo da via	Bom	Não existe	Não existente	Seca	Perfeito estado	Não existe	Não há placas	60 km/h	Única	Faixa seccionada	""	""
1980	202223872,0	2022-10-08T00:00:00	""	VÍTIMA FATAL	FINALIZADA	AFOGADOS	RUA MOTOCOLOMBO	""	""	EM FRENTE AO TRT	AFOGADOS	""	SUBURBIO	COLISÃO TRASEIRA	1,0	1,0	0,0	0,0	0,0	0,0	0,0	0,0	0,0	0,0	1,0	Longo da via	Bom	Não existe	Perfeito estado	Seca	Perfeito estado	Não existe	Não há placas	60 km/h	""	Faixa seccionada	""	""
1981	202223884,0	2022-10-08T00:00:00	""	COM VÍTIMA	FINALIZADA	SANTO AMARO	PTE PRINCESA IZABEL	""	""	TEATRO SANTA IZABEL	SANTO AMARO	""	CIDADE	COLISÃO COM CICLISTA	0,0	0,0	0,0	1,0	0,0	0,0	1,0	0,0	0,0	1,0	0,0	Longo da via	Bom	Não existe	Perfeito estado	Seca	Perfeito estado	Não existe	R-6a	""	Única	Faixa seccionada	""	""
1982	202223916,0	2022-10-08T00:00:00	""	COM VÍTIMA	FINALIZADA	TORRE	RUA REAL DA TORRE	460,0	""	AO LADO DO MERCADO DA MADALENA	TORRE	179,0	CIDADE	QUEDA	0,0	1,0	0,0	0,0	0,0	0,0	0,0	0,0	0,0	1,0	0,0	Longo da via	Bom	Sem defeito	Perfeito estado	Seca	Perfeito estado	Faixa de pedestre	Outras	""	Única	Faixa seccionada	""	""
1983	202223920,0	2022-10-08T00:00:00	""	COM VÍTIMA	FINALIZADA	IBURA	AV DOM HELDER CAMARA	""	""	AO LADO DO NUCLEO DA POLICIA	IBURA	315,0	SUBURBIO	COLISÃO LATERAL	1,0	1,0	0,0	0,0	0,0	0,0	0,0	0,0	0,0	1,0	0,0	Longo da via	Bom	Sem defeito	Perfeito estado	Seca	Perfeito estado	Faixa de retenção	Outras	""	""	Faixa contínua	""	""
1984	202223924,0	2022-10-08T00:00:00	""	COM VÍTIMA	FINALIZADA	SÃO JOSÉ	AV SUL	981,0	""	SEMÁFORO 509	SÃO JOSÉ	509,0	SUBURBIO	COLISÃO FRONTAL	0,0	2,0	0,0	0,0	0,0	0,0	0,0	0,0	0,0	1,0	0,0	Cruzamento	Bom	Sem defeito	Perfeito estado	Seca	Perfeito estado	Faixa de pedestre	R-6a	""	Única	Não existe	""	""
1985	202223927,0	2022-10-08T00:00:00	""	SEM VÍTIMA	FINALIZADA	MADALENA	RUA ALTINHO	44,0	""	EM FRENTE AO EDIFICIO EMPERIAL PARQUE	MADALENA	""	CIDADE	CHOQUE	4,0	0,0	0,0	0,0	0,0	0,0	1,0	0,0	0,0	0,0	0,0	Longo da via	Bom	Não existe	Perfeito estado	Seca	Perfeito estado	Não existe	Não há placas	""	Única	Não existe	""	""
1986	202223946,0	2022-10-08T00:00:00	""	COM VÍTIMA	FINALIZADA	BARRO	AV DR JOSE RUFINO	""	RUA PEDRO JOSE VIEIRA	EM FRENTE O POSTO IMPÉRIO	BARRO	""	SUBURBIO	COLISÃO LATERAL	1,0	1,0	0,0	0,0	0,0	0,0	0,0	0,0	0,0	1,0	0,0	Cruzamento	Bom	Não existe	Perfeito estado	Seca	Perfeito estado	Não existe	Não há placas	""	Dupla	Faixa seccionada	""	""
1987	202223956,0	2022-10-09T00:00:00	""	SEM VÍTIMA	FINALIZADA	BOA VIAGEM	AV GENERAL MAC ARTHUR	""	""	ANTES DA ESTAÇÃO DO METRO	BOA VIAGEM	""	""	CHOQUE	0,0	1,0	0,0	0,0	0,0	0,0	0,0	0,0	0,0	0,0	0,0	""	""	""	""	""	""	""	""	""	""	""	""	""
1988	202224006,0	2022-10-09T00:00:00	""	COM VÍTIMA	FINALIZADA	JORDÃO	AV MARIA IRENE	33,0	""	PROXIMO AO ARMAZEM GENIPAPO	JORDÃO	""	SUBURBIO	COLISÃO FRONTAL	1,0	1,0	0,0	0,0	0,0	0,0	0,0	0,0	0,0	1,0	0,0	Longo da via	Bom	Não existe	Não existente	Seca	Perfeito estado	Não existe	Não há placas	40 km/h	Dupla	Não existe	""	""
1989	202224017,0	2022-10-09T00:00:00	""	COM VÍTIMA	FINALIZADA	PARNAMIRIM	AV PARNAMIRIM	""	RUA TITO ROSAS	MC DONALD'S	PARNAMIRIM	""	CIDADE	COLISÃO LATERAL	1,0	1,0	0,0	0,0	0,0	0,0	0,0	0,0	0,0	1,0	0,0	Longo da via	Bom	Sem defeito	Perfeito estado	Seca	Perfeito estado	Faixa de pedestre	Outras	""	Única	Faixa contínua	""	""
1990	202224031,0	2022-10-10T00:00:00	""	COM VÍTIMA	FINALIZADA	ÁGUA FRIA	AV BEBERIBE	26,0	RUA ZEFERINO AGRA	EM FRENTE A ÓTICA D´LISBOA	ÁGUA FRIA	""	SUBURBIO	COLISÃO LATERAL	1,0	1,0	0,0	0,0	0,0	0,0	0,0	0,0	0,0	1,0	0,0	Longo da via	Bom	Não existe	Perfeito estado	Seca	Perfeito estado	Faixa de pedestre	Não há placas	40 km/h	Dupla	Faixa contínua	""	""
1991	202224034,0	2022-10-10T00:00:00	""	COM VÍTIMA	FINALIZADA	COHAB	RUA DR BENIGNO JORDAO DE VASCONCELOS	385,0	RUA JOAO CORDEIRO DE SOUZA	APÓS À UPA / PRÓX. AO DEPÓSITO DO POBREZINHO	COHAB	""	CIDADE	COLISÃO FRONTAL	1,0	1,0	0,0	0,0	0,0	0,0	0,0	0,0	0,0	1,0	0,0	Longo da via	Bom	Não existe	Não existente	Seca	Perfeito estado	Não existe	Não há placas	""	Dupla	Não existe	""	""
1992	202224038,0	2022-10-10T00:00:00	""	COM VÍTIMA	FINALIZADA	IPSEP	RUA BLUMENAU	374,0	RUA IRAPUA	EM FRENTE A  DEPAULO CAR	IPSEP	""	SUBURBIO	COLISÃO FRONTAL	1,0	1,0	0,0	0,0	0,0	0,0	0,0	0,0	0,0	1,0	0,0	Cruzamento	Bom	Não existe	Perfeito estado	Seca	Perfeito estado	Não existe	"Placas ""Pare"""	30 km/h	Única	""	""	""
1993	202224039,0	2022-10-10T00:00:00	""	COM VÍTIMA	FINALIZADA	IPSEP	RUA JEAN EMILE FAVRE	1676,0	RUA HELIO BRANDAO	EM FRENTE A DELTA AUTOPEÇAS	IPSEP	135,0	""	COLISÃO LATERAL	1,0	1,0	0,0	0,0	0,0	0,0	0,0	0,0	0,0	1,0	0,0	Cruzamento	Bom	Sem defeito	Perfeito estado	Seca	Perfeito estado	Faixa de pedestre	R-6a	""	Dupla	Faixa contínua	""	""
1994	202224048,0	2022-10-10T00:00:00	""	COM VÍTIMA	FINALIZADA	PINA	PTE AGAMENON MAGALHAES	""	""	NA PONTE- SAINDO DA AV ANTÕNIO DE GOIS	PINA	""	CIDADE	COLISÃO LATERAL	0,0	2,0	0,0	0,0	0,0	0,0	0,0	0,0	0,0	2,0	0,0	Longo da via	Bom	Não existe	Perfeito estado	Seca	Perfeito estado	Não existe	R-19	60 km/h	Única	Faixa contínua	Canteiro central	""
1995	202224057,0	2022-10-10T00:00:00	""	COM VÍTIMA	FINALIZADA	GRAÇAS	AV GOVERNADOR AGAMENON MAGALHAES	""	""	COLEGIO GOVERNADOR BARBOSA LIMA	GRAÇAS	174,0	""	COLISÃO TRASEIRA	1,0	0,0	0,0	0,0	0,0	2,0	0,0	0,0	0,0	1,0	0,0	Longo da via	Bom	Sem defeito	Perfeito estado	Seca	Perfeito estado	Faixa de pedestre	Não há placas	60 km/h	Dupla	Canal	""	""
1996	202224065,0	2022-10-10T00:00:00	""	COM VÍTIMA	FINALIZADA	IBURA	AV RIO SAO FRANCISCO	318,0	""	PROXIMO A ESCOLA POLIVALENTE	IBURA	""	SUBURBIO	COLISÃO TRASEIRA	1,0	1,0	0,0	0,0	0,0	0,0	0,0	0,0	0,0	1,0	0,0	Longo da via	Bom	Não existe	Perfeito estado	Seca	Perfeito estado	Não existe	R-6c	""	Dupla	Não existe	""	""
1997	202224076,0	2022-10-10T00:00:00	""	COM VÍTIMA	FINALIZADA	CAXANGÁ	AV CAXANGA	4302,0	""	EM FRENTE ACONCESSIONARIA CAXANGA VEÍCULOS	CAXANGÁ	""	SUBURBIO	COLISÃO TRASEIRA	1,0	1,0	0,0	0,0	0,0	0,0	0,0	0,0	0,0	1,0	0,0	Longo da via	Bom	Sem defeito	Perfeito estado	Seca	Perfeito estado	""	Outras	40 km/h	Dupla	Canteiro central	""	""
1998	202224079,0	2022-10-10T00:00:00	""	COM VÍTIMA	FINALIZADA	AREIAS	AV RECIFE	4316,0	""	EM FRENTE AO BIGBOMPREÇO	AREIAS	""	SUBURBIO	COLISÃO LATERAL	1,0	1,0	0,0	0,0	0,0	0,0	0,0	0,0	0,0	1,0	0,0	Longo da via	Bom	Sem defeito	Perfeito estado	Seca	Perfeito estado	""	Não há placas	60 km/h	Dupla	Canteiro central	""	""
1999	202224080,0	2022-10-10T00:00:00	""	COM VÍTIMA	FINALIZADA	SANTO AMARO	AV GOVERNADOR AGAMENON MAGALHAES	""	""	EM FRENTE A CAIXA ECONOMICA	SANTO AMARO	78,0	SUBURBIO	COLISÃO TRASEIRA	1,0	1,0	0,0	0,0	0,0	0,0	0,0	0,0	0,0	1,0	0,0	Longo da via	Bom	Sem defeito	Perfeito estado	Seca	Perfeito estado	Faixa de pedestre	Outras	""	Dupla	Faixa contínua	Faixa seccionada	""
2000	202224088,0	2022-10-11T00:00:00	""	COM VÍTIMA	FINALIZADA	NOVA DESCOBERTA	AV VEREADOR OTACILIO AZEVEDO	877,0	RUA JOSE REBOUCAS	APOS A UPA DE NOVA DESCOBERTA	NOVA DESCOBERTA	""	""	COLISÃO TRASEIRA	1,0	2,0	0,0	0,0	0,0	0,0	0,0	0,0	0,0	1,0	0,0	Longo da via	Bom	Não existe	Perfeito estado	Seca	Perfeito estado	Não existe	Não há placas	""	Dupla	Faixa seccionada	""	""
2001	202224095,0	2022-10-11T00:00:00	""	COM VÍTIMA	FINALIZADA	AFOGADOS	RUA SAO MIGUEL	898,0	""	QUARTEL 14 BATALHÃO LOGISTICO	AFOGADOS	""	CIDADE	COLISÃO LATERAL	1,0	1,0	0,0	0,0	0,0	0,0	0,0	0,0	0,0	1,0	0,0	Cruzamento	Bom	Sem defeito	Incompleta	Seca	Mal conservada	Não existe	Não há placas	60 km/h	Dupla	Faixa contínua	Faixa seccionada	""
2002	202224108,0	2022-10-11T00:00:00	""	COM VÍTIMA	FINALIZADA	CURADO	AV PROFESSOR LUIZ FREIRE	500,0	""	IFPE	CURADO	""	SUBURBIO	COLISÃO LATERAL	1,0	1,0	0,0	0,0	0,0	0,0	0,0	0,0	0,0	1,0	0,0	Longo da via	Bom	Não existe	Ilegível	Seca	Outros	Não existe	Não há placas	30 km/h	Dupla	Faixa contínua	""	""
2003	202224114,0	2022-10-11T00:00:00	""	COM VÍTIMA	FINALIZADA	BOA VISTA	AV LINS PETIT	195,0	""	POSTO DE GASOLINA IPIRANGA	BOA VISTA	""	SUBURBIO	ATROPELAMENTO DE PESSOA	0,0	1,0	0,0	0,0	1,0	0,0	0,0	0,0	0,0	1,0	0,0	Longo da via	Bom	Sem defeito	Ilegível	Seca	Perfeito estado	Outros	Outras	""	Única	Não existe	""	""
2004	202224129,0	2022-10-11T00:00:00	""	COM VÍTIMA	FINALIZADA	MADALENA	RUA REAL DA TORRE	907,0	""	WIZARD ESCOLA INGLÊS	MADALENA	""	""	COLISÃO COM CICLISTA	1,0	0,0	0,0	1,0	0,0	0,0	0,0	0,0	0,0	1,0	0,0	Longo da via	Bom	Não existe	Perfeito estado	Seca	Outros	Não existe	Não há placas	60 km/h	Única	Faixa seccionada	""	""
2005	202224157,0	2022-10-11T00:00:00	""	COM VÍTIMA	FINALIZADA	ALTO DO MANDU	RUA BARAUNA	123,0	""	PROXIMO AO AÇUDE DE APIPUCOS	ALTO DO MANDU	""	SUBURBIO	COLISÃO LATERAL	1,0	1,0	0,0	0,0	0,0	0,0	0,0	0,0	0,0	1,0	0,0	Esquina	Chuvoso	Não existe	Perfeito estado	Molhada	Perfeito estado	Faixa de pedestre	Outras	20 km/h	Dupla	Faixa seccionada	""	""
2006	202224162,0	2022-10-11T00:00:00	""	COM VÍTIMA	FINALIZADA	MANGABEIRA	AV NORTE MIGUEL ARRAES DE ALENCAR	""	RUA DA MANGABEIRA	EM FRENTE A RAINHA VESTE PISO E REVESTIMENTO	MANGABEIRA	96,0	SUBURBIO	COLISÃO LATERAL	1,0	1,0	0,0	0,0	0,0	0,0	0,0	0,0	0,0	2,0	0,0	Cruzamento	Bom	Sem defeito	Perfeito estado	Seca	Perfeito estado	Faixa de pedestre	"Placas ""Pare"""	""	Dupla	Canteiro central	""	""
2007	202224165,0	2022-10-11T00:00:00	""	COM VÍTIMA	CANCELADA	IMBIRIBEIRA	RUA PAMPULHA	""	AV MARECHAL MASCARENHAS DE MORAES	""	IMBIRIBEIRA	""	SUBURBIO	COLISÃO LATERAL	1,0	1,0	0,0	0,0	0,0	0,0	0,0	0,0	0,0	1,0	0,0	""	""	""	""	""	""	""	""	""	""	""	""	""
2008	202224173,0	2022-10-11T00:00:00	""	SEM VÍTIMA	FINALIZADA	CASA AMARELA	AV NORTE MIGUEL ARRAES DE ALENCAR	""	""	EM FRENTE AO SUPERMERCADO DESKONTÃO /PRÓX. A ENTRADA DO VASCO	CASA AMARELA	""	""	COLISÃO TRASEIRA	1,0	0,0	0,0	0,0	0,0	0,0	1,0	0,0	0,0	0,0	0,0	""	""	""	""	""	""	""	""	""	""	""	""	""
2009	202224208,0	2022-10-12T00:00:00	""	SEM VÍTIMA	FINALIZADA	BOA VISTA	AV JOAO DE BARROS	""	""	EM FRENTE A NEOENERGIA	BOA VISTA	""	CIDADE	""	1,0	0,0	0,0	0,0	0,0	0,0	0,0	0,0	1,0	0,0	0,0	Longo da via	Bom	Não existe	Perfeito estado	Seca	Perfeito estado	Não existe	Outras	""	Única	Não existe	""	""
2010	202224249,0	2022-10-12T00:00:00	""	COM VÍTIMA	FINALIZADA	SANCHO	RUA APRIGIO GUIMARAES	466,0	""	EM FRENTE AO ZEZINHO BOMBONS	SANCHO	""	SUBURBIO	COLISÃO LATERAL	1,0	1,0	0,0	0,0	0,0	0,0	0,0	0,0	0,0	1,0	0,0	Longo da via	Bom	Não existe	Perfeito estado	Seca	Perfeito estado	Não existe	"Placas ""Pare"""	""	Dupla	Não existe	""	""
2011	202224267,0	2022-10-12T00:00:00	""	SEM VÍTIMA	CANCELADA	BOA VIAGEM	RUA BALTAZAR PASSOS	""	""	EM FRENTE A PADARIA PAN JOVEM	BOA VIAGEM	""	""	COLISÃO TRANSVERSAL	0,0	0,0	0,0	0,0	0,0	0,0	0,0	0,0	0,0	0,0	0,0	""	""	""	""	""	""	""	""	""	""	""	""	""
2012	202224269,0	2022-10-12T00:00:00	""	SEM VÍTIMA	CANCELADA	IBURA	AV DOIS RIOS	""	""	EM FRENTE AO POSTO BR	IBURA	""	""	ATROPELAMENTO DE ANIMAL	0,0	0,0	0,0	0,0	0,0	0,0	0,0	0,0	0,0	0,0	0,0	""	""	""	""	""	""	""	""	""	""	""	""	""
2013	202224274,0	2022-10-12T00:00:00	""	COM VÍTIMA	FINALIZADA	FUNDÃO	RUA CORONEL URBANO RIBEIRO DE SENA	466,0	""	DO LADO DA BARRIGUDA	FUNDÃO	""	""	COLISÃO LATERAL	0,0	2,0	0,0	0,0	0,0	0,0	0,0	0,0	0,0	1,0	0,0	Longo da via	Bom	Não existe	Perfeito estado	Seca	Perfeito estado	""	R-6a	30 km/h	Dupla	Não existe	""	""
2014	202224289,0	2022-10-13T00:00:00	""	COM VÍTIMA	FINALIZADA	BEBERIBE	AV BEBERIBE	247,0	""	EM FRENTE AO COMERCIAL BECHARA	BEBERIBE	""	CIDADE	COLISÃO LATERAL	1,0	1,0	0,0	0,0	0,0	0,0	0,0	0,0	0,0	1,0	0,0	Longo da via	Bom	Não existe	Perfeito estado	Seca	Perfeito estado	Não existe	Não há placas	""	Única	Faixa contínua	""	""
2015	202224297,0	2022-10-13T00:00:00	""	SEM VÍTIMA	FINALIZADA	IPSEP	RUA FRANCISCO BARRETO	303,0	""	COLISÃO SEM VÍTIMA ENTRE AUTO E ONIBUS	IPSEP	""	""	COLISÃO TRASEIRA	1,0	0,0	0,0	0,0	0,0	1,0	0,0	0,0	0,0	0,0	0,0	""	""	""	""	""	""	""	""	""	""	""	""	""
2016	202224333,0	2022-10-13T00:00:00	""	COM VÍTIMA	FINALIZADA	SÃO JOSÉ	AV DANTAS BARRETO	""	RUA SAO JOAO	""	SÃO JOSÉ	""	""	ATROPELAMENTO DE PESSOA	0,0	1,0	0,0	0,0	1,0	0,0	0,0	0,0	0,0	1,0	0,0	Cruzamento	Chuvoso	Sem defeito	Perfeito estado	Molhada	Perfeito estado	Faixa de pedestre	Não há placas	""	Dupla	Faixa	""	""
2017	202224338,0	2022-10-13T00:00:00	""	SEM VÍTIMA	FINALIZADA	SANTO ANTÔNIO	CAIS DO APOLO	""	PTE CONDE MAURICIO DE NASSAU	""	SANTO ANTÔNIO	""	""	TOMBAMENTO	0,0	0,0	0,0	0,0	0,0	0,0	0,0	1,0	0,0	0,0	0,0	""	""	""	""	""	""	""	""	""	""	""	""	""
2018	202224339,0	2022-10-13T00:00:00	""	SEM VÍTIMA	FINALIZADA	SANTO ANTÔNIO	PRC DA REPUBLICA	""	""	AO LADO DO TEATRO SANTA ISABEL	SANTO ANTÔNIO	""	CIDADE	""	0,0	1,0	0,0	0,0	0,0	0,0	0,0	0,0	0,0	0,0	0,0	Longo da via	Bom	Não existe	Perfeito estado	Seca	Perfeito estado	Não existe	Não há placas	""	Única	""	""	""
2019	202224359,0	2022-10-13T00:00:00	""	COM VÍTIMA	FINALIZADA	BOA VIAGEM	RUA VISCONDE DE JEQUITINHONHA	""	""	OPOSTO A DIPLOMATA	BOA VIAGEM	""	SUBURBIO	ATROPELAMENTO DE PESSOA	1,0	0,0	0,0	0,0	1,0	0,0	0,0	0,0	0,0	1,0	0,0	Longo da via	Bom	Com defeito	Perfeito estado	Seca	Perfeito estado	Agente	Não há placas	""	Única	Faixa seccionada	""	""
2020	202224362,0	2022-10-13T00:00:00	""	COM VÍTIMA	FINALIZADA	ESPINHEIRO	AV NORTE MIGUEL ARRAES DE ALENCAR	2215,0	RUA ALFREDO DE CASTRO	NO SEMÁFORO 665	ESPINHEIRO	665,0	CIDADE	COLISÃO TRASEIRA	1,0	1,0	0,0	0,0	0,0	0,0	0,0	0,0	0,0	1,0	0,0	Cruzamento	Bom	Sem defeito	Perfeito estado	Seca	Perfeito estado	Faixa de pedestre	Não há placas	40 km/h	Única	Não existe	""	""
2021	202224371,0	2022-10-13T00:00:00	""	SEM VÍTIMA	FINALIZADA	CASA FORTE	EST DAS UBAIAS	""	EST DO ENCANAMENTO	DROGASIL	CASA FORTE	""	""	COLISÃO TRASEIRA	3,0	0,0	0,0	0,0	0,0	0,0	0,0	0,0	0,0	0,0	0,0	""	""	""	""	""	""	""	""	""	""	""	""	""
2022	202224374,0	2022-10-13T00:00:00	""	COM VÍTIMA	FINALIZADA	JARDIM SÃO PAULO	AV RECIFE	""	""	NA ENTRADA DE JARDIM SÃO PAULO	JARDIM SÃO PAULO	259,0	""	COLISÃO FRONTAL	1,0	1,0	0,0	0,0	0,0	0,0	0,0	0,0	0,0	2,0	0,0	Longo da via	Bom	Sem defeito	Perfeito estado	Seca	Perfeito estado	Não existe	Não há placas	60 km/h	Dupla	Canteiro central	""	""
2023	202224376,0	2022-10-14T00:00:00	""	SEM VÍTIMA	FINALIZADA	JORDÃO	RUA DR ALVARO FERRAZ	71,0	""	TERMINAL DE JORDÃO BAIXO	JORDÃO	""	""	CAPOTAMENTO	1,0	0,0	0,0	0,0	0,0	0,0	0,0	0,0	0,0	0,0	0,0	""	""	""	""	""	""	""	""	""	""	""	""	""
2024	202224430,0	2022-10-14T00:00:00	""	SEM VÍTIMA	CANCELADA	BOA VIAGEM	RUA PADRE CARAPUCEIRO	""	""	PRÓX. AO SHOPPING RECIFE / EM FRENTE À McDONALD'S	BOA VIAGEM	""	""	COLISÃO TRASEIRA	0,0	0,0	0,0	0,0	0,0	0,0	1,0	1,0	0,0	0,0	0,0	""	""	""	""	""	""	""	""	""	""	""	""	""