_id	Protocolo	data	hora	natureza	situacao	bairro	endereco	numero	detalhe_endereco_acidente	complemento	bairro_cruzamento	num_semaforo	sentido_via	tipo	auto	moto	ciclom	ciclista	pedestre	onibus	caminhao	viatura	outros	vitimas	vitimasfatais	acidente_verificado	tempo_clima	situacao_semaforo	sinalizacao	condicao_via	conservacao_via	ponto_controle	situacao_placa	velocidade_max_via	mao_direcao	divisao_via1	divisao_via2	divisao_via3
2200	202226121,0	2022-11-03T00:00:00	""	COM VÍTIMA	FINALIZADA	BOA VISTA	RUA DOM BOSCO	""	AV CONDE DA BOA VISTA	E/F A EMLURB	BOA VISTA	""	SUBURBIO	COLISÃO LATERAL	1,0	1,0	0,0	0,0	0,0	0,0	0,0	0,0	0,0	2,0	0,0	Cruzamento	Bom	Sem defeito	Perfeito estado	Seca	Perfeito estado	Faixa de retenção	Outras	""	Dupla	Canteiro central	""	""
2201	202226133,0	2022-11-03T00:00:00	""	COM VÍTIMA	FINALIZADA	BEBERIBE	AV BEBERIBE	1469,0	RUA SETE PECADOS	EM FRENTE AO BARRACÃO	BEBERIBE	""	""	COLISÃO TRANSVERSAL	0,0	2,0	0,0	0,0	0,0	0,0	0,0	0,0	0,0	4,0	0,0	Cruzamento	Bom	Não existe	""	Seca	Perfeito estado	Não existe	Não há placas	""	Dupla	Não existe	""	""
2202	202226162,0	2022-11-03T00:00:00	""	COM VÍTIMA	FINALIZADA	BOA VIAGEM	AVENIDA CELSO FURTADO (VIA MANGUE)	""	""	SENTIDO PINA -  ANTES DA LOMBADA ELETRONICA	BOA VIAGEM	""	CIDADE	COLISÃO LATERAL	0,0	2,0	0,0	0,0	0,0	0,0	0,0	0,0	0,0	2,0	0,0	Longo da via	Bom	Não existe	Perfeito estado	Seca	Perfeito estado	Não existe	Não há placas	""	Dupla	Blocos	""	""
2203	202226163,0	2022-11-03T00:00:00	""	SEM VÍTIMA	FINALIZADA	BOA VIAGEM	RUA JOAO CARDOSO AIRES	438,0	RUA SA E SOUZA	""	BOA VIAGEM	""	CIDADE	COLISÃO TRASEIRA	1,0	0,0	1,0	0,0	0,0	0,0	0,0	0,0	0,0	0,0	0,0	Longo da via	Bom	Sem defeito	Perfeito estado	Seca	Perfeito estado	Não existe	Não há placas	30 km/h	Única	Faixa contínua	""	""
2204	202226164,0	2022-11-03T00:00:00	""	VÍTIMA FATAL	FINALIZADA	BOA VISTA	RUA DO PRINCIPE	736,0	RUA NUNES MACHADO	PROX. A CATOLICA	BOA VISTA	""	CIDADE	COLISÃO LATERAL	0,0	1,0	0,0	0,0	0,0	1,0	0,0	0,0	0,0	0,0	1,0	Longo da via	Bom	Não existe	Perfeito estado	Seca	Perfeito estado	Faixa de pedestre	R-6a	""	Única	Faixa seccionada	""	""
2205	202226168,0	2022-11-04T00:00:00	""	SEM VÍTIMA	FINALIZADA	VASCO DA GAMA	AV NORTE MIGUEL ARRAES DE ALENCAR	945,0	RUA VASCO DA GAMA	PRÓXIMO A PIZZARIA PASSIRA	VASCO DA GAMA	66,0	SUBURBIO	COLISÃO TRANSVERSAL	2,0	0,0	0,0	0,0	0,0	0,0	0,0	0,0	0,0	0,0	0,0	Cruzamento	Bom	Sem defeito	Perfeito estado	Seca	Perfeito estado	Faixa de pedestre	Outras	""	Dupla	Faixa contínua	Faixa seccionada	""
2206	202226179,0	2022-11-04T00:00:00	""	SEM VÍTIMA	FINALIZADA	CASA FORTE	EST DAS UBAIAS	105,0	""	EM FRENTE AO EDIFÍCIO AKHINOS	CASA FORTE	""	SUBURBIO	COLISÃO LATERAL	2,0	0,0	0,0	0,0	0,0	0,0	0,0	0,0	0,0	0,0	0,0	Longo da via	Bom	Não existe	Incompleta	Seca	Perfeito estado	Não existe	Não há placas	""	Dupla	""	""	""
2207	202226186,0	2022-11-04T00:00:00	""	COM VÍTIMA	FINALIZADA	IMBIRIBEIRA	RUA ITACARI	301,0	RUA ITAJAI	VERIFICAR ACIDENTE COM VÍTIMIA- SEM MAIS INFORMAÇÕES NO MOMENTO	IMBIRIBEIRA	""	""	COLISÃO COM CICLISTA	1,0	0,0	0,0	1,0	0,0	0,0	0,0	0,0	0,0	1,0	0,0	Longo da via	Bom	Não existe	Não existente	Seca	Mal conservada	Faixa de pedestre	Placas Pare	40 km/h	Única	Não existe	""	""
2208	202226187,0	2022-11-04T00:00:00	""	COM VÍTIMA	DUPLICIDADE	IMBIRIBEIRA	RUA JAMAICA	162,0	""	INOVE PVC	IMBIRIBEIRA	""	""	COLISÃO COM CICLISTA	1,0	0,0	0,0	1,0	0,0	0,0	0,0	0,0	0,0	1,0	0,0	""	""	""	""	""	""	""	""	""	""	""	""	""
2209	202226210,0	2022-11-04T00:00:00	""	COM VÍTIMA	FINALIZADA	BOA VISTA	AV GUARARAPES	250,0	""	PRÓX. AOS CORREIOS	BOA VISTA	14,0	""	ATROPELAMENTO DE PESSOA	0,0	0,0	0,0	0,0	1,0	1,0	0,0	0,0	0,0	1,0	0,0	Longo da via	Bom	Sem defeito	Perfeito estado	Seca	Perfeito estado	Faixa de pedestre	Outras	""	Dupla	Faixa seccionada	Canteiro central	""
2210	202226222,0	2022-11-04T00:00:00	""	SEM VÍTIMA	FINALIZADA	ARRUDA	AV BEBERIBE	1584,0	RUA SAO BENTO	EM FRENTE A LOJA  PÉ COM CHINELO  SOB O SEMÁFORO 064	ARRUDA	64,0	""	""	1,0	0,0	0,0	0,0	0,0	1,0	0,0	0,0	0,0	0,0	0,0	Longo da via	Bom	Sem defeito	Perfeito estado	Seca	Perfeito estado	Faixa de pedestre	Outras	""	Dupla	Faixa contínua	""	""
2211	202226250,0	2022-11-04T00:00:00	""	COM VÍTIMA	FINALIZADA	VÁRZEA	AV AFONSO OLINDENSE	5671,0	""	EM A PADARIA CAXANGÁ	VÁRZEA	638,0	CIDADE	COLISÃO FRONTAL	1,0	0,0	1,0	0,0	0,0	0,0	0,0	0,0	0,0	1,0	0,0	Longo da via	Bom	Sem defeito	Perfeito estado	Seca	Perfeito estado	Faixa de pedestre	Outras	""	Dupla	Faixa contínua	""	""
2212	202226281,0	2022-11-05T00:00:00	""	COM VÍTIMA	FINALIZADA	AFOGADOS	RUA VINTE E UM DE ABRIL	794,0	""	EM FRENTE AO CLUBE FERROVIARIO	AFOGADOS	""	CIDADE	COLISÃO FRONTAL	1,0	1,0	0,0	0,0	0,0	0,0	1,0	0,0	0,0	1,0	0,0	Esquina	Bom	Não existe	Incompleta	Seca	Perfeito estado	Não existe	Placas Pare	""	Dupla	Não existe	""	""
2213	202226298,0	2022-11-05T00:00:00	""	COM VÍTIMA	FINALIZADA	SÃO JOSÉ	AV SUL	52,0	""	PROX AO POSTO BR	SÃO JOSÉ	""	CIDADE	QUEDA	0,0	1,0	0,0	0,0	0,0	0,0	0,0	0,0	0,0	2,0	0,0	Longo da via	Bom	Não existe	Perfeito estado	Seca	Perfeito estado	Não existe	Outras	50 km/h	Dupla	Não existe	""	""
2214	202226346,0	2022-11-05T00:00:00	""	COM VÍTIMA	FINALIZADA	IBURA	RUA EXP FRANCISCO VITORIANO	122,0	""	BORRACHARIA DO PRETO	IBURA	""	CIDADE	COLISÃO LATERAL	1,0	1,0	0,0	0,0	0,0	0,0	0,0	0,0	0,0	1,0	0,0	Longo da via	Bom	Não existe	Ilegível	Seca	Perfeito estado	Não existe	Não há placas	""	Dupla	Faixa seccionada	""	""
2215	202226347,0	2022-11-05T00:00:00	""	SEM VÍTIMA	FINALIZADA	VÁRZEA	RUA GENERAL POLIDORO	""	RUA AGRICOLANDIA	PRÓXIMO A PADARIA CIDADE UNIVERSITARIA	VÁRZEA	""	""	COLISÃO LATERAL	2,0	0,0	0,0	0,0	0,0	0,0	0,0	0,0	0,0	0,0	0,0	""	""	""	""	""	""	""	""	""	""	""	""	""
2216	202226349,0	2022-11-06T00:00:00	""	COM VÍTIMA	FINALIZADA	MADALENA	RUA JOSE OSORIO	270,0	EST DOS REMEDIOS	PROX. EXTRAFARMA	MADALENA	50,0	SUBURBIO	COLISÃO TRANSVERSAL	2,0	0,0	0,0	0,0	0,0	0,0	0,0	0,0	0,0	1,0	0,0	Cruzamento	Bom	Sem defeito	Perfeito estado	Seca	Perfeito estado	Não existe	Não há placas	60 km/h	Única	Faixa seccionada	""	""
2217	202226350,0	2022-11-06T00:00:00	""	SEM VÍTIMA	CANCELADA	JAQUEIRA	AV RUI BARBOSA	""	""	PROX. AO HOSPITAL MARIA LUCINDA	JAQUEIRA	""	""	COLISÃO FRONTAL	0,0	0,0	0,0	0,0	0,0	0,0	0,0	0,0	0,0	0,0	0,0	""	""	""	""	""	""	""	""	""	""	""	""	""
2218	202226360,0	2022-11-06T00:00:00	""	COM VÍTIMA	CANCELADA	ARRUDA	AV BEBERIBE	""	RUA SAO BENTO	PRÓX. À CASA DE SHOWS BATE-PAPO.	ARRUDA	64,0	""	COLISÃO LATERAL	1,0	1,0	0,0	0,0	0,0	0,0	0,0	0,0	0,0	2,0	0,0	""	""	""	""	""	""	""	""	""	""	""	""	""
2219	202226361,0	2022-11-06T00:00:00	""	COM VÍTIMA	CANCELADA	TOTÓ	RUA ONZE DE AGOSTO	571,0	""	EM FRENTE À COMPESA	TOTÓ	""	""	CHOQUE	1,0	0,0	0,0	0,0	0,0	0,0	0,0	0,0	0,0	1,0	0,0	""	""	""	""	""	""	""	""	""	""	""	""	""
2220	202226416,0	2022-11-06T00:00:00	""	SEM VÍTIMA	FINALIZADA	AFOGADOS	RUA SAO MIGUEL	""	RUA QUITERIO INACIO DE MELLO	SEMÁFORO DE Nº 333	AFOGADOS	333,0	SUBURBIO	COLISÃO TRANSVERSAL	2,0	0,0	0,0	0,0	0,0	0,0	0,0	0,0	0,0	0,0	0,0	Cruzamento	Bom	Sem defeito	Perfeito estado	Seca	Perfeito estado	Faixa de pedestre	Outras	""	Dupla	Faixa contínua	""	""
2221	202226433,0	2022-11-07T00:00:00	""	COM VÍTIMA	FINALIZADA	TORRE	RUA REAL DA TORRE	802,0	RUA GALVAO RAPOSO	EM FRENTE AO GUIA MATERIAL DE CONSTRUÇÃO	TORRE	255,0	""	COLISÃO LATERAL	1,0	1,0	0,0	0,0	0,0	0,0	0,0	0,0	0,0	1,0	0,0	Cruzamento	Bom	Sem defeito	Perfeito estado	Seca	Perfeito estado	Faixa de pedestre	Outras	""	Única	Faixa seccionada	""	""
2222	202226441,0	2022-11-07T00:00:00	""	COM VÍTIMA	FINALIZADA	AFOGADOS	RUA COSME VIANA	225,0	""	LADO OPOSTO AO Nº 225, EM FRENTE À TUPAN	AFOGADOS	""	SUBURBIO	COLISÃO LATERAL	1,0	1,0	0,0	0,0	0,0	0,0	0,0	0,0	0,0	1,0	0,0	Longo da via	Bom	Não existe	Perfeito estado	Seca	Perfeito estado	Não existe	Não há placas	""	Única	Faixa seccionada	""	""
2223	202226456,0	2022-11-07T00:00:00	""	COM VÍTIMA	FINALIZADA	SANTO AMARO	RUA ODORICO MENDES	""	AV GOVERNADOR AGAMENON MAGALHAES	ACIDENTE	SANTO AMARO	49,0	CIDADE	COLISÃO LATERAL	0,0	2,0	0,0	0,0	0,0	0,0	0,0	0,0	0,0	2,0	0,0	Cruzamento	Bom	Sem defeito	Perfeito estado	Seca	Perfeito estado	Agente	Outras	60 km/h	Dupla	Faixa seccionada	Blocos	""
2224	202226458,0	2022-11-07T00:00:00	""	COM VÍTIMA	FINALIZADA	CASA AMARELA	LGO DOM LUIZ	""	AV NORTE MIGUEL ARRAES DE ALENCAR	""	CASA AMARELA	""	SUBURBIO	ATROPELAMENTO DE PESSOA	0,0	1,0	0,0	0,0	1,0	0,0	0,0	0,0	0,0	1,0	0,0	Longo da via	Bom	Sem defeito	Perfeito estado	Seca	Perfeito estado	Faixa de retenção	Outras	60 km/h	Dupla	Canteiro central	""	""
2225	202226461,0	2022-11-07T00:00:00	""	COM VÍTIMA	FINALIZADA	BOA VIAGEM	AV BOA VIAGEM	3962,0	RUA RIBEIRO DE BRITO	EM FRENTE AO EDIFÍCIO QUEEN MARY	BOA VIAGEM	""	CIDADE	COLISÃO LATERAL	3,0	0,0	0,0	0,0	0,0	0,0	0,0	0,0	0,0	1,0	0,0	""	Bom	Não existe	Perfeito estado	Seca	Perfeito estado	Faixa de pedestre	Não há placas	""	Única	Faixa seccionada	""	""
2226	202226463,0	2022-11-07T00:00:00	""	COM VÍTIMA	CANCELADA	BEBERIBE	AV BEBERIBE	487,0	""	""	BEBERIBE	""	""	COLISÃO LATERAL	1,0	1,0	0,0	0,0	0,0	0,0	0,0	0,0	0,0	1,0	0,0	""	""	""	""	""	""	""	""	""	""	""	""	""
2227	202226475,0	2022-11-07T00:00:00	""	COM VÍTIMA	FINALIZADA	BOA VIAGEM	RUA ERNESTO DE PAULA SANTOS	""	""	RUA VISCONDE DE JEQUITINHONHA	BOA VIAGEM	304,0	CIDADE	COLISÃO COM CICLISTA	0,0	0,0	0,0	1,0	0,0	1,0	0,0	0,0	0,0	1,0	0,0	Longo da via	Bom	Sem defeito	Perfeito estado	Seca	Perfeito estado	Não existe	Não há placas	30 km/h	Única	Faixa seccionada	""	""
2228	202226501,0	2022-11-08T00:00:00	""	COM VÍTIMA	FINALIZADA	GRAÇAS	AV DR MALAQUIAS	""	""	""	GRAÇAS	""	""	COLISÃO LATERAL	0,0	0,0	0,0	0,0	0,0	0,0	0,0	0,0	0,0	1,0	0,0	Longo da via	Bom	Não existe	Perfeito estado	Seca	Perfeito estado	Não existe	Não há placas	40 km/h	Única	Não existe	""	""
2229	202226514,0	2022-11-08T00:00:00	""	COM VÍTIMA	FINALIZADA	AREIAS	AV RECIFE	""	""	ACIDENTE COM VÍTIMA  COLISÃO TRASEIRA,	AREIAS	""	SUBURBIO	COLISÃO TRASEIRA	7,0	0,0	0,0	0,0	0,0	0,0	0,0	1,0	0,0	1,0	0,0	Longo da via	Bom	Não existe	Perfeito estado	Seca	Perfeito estado	Não existe	Outras	60 km/h	Única	Faixa seccionada	""	""
2230	202226518,0	2022-11-08T00:00:00	""	COM VÍTIMA	FINALIZADA	IMBIRIBEIRA	RUA ARQUITETO LUIZ NUNES	673,0	""	EM FRENTE A ESCOLA PINHEIROS	IMBIRIBEIRA	""	""	COLISÃO TRANSVERSAL	1,0	1,0	0,0	0,0	0,0	0,0	0,0	0,0	0,0	1,0	0,0	Longo da via	Bom	Não existe	Perfeito estado	Seca	Perfeito estado	Faixa de pedestre	Outras	40 km/h	Dupla	Faixa contínua	""	""
2231	202226523,0	2022-11-08T00:00:00	""	COM VÍTIMA	FINALIZADA	BOA VIAGEM	AV DES JOSE NEVES	103,0	""	""	BOA VIAGEM	""	""	COLISÃO LATERAL	0,0	1,0	0,0	0,0	0,0	0,0	0,0	0,0	0,0	1,0	0,0	Longo da via	Bom	Não existe	Perfeito estado	Seca	Perfeito estado	Não existe	Não há placas	""	Única	Faixa seccionada	""	""
2232	202226597,0	2022-11-09T00:00:00	""	COM VÍTIMA	FINALIZADA	SANTO AMARO	RUA DOS PALMARES	""	""	COMANDO DA GUARDA MUNICIPAL DO RECIFE	SANTO AMARO	""	""	COLISÃO COM CICLISTA	2,0	0,0	0,0	1,0	0,0	0,0	0,0	0,0	0,0	1,0	0,0	Longo da via	Bom	Não existe	Perfeito estado	Seca	Perfeito estado	Não existe	Outras	40 km/h	""	Faixa seccionada	""	""
2233	202226600,0	2022-11-09T00:00:00	""	COM VÍTIMA	FINALIZADA	NOVA DESCOBERTA	RUA NOVA DESCOBERTA	1051,0	""	EM FRENTE A ECOESTAÇÃO	NOVA DESCOBERTA	""	""	COLISÃO LATERAL	1,0	1,0	0,0	0,0	0,0	0,0	0,0	0,0	0,0	2,0	0,0	Longo da via	Bom	Não existe	Incompleta	Seca	Perfeito estado	Não existe	R-6a	""	Dupla	Faixa seccionada	""	""
2234	202226604,0	2022-11-09T00:00:00	""	SEM VÍTIMA	FINALIZADA	BOA VISTA	RUA PADRE INGLES	366,0	""	EM FRENTE A UNIBRA	BOA VISTA	""	CIDADE	COLISÃO FRONTAL	2,0	0,0	0,0	0,0	0,0	0,0	0,0	0,0	0,0	0,0	0,0	Longo da via	Bom	Não existe	Perfeito estado	Seca	Perfeito estado	Não existe	Outras	""	Dupla	Não existe	""	""
2235	202226605,0	2022-11-09T00:00:00	""	COM VÍTIMA	FINALIZADA	JORDÃO	AV MARIA IRENE	500,0	""	PROX A BASE AEREA MILITAR	JORDÃO	""	""	COLISÃO LATERAL	1,0	1,0	0,0	0,0	0,0	0,0	0,0	0,0	0,0	1,0	0,0	Longo da via	Bom	Não existe	Não existente	Seca	Perfeito estado	Não existe	Não há placas	""	Dupla	Não existe	""	""
2236	202226636,0	2022-11-09T00:00:00	""	COM VÍTIMA	CANCELADA	ENGENHO DO MEIO	AV MARIO ALVARES PEREIRA DE LYRA	""	""	CRUZAMNETO COM A RUA AMBROSIO MACHADO	ENGENHO DO MEIO	""	""	COLISÃO TRASEIRA	2,0	0,0	0,0	0,0	0,0	0,0	0,0	0,0	0,0	1,0	0,0	""	""	""	""	""	""	""	""	""	""	""	""	""
2237	202226638,0	2022-11-09T00:00:00	""	COM VÍTIMA	FINALIZADA	BOA VISTA	RUA DA AURORA	""	""	CRUZAMENTO COM AV. CONDE DA BOA VISTA	BOA VISTA	162,0	""	COLISÃO LATERAL	1,0	1,0	0,0	0,0	0,0	0,0	0,0	0,0	0,0	1,0	0,0	Cruzamento	Bom	Sem defeito	Perfeito estado	Seca	Perfeito estado	Faixa de pedestre	Outras	""	Única	Faixa contínua	Faixa seccionada	""
2238	202226650,0	2022-11-10T00:00:00	""	COM VÍTIMA	FINALIZADA	MADALENA	RUA BENFICA	411,0	""	EM FRENTE AO OFTALMAX	MADALENA	590,0	""	COLISÃO LATERAL	1,0	1,0	0,0	0,0	0,0	0,0	0,0	0,0	0,0	1,0	0,0	Cruzamento	Bom	Sem defeito	Perfeito estado	Seca	Perfeito estado	Faixa de pedestre	R-6c	40 km/h	Dupla	Faixa contínua	Faixa seccionada	Canteiro central
2239	202226653,0	2022-11-10T00:00:00	""	COM VÍTIMA	FINALIZADA	PRADO	AV ENGENHEIRO ABDIAS DE CARVALHO	""	""	SOB O SEMÁFORO 327	PRADO	""	CIDADE	COLISÃO TRANSVERSAL	0,0	1,0	0,0	0,0	0,0	0,0	1,0	0,0	0,0	2,0	0,0	Longo da via	Bom	Sem defeito	Perfeito estado	Seca	Perfeito estado	Faixa de retenção	R-6a	""	Dupla	Canteiro central	""	""
2240	202226656,0	2022-11-10T00:00:00	""	COM VÍTIMA	FINALIZADA	TORRÕES	AV ENGENHEIRO ABDIAS DE CARVALHO	9,0	""	PROX A UPA,  EM FRENTE A GALERIA ACRIMODAS	TORRÕES	""	""	COLISÃO TRASEIRA	0,0	1,0	0,0	0,0	0,0	1,0	0,0	0,0	0,0	1,0	0,0	Longo da via	Bom	Sem defeito	Perfeito estado	Seca	Perfeito estado	Outros	R-6a	""	Dupla	Canteiro central	""	""
2241	202226676,0	2022-11-10T00:00:00	""	SEM VÍTIMA	FINALIZADA	IMBIRIBEIRA	AV MARECHAL MASCARENHAS DE MORAES	""	""	EM FRENTE A FERRO +	IMBIRIBEIRA	""	""	""	1,0	0,0	0,0	0,0	0,0	0,0	1,0	0,0	0,0	0,0	0,0	Longo da via	Bom	Não existe	Perfeito estado	Seca	Perfeito estado	Não existe	Outras	""	Dupla	Canteiro central	""	""
2242	202226682,0	2022-11-10T00:00:00	""	COM VÍTIMA	FINALIZADA	JIQUIÁ	RUA SAO MIGUEL	1676,0	""	QUANDO SE DEPAROU COM UM SINISTRO ENVOLVENDO DOIS VEÍCULOS	JIQUIÁ	""	SUBURBIO	COLISÃO TRASEIRA	1,0	1,0	0,0	0,0	0,0	0,0	0,0	0,0	0,0	1,0	0,0	Longo da via	Bom	Não existe	Perfeito estado	Seca	Perfeito estado	Não existe	Não há placas	60 km/h	Dupla	Faixa contínua	""	""
2243	202226699,0	2022-11-10T00:00:00	""	COM VÍTIMA	CANCELADA	ILHA DO RETIRO	AV ENGENHEIRO ABDIAS DE CARVALHO	441,0	""	HABIBS	ILHA DO RETIRO	""	""	COLISÃO TRASEIRA	1,0	1,0	0,0	0,0	0,0	0,0	0,0	0,0	0,0	1,0	0,0	""	""	""	""	""	""	""	""	""	""	""	""	""
2244	202226722,0	2022-11-10T00:00:00	""	COM VÍTIMA	FINALIZADA	SÃO JOSÉ	AV ENGENHEIRO JOSE ESTELITA	""	""	ACIDENTE COM VÍTIMA ABALROAMENTO LONGITUDINAL	SÃO JOSÉ	""	SUBURBIO	""	1,0	0,0	0,0	0,0	0,0	0,0	0,0	0,0	0,0	1,0	0,0	Longo da via	Bom	Não existe	Perfeito estado	Seca	Perfeito estado	Não existe	Outras	""	Única	Faixa seccionada	""	""
2245	202226725,0	2022-11-10T00:00:00	""	COM VÍTIMA	FINALIZADA	CAMPO GRANDE	RUA VISCONDE DE CAIRU	188,0	RUA ODORICO MENDES	PROXIMO AO COLEGIO JESUS CRUCIFICADO	CAMPO GRANDE	""	""	COLISÃO LATERAL	1,0	1,0	0,0	0,0	0,0	0,0	0,0	0,0	0,0	1,0	0,0	Longo da via	Bom	Não existe	Perfeito estado	Seca	Perfeito estado	Não existe	Placas Pare	40 km/h	Dupla	Faixa seccionada	""	""
2246	202226739,0	2022-11-10T00:00:00	""	COM VÍTIMA	FINALIZADA	CAXANGÁ	AV CAXANGA	""	""	EM FRENTE INTEGRAÇÃO DA CAXANGA	CAXANGÁ	""	""	ATROPELAMENTO DE PESSOA	0,0	1,0	0,0	0,0	1,0	0,0	0,0	0,0	0,0	1,0	0,0	Longo da via	Bom	Sem defeito	Perfeito estado	Seca	Perfeito estado	Faixa de pedestre	Outras	40 km/h	Dupla	Canteiro central	""	""
2247	202226744,0	2022-11-10T00:00:00	""	COM VÍTIMA	FINALIZADA	AREIAS	RUA IPOJUCA	124,0	""	PROX AO INSS DE AREIAS	AREIAS	""	""	COLISÃO FRONTAL	1,0	1,0	0,0	0,0	0,0	0,0	0,0	0,0	0,0	1,0	0,0	""	""	""	""	""	""	""	""	""	""	""	""	""
2248	202226755,0	2022-11-10T00:00:00	""	SEM VÍTIMA	FINALIZADA	SÃO JOSÉ	RUA IMPERIAL	""	TRV DO RAPOSO	SOB O SEMÁFORO 510	SÃO JOSÉ	510,0	SUBURBIO	COLISÃO TRANSVERSAL	2,0	0,0	0,0	0,0	0,0	0,0	0,0	0,0	0,0	0,0	0,0	Cruzamento	Chuvoso	Intermitente	Incompleta	Molhada	Mal iluminada	Não existe	Não há placas	60 km/h	Única	Não existe	""	""
2249	202226756,0	2022-11-10T00:00:00	""	COM VÍTIMA	FINALIZADA	BOA VISTA	AV CONDE DA BOA VISTA	""	RUA DA AURORA	""	BOA VISTA	""	""	COLISÃO TRANSVERSAL	1,0	0,0	0,0	0,0	0,0	1,0	0,0	0,0	0,0	1,0	0,0	Cruzamento	Bom	Sem defeito	Perfeito estado	Seca	Perfeito estado	Faixa de pedestre	Não há placas	""	Dupla	Faixa contínua	""	""
2250	202226757,0	2022-11-10T00:00:00	""	COM VÍTIMA	FINALIZADA	COQUEIRAL	RUA PAPA JOAO VINTE E TRES	""	RUA FALCAO DE LACERDA	SOB O PONTILHÃO, AO LADO DA ESTAÇÃO	COQUEIRAL	""	""	COLISÃO FRONTAL	0,0	1,0	0,0	0,0	0,0	1,0	0,0	0,0	0,0	1,0	0,0	Longo da via	Bom	Não existe	Não existente	Seca	""	Não existe	""	""	""	""	""	""
2251	202226773,0	2022-11-11T00:00:00	""	SEM VÍTIMA	FINALIZADA	PINA	AVENIDA CELSO FURTADO (VIA MANGUE)	""	""	PROX A LOMBADA ELETRONICA, SENTIDO BOA VIAGEM	PINA	""	""	CHOQUE	0,0	0,0	0,0	0,0	0,0	0,0	0,0	1,0	0,0	0,0	0,0	Longo da via	Chuvoso	Não existe	Perfeito estado	Molhada	Perfeito estado	""	R-19	""	Dupla	Canteiro central	""	""
2252	202226782,0	2022-11-11T00:00:00	""	COM VÍTIMA	FINALIZADA	VÁRZEA	RUA VALE DO SIRIJI	S/N	RUA JOSE ANTONIO DA COSTA FILHO	PROX AO COLEGIO MARIA DA CONCEIÇÃO	VÁRZEA	""	""	COLISÃO TRASEIRA	2,0	1,0	0,0	0,0	0,0	0,0	0,0	0,0	0,0	1,0	0,0	Longo da via	Chuvoso	Não existe	Perfeito estado	Molhada	Perfeito estado	Não existe	Não há placas	""	Dupla	Não existe	""	""
2253	202226787,0	2022-11-11T00:00:00	""	SEM VÍTIMA	FINALIZADA	IBURA	LAD DA COHAB	""	AV DOIS RIOS	""	IBURA	""	""	COLISÃO TRASEIRA	1,0	0,0	0,0	0,0	0,0	0,0	0,0	0,0	0,0	0,0	0,0	Cruzamento	Chuvoso	Não existe	Perfeito estado	Molhada	Mal conservada	Agente	R-4a	""	Dupla	Faixa contínua	""	""
2254	202226811,0	2022-11-11T00:00:00	""	COM VÍTIMA	FINALIZADA	SANTO AMARO	RUA AURORA	1035,0	""	REDE GLOBO	SANTO AMARO	""	""	COLISÃO LATERAL	1,0	1,0	0,0	0,0	0,0	0,0	0,0	0,0	0,0	1,0	0,0	Longo da via	Bom	Não existe	Perfeito estado	Seca	Perfeito estado	Faixa de pedestre	Não há placas	""	Dupla	Canteiro central	""	""
2255	202226812,0	2022-11-11T00:00:00	""	COM VÍTIMA	FINALIZADA	ILHA DO LEITE	AV GOVERNADOR AGAMENON MAGALHAES	""	""	EM FRENTE AO HOSPITAL PORTUGUES	ILHA DO LEITE	""	""	COLISÃO TRASEIRA	2,0	0,0	0,0	0,0	0,0	0,0	0,0	0,0	0,0	1,0	0,0	""	""	""	""	""	""	""	""	""	""	""	""	""
2256	202226827,0	2022-11-11T00:00:00	""	COM VÍTIMA	FINALIZADA	TORRÕES	AV ENGENHEIRO ABDIAS DE CARVALHO	1325,0	RUA DELMIRO GOUVEIA	EM FRENTE A VITORIA MARMORE/ SENTIDO CIDADE	TORRÕES	375,0	CIDADE	COLISÃO LATERAL	1,0	1,0	0,0	0,0	0,0	0,0	0,0	0,0	0,0	1,0	0,0	Cruzamento	Bom	Sem defeito	Perfeito estado	Seca	Perfeito estado	""	Outras	""	Dupla	Não existe	""	""
2257	202226832,0	2022-11-11T00:00:00	""	COM VÍTIMA	FINALIZADA	DOIS UNIDOS	AV HILDEBRANDO DE VASCONCELOS	2692,0	""	PROXIMO A QURADA DE DOIS UNIDOS	DOIS UNIDOS	""	SUBURBIO	COLISÃO TRASEIRA	1,0	1,0	0,0	0,0	0,0	0,0	0,0	0,0	0,0	1,0	0,0	Longo da via	Bom	Não existe	Não existente	Seca	Perfeito estado	Não existe	Não há placas	""	Dupla	Não existe	""	""
2258	202226857,0	2022-11-11T00:00:00	""	COM VÍTIMA	FINALIZADA	IPUTINGA	RUA EMILIANO BRAGA	425,0	""	ENTRADA DA INTEGRAÇÃO CDU	IPUTINGA	""	""	COLISÃO LATERAL	2,0	0,0	0,0	0,0	0,0	0,0	0,0	0,0	0,0	1,0	0,0	""	""	""	""	""	""	""	""	""	""	""	""	""