_id	Protocolo	data	hora	natureza	situacao	bairro	endereco	numero	detalhe_endereco_acidente	complemento	bairro_cruzamento	num_semaforo	sentido_via	tipo	auto	moto	ciclom	ciclista	pedestre	onibus	caminhao	viatura	outros	vitimas	vitimasfatais	acidente_verificado	tempo_clima	situacao_semaforo	sinalizacao	condicao_via	conservacao_via	ponto_controle	situacao_placa	velocidade_max_via	mao_direcao	divisao_via1	divisao_via2	divisao_via3
2259	202226862,0	2022-11-11T00:00:00	""	COM VÍTIMA	FINALIZADA	ESPINHEIRO	RUA DA HORA	""	RUA AMELIA	EM FRENTE AO BANCO DO BRASIL	ESPINHEIRO	""	""	COLISÃO COM CICLISTA	0,0	1,0	0,0	1,0	0,0	0,0	0,0	0,0	0,0	2,0	0,0	Cruzamento	Bom	Sem defeito	Perfeito estado	Seca	Perfeito estado	Faixa de pedestre	Outras	40 km/h	Única	Faixa contínua	Faixa seccionada	""
2260	202226865,0	2022-11-11T00:00:00	""	COM VÍTIMA	FINALIZADA	JORDÃO	AV MARIA IRENE	1038,0	""	NA PARADA DE ONIBUS	JORDÃO	""	SUBURBIO	CHOQUE	1,0	1,0	0,0	0,0	0,0	0,0	0,0	0,0	0,0	2,0	0,0	Longo da via	Bom	Não existe	Perfeito estado	Seca	Perfeito estado	Não existe	Não há placas	""	Dupla	Faixa contínua	""	""
2261	202226884,0	2022-11-12T00:00:00	""	COM VÍTIMA	FINALIZADA	APIPUCOS	RUA DE APIPUCOS	23,0	""	CONDOMINIO HILSON MACEDO	APIPUCOS	""	CIDADE	COLISÃO TRASEIRA	1,0	0,0	0,0	0,0	0,0	0,0	1,0	0,0	0,0	1,0	0,0	Longo da via	Chuvoso	Não existe	Perfeito estado	Molhada	Perfeito estado	Não existe	Não há placas	""	Dupla	Faixa contínua	""	""
2262	202226885,0	2022-11-12T00:00:00	""	SEM VÍTIMA	FINALIZADA	MADALENA	RUA JOAO IVO DA SILVA	232,0	RUA RICARDO SALAZAR	""	MADALENA	""	SUBURBIO	TOMBAMENTO	1,0	0,0	0,0	0,0	0,0	0,0	0,0	0,0	0,0	0,0	0,0	""	""	""	""	""	""	""	""	""	""	""	""	""
2263	202226900,0	2022-11-12T00:00:00	""	COM VÍTIMA	FINALIZADA	VÁRZEA	AV CAXANGA	4617,0	RUA GENERAL POLIDORO	EM FRENTE A ITALIANA, SENT. RECIFE	VÁRZEA	231,0	CIDADE	COLISÃO LATERAL	1,0	1,0	0,0	0,0	0,0	0,0	0,0	0,0	0,0	1,0	0,0	Cruzamento	Bom	Sem defeito	Perfeito estado	Seca	Perfeito estado	Faixa de pedestre	R-32	60 km/h	Dupla	Faixa contínua	Faixa seccionada	""
2264	202226905,0	2022-11-12T00:00:00	""	COM VÍTIMA	FINALIZADA	IMBIRIBEIRA	AV MARECHAL MASCARENHAS DE MORAES	4080,0	""	EM FRENTE AO ATACADO DOS PRESENTES	IMBIRIBEIRA	310,0	SUBURBIO	COLISÃO LATERAL	1,0	1,0	0,0	0,0	0,0	0,0	0,0	0,0	0,0	2,0	0,0	Longo da via	Bom	Sem defeito	Perfeito estado	Seca	Perfeito estado	""	""	60 km/h	""	Faixa seccionada	Canteiro central	""
2265	202226914,0	2022-11-12T00:00:00	""	COM VÍTIMA	FINALIZADA	MANGUEIRA	AV DR JOSE RUFINO	""	""	E/F AFOGADOS ALUMINIOS  VT 21 NO LOCAL	MANGUEIRA	""	""	COLISÃO FRONTAL	1,0	1,0	0,0	0,0	0,0	0,0	0,0	0,0	0,0	1,0	0,0	""	""	""	""	""	""	""	""	""	""	""	""	""
2266	202226915,0	2022-11-12T00:00:00	""	COM VÍTIMA	FINALIZADA	SAN MARTIN	AV GENERAL SAN MARTIN	2195,0	RUA DR GOMES PORTO	PROXIMO A PRAÇA DE SAN MARTIN	SAN MARTIN	""	""	COLISÃO TRANSVERSAL	1,0	1,0	0,0	0,0	0,0	0,0	0,0	0,0	0,0	1,0	0,0	Longo da via	Bom	Não existe	Incompleta	Seca	Perfeito estado	Faixa de pedestre	""	""	Dupla	Não existe	""	""
2267	202226928,0	2022-11-12T00:00:00	""	SEM VÍTIMA	FINALIZADA	DERBY	AV GOVERNADOR AGAMENON MAGALHAES	""	AV RUI BARBOSA	LADO OPOSTO AO COLEGIO AMERICANO BATISTA	DERBY	37,0	""	COLISÃO LATERAL	1,0	0,0	0,0	0,0	0,0	0,0	0,0	1,0	0,0	0,0	0,0	Cruzamento	Chuvoso	Sem defeito	Perfeito estado	Molhada	Perfeito estado	Faixa de pedestre	Placas Pare	""	Dupla	Canal	""	""
2268	202226935,0	2022-11-12T00:00:00	""	COM VÍTIMA	FINALIZADA	CAXANGÁ	AV CAXANGA	""	""	EM FRENTE AO CAXANGÁ GOLF CLUBE	CAXANGÁ	""	CIDADE	ATROPELAMENTO DE PESSOA	1,0	0,0	0,0	0,0	1,0	0,0	0,0	0,0	0,0	1,0	0,0	Longo da via	Chuvoso	Não existe	Perfeito estado	Molhada	Perfeito estado	Não existe	Não há placas	60 km/h	Dupla	Faixa contínua	Faixa seccionada	Canteiro central
2269	202226937,0	2022-11-12T00:00:00	""	SEM VÍTIMA	CANCELADA	BOA VIAGEM	RUA BARAO DE SOUZA LEAO	400,0	""	AO LADO DO HOSPITAL MEDICAL CENTER ( HOSPITAL ALFA)	BOA VIAGEM	""	""	""	0,0	0,0	0,0	0,0	0,0	0,0	0,0	0,0	0,0	0,0	0,0	""	""	""	""	""	""	""	""	""	""	""	""	""
2270	202226968,0	2022-11-13T00:00:00	""	COM VÍTIMA	FINALIZADA	PARNAMIRIM	RUA DR JOAO SANTOS FILHO	""	""	AO LADO DO GUAIAMUM GIGANTE/ PROXIMO AO SHOPPING PLAZA	PARNAMIRIM	""	""	COLISÃO COM CICLISTA	1,0	0,0	0,0	1,0	0,0	0,0	0,0	0,0	0,0	1,0	0,0	Esquina	Bom	Não existe	Perfeito estado	Seca	Perfeito estado	Não existe	R-6a	""	Única	Não existe	""	""
2271	202226985,0	2022-11-13T00:00:00	""	COM VÍTIMA	FINALIZADA	PRADO	RUA ARMANDO SORIANO	103,0	""	COM  A RUA GOMES TABORDA	PRADO	558,0	SUBURBIO	COLISÃO COM CICLISTA	1,0	0,0	0,0	1,0	0,0	0,0	0,0	0,0	0,0	1,0	0,0	Longo da via	Bom	Não existe	Não existente	Seca	Perfeito estado	Não existe	Outras	""	Dupla	Não existe	""	""
2272	202226986,0	2022-11-13T00:00:00	""	COM VÍTIMA	FINALIZADA	AFOGADOS	RUA SAO MIGUEL	1347,0	""	RESTAURANTE BODE DO NO	AFOGADOS	""	SUBURBIO	COLISÃO TRANSVERSAL	1,0	1,0	0,0	0,0	0,0	0,0	0,0	0,0	0,0	2,0	0,0	Longo da via	Bom	Sem defeito	Perfeito estado	Seca	Perfeito estado	Não existe	Não há placas	""	Dupla	Faixa contínua	""	""
2273	202226998,0	2022-11-14T00:00:00	""	COM VÍTIMA	FINALIZADA	PINA	AVENIDA CELSO FURTADO (VIA MANGUE)	S/N	""	EM CIMA DA PONTE, PROX AO RIO MAR	PINA	""	CIDADE	COLISÃO TRASEIRA	1,0	1,0	0,0	0,0	0,0	0,0	0,0	0,0	0,0	1,0	0,0	Ponte	Chuvoso	Não existe	Perfeito estado	Molhada	Perfeito estado	Não existe	Outras	60 km/h	Única	Faixa contínua	Faixa seccionada	""
2274	202227009,0	2022-11-14T00:00:00	""	COM VÍTIMA	FINALIZADA	AREIAS	AV RECIFE	4316,0	""	VEÍCULO CHOCOU-SE  COM UMA ÁRVORE NA FRENTE DO CONJUNTO RESIDENCIAL IGNÊZ ANDREAZZA. SENT IPSEP / ESTÂNCIA.  NO RECUO DO PONTO DE TÁXI. LADO OPOSTO DO BIG BOMPREÇO.	AREIAS	""	""	CHOQUE	1,0	0,0	0,0	0,0	0,0	0,0	0,0	0,0	0,0	1,0	0,0	Longo da via	Bom	Sem defeito	Perfeito estado	Seca	Perfeito estado	Não existe	Não há placas	""	Dupla	Canteiro central	""	""
2275	202227013,0	2022-11-14T00:00:00	""	SEM VÍTIMA	FINALIZADA	BOA VIAGEM	RUA BARAO DE SOUZA LEAO	1000,0	RUA BARAO DE TAMANDARE	ESCOLA SANTOS DUMONT	BOA VIAGEM	""	""	COLISÃO LATERAL	2,0	0,0	0,0	0,0	0,0	0,0	0,0	0,0	0,0	0,0	0,0	Longo da via	Bom	Não existe	Perfeito estado	Seca	Perfeito estado	Não existe	Outras	60KM/H	Única	Faixa seccionada	""	""
2276	202227029,0	2022-11-14T00:00:00	""	COM VÍTIMA	FINALIZADA	JIQUIÁ	AV RECIFE	5680,0	""	EM FRENTE AO ASSAI SENT. BR	JIQUIÁ	705,0	SUBURBIO	TOMBAMENTO	0,0	1,0	0,0	0,0	0,0	0,0	1,0	0,0	0,0	2,0	0,0	Cruzamento	Bom	Sem defeito	Perfeito estado	Seca	Perfeito estado	Faixa de pedestre	Não há placas	60 km/h	Dupla	Canteiro central	""	""
2277	202227039,0	2022-11-14T00:00:00	""	COM VÍTIMA	FINALIZADA	BOA VISTA	RUA AURORA	529,0	RUA PRINCESA IZABEL	""	BOA VISTA	""	SUBURBIO	COLISÃO LATERAL	0,0	2,0	0,0	0,0	0,0	0,0	0,0	0,0	0,0	1,0	0,0	Cruzamento	Bom	Sem defeito	Perfeito estado	Seca	Perfeito estado	Não existe	Não há placas	""	Única	Faixa seccionada	""	""
2278	202227044,0	2022-11-14T00:00:00	""	COM VÍTIMA	FINALIZADA	ESPINHEIRO	RUA DO ESPINHEIRO	""	RUA SANTO ELIAS	E/F AO POSTO SHELL	ESPINHEIRO	""	SUBURBIO	COLISÃO LATERAL	0,0	2,0	0,0	0,0	0,0	0,0	0,0	0,0	0,0	1,0	0,0	Longo da via	Chuvoso	Não existe	Incompleta	Molhada	Perfeito estado	""	""	40 km/h	Única	""	""	""
2279	202227045,0	2022-11-14T00:00:00	""	COM VÍTIMA	FINALIZADA	AFOGADOS	EST DOS REMEDIOS	470,0	""	EM FRENTE AO SUPERMERCADO DO LAR	AFOGADOS	""	SUBURBIO	COLISÃO LATERAL	0,0	2,0	0,0	0,0	0,0	0,0	0,0	0,0	0,0	1,0	0,0	Longo da via	Chuvoso	Não existe	Incompleta	Molhada	Mal conservada	Faixa de pedestre	R-6b	40 km/h	Dupla	Faixa contínua	""	""
2280	202227047,0	2022-11-14T00:00:00	""	COM VÍTIMA	FINALIZADA	PARNAMIRIM	EST DO ENCANAMENTO	216,0	RUA PROFESSOR ANDRADE BEZERRA	E/F AO CLUBE ALEMÃO	PARNAMIRIM	""	CIDADE	COLISÃO LATERAL	1,0	1,0	0,0	0,0	0,0	0,0	0,0	0,0	0,0	1,0	0,0	Esquina	Bom	Não existe	Perfeito estado	Seca	Perfeito estado	Faixa de pedestre	Outras	60 km/h	Única	Faixa seccionada	""	""
2281	202227051,0	2022-11-14T00:00:00	""	COM VÍTIMA	FINALIZADA	IPSEP	AV RECIFE	""	""	EM FRENTE AO SUPERMERCADO HIPER BOMPREÇO	IPSEP	494,0	SUBURBIO	COLISÃO FRONTAL	1,0	1,0	0,0	0,0	0,0	0,0	0,0	0,0	0,0	2,0	0,0	Longo da via	Chuvoso	Sem defeito	Perfeito estado	Molhada	Perfeito estado	Faixa de pedestre	Não há placas	""	Dupla	Faixa contínua	Canteiro central	""
2282	202227059,0	2022-11-14T00:00:00	""	COM VÍTIMA	FINALIZADA	AREIAS	AV RECIFE	""	AV CAPITAO GREGORIO DE CALDAS	EM FRENTE AO SUPERMERCADO BIG BOMPREÇO	AREIAS	494,0	SUBURBIO	COLISÃO TRASEIRA	1,0	1,0	0,0	0,0	0,0	0,0	0,0	0,0	0,0	2,0	0,0	Longo da via	Bom	Sem defeito	Perfeito estado	Seca	Perfeito estado	""	""	""	Dupla	Canteiro central	""	""
2283	202227060,0	2022-11-14T00:00:00	""	SEM VÍTIMA	FINALIZADA	CASA FORTE	RUA DA HARMONIA	""	EST DO ENCANAMENTO	AO LADO DA FARMÁCIA EXTRA FARMA	CASA FORTE	""	""	CHOQUE	2,0	0,0	0,0	0,0	0,0	0,0	0,0	0,0	0,0	0,0	0,0	Longo da via	Bom	Sem defeito	Perfeito estado	Seca	Perfeito estado	Faixa de pedestre	Não há placas	""	Única	Faixa seccionada	""	""
2284	202227062,0	2022-11-15T00:00:00	""	COM VÍTIMA	FINALIZADA	CABANGA	AV ENGENHEIRO JOSE ESTELITA	""	AV ANTONIO DE GOES	EM FRENTE AO CABANGA IATE CLUBE	CABANGA	""	CIDADE	CHOQUE	1,0	0,0	0,0	0,0	0,0	0,0	0,0	0,0	0,0	1,0	0,0	Viaduto	Bom	Não existe	Perfeito estado	Seca	Perfeito estado	Não existe	Não há placas	""	Dupla	""	""	""
2285	202227101,0	2022-11-15T00:00:00	""	COM VÍTIMA	FINALIZADA	IMBIRIBEIRA	RUA OLIVIA MENELAU	119,0	RUA ZEFERINO PINHO	POSTO BR / BOTECO FIRMA	IMBIRIBEIRA	396,0	CIDADE	COLISÃO LATERAL	1,0	1,0	0,0	0,0	0,0	0,0	0,0	0,0	0,0	1,0	0,0	Esquina	Bom	Sem defeito	Perfeito estado	Seca	Perfeito estado	Não existe	Não há placas	""	Única	Não existe	""	""
2286	202227124,0	2022-11-15T00:00:00	""	COM VÍTIMA	FINALIZADA	VÁRZEA	RUA PROFESSOR ANTONIO COELHO	157,0	RUA PROFESSOR ANTONIO COELHO	""	VÁRZEA	""	SUBURBIO	COLISÃO LATERAL	1,0	1,0	0,0	0,0	0,0	0,0	0,0	0,0	0,0	1,0	0,0	Cruzamento	Bom	Não existe	Perfeito estado	Seca	Perfeito estado	Faixa de pedestre	""	""	Única	Não existe	""	""
2287	202227135,0	2022-11-15T00:00:00	""	COM VÍTIMA	FINALIZADA	TAMARINEIRA	RUA CONEGO BARATA	""	AV NORTE MIGUEL ARRAES DE ALENCAR	PRÓXIMO A FERREIRA COSTA	TAMARINEIRA	62,0	""	COLISÃO LATERAL	1,0	1,0	0,0	0,0	0,0	0,0	0,0	0,0	0,0	1,0	0,0	Cruzamento	Bom	Sem defeito	Perfeito estado	Seca	Perfeito estado	Faixa de pedestre	R-6a	""	Dupla	Faixa seccionada	Blocos	""
2288	202227143,0	2022-11-16T00:00:00	""	COM VÍTIMA	FINALIZADA	AREIAS	AV RECIFE	""	""	EM FRENTE AO RESTAURANTE  GALLETUS	AREIAS	617,0	CIDADE	COLISÃO TRASEIRA	1,0	1,0	0,0	0,0	0,0	0,0	0,0	0,0	0,0	1,0	0,0	Longo da via	Bom	Intermitente	Perfeito estado	Seca	Perfeito estado	Faixa de pedestre	R-6a	""	Dupla	Canteiro central	""	""
2289	202227165,0	2022-11-16T00:00:00	""	COM VÍTIMA	FINALIZADA	BOA VISTA	RUA DOM BOSCO	1002,0	""	EM FRENTE AO QUARTEL DA RP	BOA VISTA	401,0	""	COLISÃO TRASEIRA	0,0	2,0	0,0	0,0	0,0	0,0	0,0	0,0	0,0	1,0	0,0	Longo da via	Bom	Sem defeito	Perfeito estado	Seca	Perfeito estado	Faixa de pedestre	Outras	""	Única	Faixa seccionada	""	""
2290	202227169,0	2022-11-16T00:00:00	""	SEM VÍTIMA	FINALIZADA	SANTO AMARO	AV MARIO MELO	263,0	""	PROX AO INSS	SANTO AMARO	""	""	COLISÃO LATERAL	2,0	0,0	0,0	0,0	0,0	0,0	0,0	0,0	0,0	0,0	0,0	Longo da via	Bom	Sem defeito	Perfeito estado	Seca	Perfeito estado	Não existe	Não há placas	""	Dupla	Faixa contínua	""	""
2291	202227186,0	2022-11-16T00:00:00	""	COM VÍTIMA	FINALIZADA	ESPINHEIRO	RUA DO ESPINHEIRO	""	AV JOAO DE BARROS	EM FRENTE A PAGUE MENOS	ESPINHEIRO	89,0	CIDADE	COLISÃO LATERAL	1,0	1,0	0,0	0,0	0,0	0,0	0,0	0,0	0,0	1,0	0,0	Cruzamento	Bom	Sem defeito	Perfeito estado	Seca	Perfeito estado	Faixa de pedestre	R-6a	""	Única	Faixa seccionada	""	""
2292	202227193,0	2022-11-16T00:00:00	""	SEM VÍTIMA	FINALIZADA	TORRE	RUA REAL DA TORRE	""	""	PRÓX. AO CARREFOUR	TORRE	""	""	COLISÃO LATERAL	0,0	0,0	0,0	0,0	0,0	0,0	0,0	2,0	0,0	0,0	0,0	Esquina	Chuvoso	Não existe	""	Molhada	Perfeito estado	Não existe	Não há placas	""	Única	Não existe	""	""
2293	202227210,0	2022-11-16T00:00:00	""	COM VÍTIMA	FINALIZADA	CAXANGÁ	AV CAXANGA	""	""	E/F AO RESIDENCIAL MARCOS FREIRE  S/T SUB	CAXANGÁ	""	""	COLISÃO COM CICLISTA	1,0	0,0	0,0	1,0	0,0	0,0	0,0	0,0	0,0	2,0	0,0	""	""	""	""	""	""	""	""	""	""	""	""	""
2294	202227211,0	2022-11-16T00:00:00	""	COM VÍTIMA	FINALIZADA	BOA VIAGEM	RUA DEZ DE JULHO	210,0	""	PROXIMO A MAISON CRISTAL	BOA VIAGEM	""	""	COLISÃO FRONTAL	1,0	1,0	0,0	0,0	0,0	0,0	0,0	0,0	0,0	1,0	0,0	""	""	""	""	""	""	""	""	""	""	""	""	""
2295	202227214,0	2022-11-16T00:00:00	""	COM VÍTIMA	FINALIZADA	VÁRZEA	RUA GASTAO VIDIGAL	65,0	""	NO TERMINAL DA VARZEA  NA UR 7	VÁRZEA	""	SUBURBIO	COLISÃO LATERAL	0,0	1,0	0,0	0,0	0,0	1,0	0,0	0,0	0,0	2,0	0,0	Longo da via	Bom	Não existe	Perfeito estado	Seca	Perfeito estado	Não existe	Outras	""	Dupla	Faixa seccionada	""	""
2296	202227216,0	2022-11-16T00:00:00	""	COM VÍTIMA	FINALIZADA	ESTÂNCIA	AV RECIFE	6840,0	RUA LAURA BANDEIRA DE MELLO	EM FRENTE AO SUPERMERCADO AÇAI	ESTÂNCIA	""	""	COLISÃO LATERAL	1,0	1,0	0,0	0,0	0,0	0,0	0,0	0,0	0,0	1,0	0,0	Cruzamento	Bom	Sem defeito	Perfeito estado	Seca	Perfeito estado	Faixa de pedestre	R-4a	60 km/h	Dupla	Canteiro central	""	""
2297	202227232,0	2022-11-16T00:00:00	""	COM VÍTIMA	FINALIZADA	BOA VIAGEM	RUA SETUBAL	1492,0	""	PROXIMO PARQUE DONA LINDU	BOA VIAGEM	""	""	COLISÃO LATERAL	1,0	1,0	0,0	0,0	0,0	0,0	0,0	0,0	0,0	1,0	0,0	Longo da via	Bom	Não existe	Perfeito estado	Seca	Perfeito estado	Não existe	Não há placas	""	Dupla	Não existe	""	""
2298	202227240,0	2022-11-17T00:00:00	""	COM VÍTIMA	FINALIZADA	SANTO AMARO	AV GOVERNADOR AGAMENON MAGALHAES	""	AV DR JAYME DA FONTE	""	SANTO AMARO	49,0	SUBURBIO	COLISÃO FRONTAL	2,0	0,0	0,0	0,0	0,0	0,0	0,0	0,0	0,0	2,0	0,0	Cruzamento	Chuvoso	Sem defeito	Perfeito estado	Molhada	Perfeito estado	Faixa de pedestre	Outras	""	Dupla	Canal	""	""
2299	202227274,0	2022-11-17T00:00:00	""	COM VÍTIMA	DUPLICIDADE	ARRUDA	AV PROFESSOR JOSE DOS ANJOS	""	""	ESTRADA VELHA DE AGUA FRIA	ARRUDA	""	""	COLISÃO TRASEIRA	1,0	1,0	0,0	0,0	0,0	0,0	0,0	0,0	0,0	2,0	0,0	""	""	""	""	""	""	""	""	""	""	""	""	""
2300	202227275,0	2022-11-17T00:00:00	""	COM VÍTIMA	FINALIZADA	ARRUDA	AV PROFESSOR JOSE DOS ANJOS	""	EST VELHA DE AGUA FRIA	AO LADO DO DNOCS	ARRUDA	306,0	SUBURBIO	COLISÃO TRASEIRA	1,0	1,0	0,0	0,0	0,0	0,0	0,0	0,0	0,0	1,0	0,0	Cruzamento	Bom	Sem defeito	Perfeito estado	Seca	Perfeito estado	Faixa de retenção	Não há placas	""	Única	Faixa contínua	""	""
2301	202227289,0	2022-11-17T00:00:00	""	COM VÍTIMA	FINALIZADA	SANTO AMARO	AV GOVERNADOR AGAMENON MAGALHAES	S/N	""	PROX AO POSTO PETROBRÁS, SENTIDO SHOPPING TACARUNA	SANTO AMARO	""	SUBURBIO	CHOQUE	1,0	0,0	0,0	0,0	0,0	0,0	0,0	0,0	0,0	1,0	0,0	Longo da via	Bom	Não existe	Perfeito estado	Seca	Perfeito estado	Não existe	Não há placas	60 km/h	Dupla	Faixa contínua	Faixa seccionada	Canal
2302	202227305,0	2022-11-17T00:00:00	""	SEM VÍTIMA	FINALIZADA	IPSEP	AV RECIFE	2706,0	""	SEMÁFORO 016	IPSEP	""	""	COLISÃO TRASEIRA	1,0	0,0	0,0	0,0	0,0	0,0	0,0	1,0	0,0	0,0	0,0	Cruzamento	Bom	Sem defeito	Perfeito estado	Seca	Perfeito estado	Faixa de pedestre	R-6a	""	Dupla	Canteiro central	""	""
2303	202227318,0	2022-11-17T00:00:00	""	COM VÍTIMA	FINALIZADA	BOA VISTA	RUA AURORA	1295,0	""	E/F AO EDF CAIS DA AURORA  PROX AO BANCO CENTRAL  DO BRASIL	BOA VISTA	""	""	COLISÃO LATERAL	1,0	0,0	0,0	0,0	0,0	0,0	1,0	0,0	0,0	1,0	0,0	Longo da via	Bom	""	Não existente	Seca	Perfeito estado	Não existe	Não há placas	""	Única	Faixa seccionada	""	""
2304	202227319,0	2022-11-17T00:00:00	""	COM VÍTIMA	FINALIZADA	TEJIPIÓ	RUA FALCAO DE LACERDA	175,0	""	E/F A IGREJA PRESBITERIANA DE TEJIPIO	TEJIPIÓ	""	""	COLISÃO LATERAL	1,0	2,0	0,0	0,0	0,0	0,0	0,0	0,0	0,0	1,0	0,0	""	""	""	""	""	""	""	""	""	""	""	""	""
2305	202227325,0	2022-11-17T00:00:00	""	COM VÍTIMA	FINALIZADA	CASA AMARELA	RUA PADRE LEMOS	723,0	""	PROX AO POSTO DE GASOLINA BR	CASA AMARELA	66,0	SUBURBIO	COLISÃO LATERAL	1,0	1,0	0,0	0,0	0,0	0,0	0,0	0,0	0,0	1,0	0,0	Longo da via	Bom	Sem defeito	Incompleta	Seca	Perfeito estado	Não existe	Não há placas	""	Dupla	Não existe	""	""
2306	202227326,0	2022-11-17T00:00:00	""	COM VÍTIMA	FINALIZADA	SÃO JOSÉ	PRC DAS CINCO PONTAS	104,0	RUA DO JARDIM	EM FRENTE AO FORTE CINCO PONTAS	SÃO JOSÉ	199,0	SUBURBIO	COLISÃO LATERAL	0,0	2,0	0,0	0,0	0,0	0,0	0,0	0,0	0,0	1,0	0,0	Longo da via	Bom	Sem defeito	Perfeito estado	Seca	Perfeito estado	Não existe	Não há placas	40 km/h	Única	Não existe	""	""
2307	202227330,0	2022-11-17T00:00:00	""	COM VÍTIMA	FINALIZADA	BOA VISTA	RUA DA AURORA	""	""	EM FRENTE AO CINE SÃO LUIS	BOA VISTA	162,0	CIDADE	ATROPELAMENTO DE PESSOA	1,0	0,0	0,0	0,0	1,0	0,0	0,0	0,0	0,0	1,0	0,0	Longo da via	Bom	Sem defeito	Perfeito estado	Seca	Perfeito estado	Faixa de pedestre	R-6a	""	Única	Faixa contínua	""	""
2308	202227372,0	2022-11-18T00:00:00	""	COM VÍTIMA	FINALIZADA	CORDEIRO	RUA DR JOAO LACERDA	S/N	""	EM FRENTE AO DHPP	CORDEIRO	""	""	COLISÃO TRASEIRA	1,0	1,0	0,0	0,0	0,0	0,0	0,0	0,0	0,0	1,0	0,0	Longo da via	Bom	Não existe	Ilegível	Seca	Perfeito estado	Não existe	Não há placas	60 km/h	Dupla	Faixa contínua	""	""
2309	202227440,0	2022-11-18T00:00:00	""	SEM VÍTIMA	FINALIZADA	SÃO JOSÉ	AV MARTINS DE BARROS	""	""	PROXIMO A PRAÇA DA REPUBLICA	SÃO JOSÉ	""	""	COLISÃO LATERAL	1,0	1,0	0,0	0,0	0,0	0,0	0,0	0,0	0,0	0,0	0,0	Longo da via	Bom	Sem defeito	Perfeito estado	Seca	Perfeito estado	Faixa de pedestre	Não há placas	""	Única	Faixa contínua	Faixa contínua	""
2310	202227446,0	2022-11-18T00:00:00	""	COM VÍTIMA	FINALIZADA	SÃO JOSÉ	AV SUL	1374,0	RUA CARLOS COELHO LEAL VALENTE	EM FRENTE PORTELA INDUSTRIA	SÃO JOSÉ	260,0	CIDADE	COLISÃO LATERAL	1,0	1,0	0,0	0,0	0,0	0,0	0,0	0,0	0,0	1,0	0,0	Cruzamento	Bom	Sem defeito	""	Seca	Perfeito estado	""	Não há placas	""	Única	""	""	""
2311	202227448,0	2022-11-18T00:00:00	""	COM VÍTIMA	FINALIZADA	ESPINHEIRO	RUA CONS PORTELA	""	RUA LAURO MONTENEGRO	PROX A IGREJA CATOLICA DO ESPINHEIRO  VT 15 NO LOCAL	ESPINHEIRO	464,0	SUBURBIO	COLISÃO LATERAL	1,0	1,0	0,0	0,0	0,0	0,0	0,0	0,0	0,0	1,0	0,0	Longo da via	Bom	Sem defeito	Perfeito estado	Seca	Perfeito estado	Não existe	R-6a	""	Única	Faixa seccionada	""	""
2312	202227449,0	2022-11-18T00:00:00	""	COM VÍTIMA	CANCELADA	MONTEIRO	AV CIDADE DE MONTEIRO	""	""	E/F AO ARMAZEM CORAL PROX A SUBIDA DA PONTE	MONTEIRO	""	""	COLISÃO FRONTAL	1,0	0,0	0,0	0,0	0,0	0,0	0,0	0,0	0,0	2,0	0,0	""	""	""	""	""	""	""	""	""	""	""	""	""
2313	202227458,0	2022-11-18T00:00:00	""	COM VÍTIMA	FINALIZADA	AREIAS	AV RECIFE	3585,0	""	APÓS O RESTAURANTE GALETUS	AREIAS	""	""	COLISÃO TRANSVERSAL	1,0	1,0	0,0	0,0	0,0	0,0	1,0	0,0	0,0	1,0	0,0	Longo da via	Bom	Não existe	Perfeito estado	Seca	Perfeito estado	Não existe	Não há placas	60 km/h	Dupla	Faixa seccionada	Canteiro central	""
2314	202227463,0	2022-11-18T00:00:00	""	SEM VÍTIMA	FINALIZADA	BOA VIAGEM	RUA CARLOS PEREIRA FALCAO	100,0	""	EM FRENTE A PADARIA DIPLOMATA	BOA VIAGEM	""	""	COLISÃO FRONTAL	2,0	0,0	0,0	0,0	0,0	0,0	0,0	0,0	0,0	0,0	0,0	""	""	""	""	""	""	""	""	""	""	""	""	""
2315	202227495,0	2022-11-19T00:00:00	""	COM VÍTIMA	FINALIZADA	CAMPO GRANDE	RUA CATULO DA PAIXAO CEARENSE	263,0	RUA PROFESSOR FRANCISCO DA TRINDADE	PRÓX. AO BAR E RESTAURANTE CASA DE MÃE	CAMPO GRANDE	""	""	COLISÃO LATERAL	1,0	1,0	0,0	0,0	0,0	0,0	0,0	0,0	0,0	1,0	0,0	""	""	""	""	""	""	""	""	""	""	""	""	""
2316	202227496,0	2022-11-19T00:00:00	""	COM VÍTIMA	FINALIZADA	AFOGADOS	RUA SAO MIGUEL	1357,0	""	PRÓX. AO BODE DO NÔ E À PANIFICADORA LISBOA	AFOGADOS	""	""	COLISÃO LATERAL	1,0	1,0	0,0	0,0	0,0	0,0	0,0	0,0	0,0	1,0	0,0	Longo da via	Bom	Não existe	Incompleta	Seca	Perfeito estado	Não existe	Não há placas	""	Dupla	Não existe	""	""