_id	Protocolo	data	hora	natureza	situacao	bairro	endereco	numero	detalhe_endereco_acidente	complemento	bairro_cruzamento	num_semaforo	sentido_via	tipo	auto	moto	ciclom	ciclista	pedestre	onibus	caminhao	viatura	outros	vitimas	vitimasfatais	acidente_verificado	tempo_clima	situacao_semaforo	sinalizacao	condicao_via	conservacao_via	ponto_controle	situacao_placa	velocidade_max_via	mao_direcao	divisao_via1	divisao_via2	divisao_via3
2374	202228075,0	2022-11-25T00:00:00	""	COM VÍTIMA	FINALIZADA	SAN MARTIN	AV GENERAL SAN MARTIN	2337,0	""	NO GIRADOURO DE SAN MARTIN	SAN MARTIN	""	SUBURBIO	ATROPELAMENTO DE PESSOA	1,0	0,0	0,0	0,0	1,0	0,0	0,0	0,0	0,0	1,0	0,0	Rotatória	Bom	Não existe	Perfeito estado	Seca	Perfeito estado	Não existe	Não há placas	""	Única	Não existe	""	""
2375	202228076,0	2022-11-25T00:00:00	""	COM VÍTIMA	FINALIZADA	CAXANGÁ	AV CAXANGA	""	""	E/F AO ESPAÇO CIDADANIA  VT 13 NO LOCAL  S/T CID	CAXANGÁ	""	""	COLISÃO TRASEIRA	1,0	1,0	0,0	0,0	0,0	0,0	0,0	0,0	0,0	1,0	0,0	Longo da via	Bom	Não existe	Incompleta	Seca	Perfeito estado	Não existe	Não há placas	""	Dupla	Canteiro central	""	""
2376	202228085,0	2022-11-25T00:00:00	""	COM VÍTIMA	FINALIZADA	CAMPO GRANDE	RUA ODORICO MENDES	882,0	""	AO LADO DO INSTITUTO DE CRIMINASLISTICA IC	CAMPO GRANDE	""	""	COLISÃO LATERAL	0,0	1,0	0,0	0,0	0,0	0,0	0,0	1,0	0,0	1,0	0,0	Cruzamento	Bom	Sem defeito	Perfeito estado	Seca	Perfeito estado	Não existe	Outras	40 km/h	Dupla	Blocos	""	""
2377	202228102,0	2022-11-26T00:00:00	""	COM VÍTIMA	FINALIZADA	BOA VIAGEM	RUA VISCONDE DE JEQUITINHONHA	""	RUA PROFESSOR MARIO CASTRO	SEMAFORO 158	BOA VIAGEM	""	""	COLISÃO FRONTAL	1,0	1,0	0,0	0,0	0,0	0,0	0,0	0,0	0,0	1,0	0,0	Cruzamento	Bom	Sem defeito	Perfeito estado	Seca	Perfeito estado	Faixa de pedestre	Não há placas	""	Única	Faixa seccionada	""	""
2378	202228120,0	2022-11-26T00:00:00	""	COM VÍTIMA	FINALIZADA	SANTO AMARO	RUA DOS PALMARES	""	RUA DO POMBAL	PROX. A CLINICA WALDEMAR DE OLIVEIRA	SANTO AMARO	""	""	COLISÃO LATERAL	1,0	1,0	0,0	0,0	0,0	0,0	0,0	0,0	0,0	1,0	0,0	Cruzamento	Bom	Não existe	Perfeito estado	Seca	Perfeito estado	""	Não há placas	""	Dupla	Faixa seccionada	Canteiro central	""
2379	202228130,0	2022-11-26T00:00:00	""	COM VÍTIMA	FINALIZADA	SAN MARTIN	RUA VINTE E UM DE ABRIL	3470,0	""	PROX AO MERCADINHO COMPRE MAIS	SAN MARTIN	""	SUBURBIO	ATROPELAMENTO DE PESSOA	1,0	0,0	0,0	0,0	1,0	0,0	0,0	0,0	0,0	1,0	0,0	Longo da via	Bom	Não existe	Não existente	Seca	Perfeito estado	Não existe	Não há placas	40 km/h	Dupla	Faixa seccionada	""	""
2380	202228135,0	2022-11-26T00:00:00	""	COM VÍTIMA	FINALIZADA	BOA VIAGEM	RUA VISCONDE DE JEQUITINHONHA	""	RUA PROFESSOR MARIO CASTRO	NO SEMAFORO 158	BOA VIAGEM	""	""	COLISÃO LATERAL	1,0	1,0	0,0	0,0	0,0	0,0	0,0	0,0	0,0	1,0	0,0	""	""	""	""	""	""	""	""	""	""	""	""	""
2381	202228155,0	2022-11-26T00:00:00	""	SEM VÍTIMA	CANCELADA	CORDEIRO	RUA N S DA SAUDE	252,0	""	EXPOSIÇÕES DE ANIMAIS, DROGASIL	CORDEIRO	""	""	COLISÃO FRONTAL	2,0	0,0	0,0	0,0	0,0	0,0	0,0	0,0	0,0	0,0	0,0	""	""	""	""	""	""	""	""	""	""	""	""	""
2382	202228164,0	2022-11-26T00:00:00	""	COM VÍTIMA	FINALIZADA	SAN MARTIN	AV GENERAL SAN MARTIN	1648 B	""	PIZZARIA PASSIRA	SAN MARTIN	""	""	COLISÃO FRONTAL	1,0	1,0	0,0	0,0	0,0	0,0	0,0	0,0	0,0	1,0	0,0	Cruzamento	Bom	Não existe	Perfeito estado	Seca	Perfeito estado	Não existe	Não há placas	""	Dupla	Faixa contínua	""	""
2383	202228171,0	2022-11-27T00:00:00	""	COM VÍTIMA	FINALIZADA	BOA VIAGEM	AV BOA VIAGEM	2724,0	""	EM FRENTE A PADARIA BOA VIAGEM	BOA VIAGEM	""	CIDADE	ATROPELAMENTO DE PESSOA	1,0	0,0	0,0	0,0	1,0	0,0	0,0	0,0	0,0	1,0	0,0	Longo da via	Bom	Não existe	Perfeito estado	Seca	Perfeito estado	Não existe	Não há placas	""	Única	Faixa seccionada	""	""
2384	202228190,0	2022-11-27T00:00:00	""	COM VÍTIMA	FINALIZADA	TORRE	RUA CLOVIS BEVILAQUA	50,0	RUA AGUAS BELAS	APOS AO RESTAURANTE IPON	TORRE	""	""	QUEDA	0,0	1,0	0,0	0,0	0,0	0,0	0,0	0,0	0,0	1,0	0,0	Cruzamento	Bom	Não existe	Perfeito estado	Seca	Perfeito estado	Outros	Outras	""	Dupla	Não existe	""	""
2385	202228212,0	2022-11-27T00:00:00	""	COM VÍTIMA	CANCELADA	DERBY	RUA JENER DE SOUZA	""	""	EM FRENTE AO QUARTEL DO DERBY	DERBY	""	""	COLISÃO LATERAL	1,0	1,0	0,0	0,0	0,0	0,0	0,0	0,0	0,0	1,0	0,0	""	""	""	""	""	""	""	""	""	""	""	""	""
2386	202228215,0	2022-11-27T00:00:00	""	SEM VÍTIMA	FINALIZADA	AREIAS	RUA IPOJUCA	918,0	""	PROXIMOA ESCOLA DOZE DE OUTUBRO	AREIAS	""	""	CHOQUE	0,0	0,0	0,0	0,0	0,0	0,0	0,0	0,0	0,0	0,0	0,0	""	""	""	""	""	""	""	""	""	""	""	""	""
2387	202228217,0	2022-11-27T00:00:00	""	COM VÍTIMA	FINALIZADA	SANTO ANTÔNIO	AV GUARARAPES	""	AV DANTAS BARRETO	AV DANTAS BARRETO	SANTO ANTÔNIO	15,0	""	COLISÃO LATERAL	1,0	0,0	0,0	0,0	0,0	1,0	0,0	0,0	0,0	1,0	0,0	Cruzamento	Bom	Sem defeito	Perfeito estado	Seca	Perfeito estado	Não existe	Não há placas	""	Dupla	""	""	""
2388	202228237,0	2022-11-27T00:00:00	""	COM VÍTIMA	FINALIZADA	PARNAMIRIM	RUA VIRGINIA LORETO	188,0	""	PROX RESTAURANTE GUAIAMUM GIGANTE	PARNAMIRIM	""	""	COLISÃO LATERAL	1,0	1,0	0,0	0,0	0,0	0,0	0,0	0,0	0,0	1,0	0,0	Cruzamento	Bom	Não existe	Perfeito estado	Seca	Perfeito estado	Não existe	R-6a	""	Única	Faixa seccionada	""	""
2389	202228260,0	2022-11-28T00:00:00	""	COM VÍTIMA	FINALIZADA	CAMPO GRANDE	RUA ODORICO MENDES	S/N	RUA VISCONDE DE CAIRU	PROX AO0 COLEGIO JESUS CRUCIFICADO	CAMPO GRANDE	""	""	COLISÃO LATERAL	1,0	1,0	0,0	0,0	0,0	0,0	0,0	0,0	0,0	1,0	0,0	""	""	""	""	""	""	""	""	""	""	""	""	""
2390	202228279,0	2022-11-28T00:00:00	""	COM VÍTIMA	FINALIZADA	ENCRUZILHADA	AV BEBERIBE	433,0	""	PROXIMO AO BANCO DO BRASIL	ENCRUZILHADA	""	""	COLISÃO LATERAL	1,0	1,0	0,0	0,0	0,0	0,0	0,0	0,0	0,0	1,0	0,0	Cruzamento	Bom	Não existe	Perfeito estado	Seca	Perfeito estado	Não existe	Não há placas	""	Dupla	Faixa contínua	""	""
2391	202228281,0	2022-11-28T00:00:00	""	COM VÍTIMA	FINALIZADA	MADALENA	RUA JOSE OSORIO	522,0	""	PROX A VISTORIA DO DETRAN DA MADALENA	MADALENA	""	SUBURBIO	COLISÃO FRONTAL	1,0	1,0	0,0	0,0	0,0	0,0	0,0	0,0	0,0	1,0	0,0	Cruzamento	Bom	Não existe	Incompleta	Seca	Mal conservada	Não existe	R-6a	40 km/h	Dupla	Faixa contínua	Faixa seccionada	""
2392	202228284,0	2022-11-28T00:00:00	""	COM VÍTIMA	FINALIZADA	SAN MARTIN	AV GENERAL SAN MARTIN	""	""	EM FRENTE AO NOVO ATACAREJO	SAN MARTIN	""	""	COLISÃO LATERAL	1,0	1,0	0,0	0,0	0,0	0,0	0,0	0,0	0,0	1,0	0,0	Outros	Bom	Sem defeito	Perfeito estado	Seca	Perfeito estado	Outros	R-5a	""	Dupla	Não existe	""	""
2393	202228289,0	2022-11-28T00:00:00	""	COM VÍTIMA	FINALIZADA	VASCO DA GAMA	RUA VASCO DA GAMA	667,0	""	EM FRENTE AO SUPERMERCADO PERNAMBUCANO	VASCO DA GAMA	""	SUBURBIO	COLISÃO FRONTAL	0,0	2,0	0,0	0,0	0,0	0,0	0,0	0,0	0,0	1,0	0,0	Longo da via	Bom	Não existe	Perfeito estado	Seca	Perfeito estado	Não existe	R-6a	30 km/h	Dupla	Faixa seccionada	""	""
2394	202228311,0	2022-11-28T00:00:00	""	COM VÍTIMA	FINALIZADA	CASA FORTE	AV DEZESSETE DE AGOSTO	""	""	EM FRENTE A PRAÇA DE CASA FORTE	CASA FORTE	""	SUBURBIO	COLISÃO FRONTAL	2,0	0,0	0,0	0,0	0,0	0,0	0,0	0,0	0,0	2,0	0,0	Longo da via	Bom	Não existe	Perfeito estado	Seca	Perfeito estado	Não existe	Não há placas	""	Dupla	Faixa contínua	""	""
2395	202228313,0	2022-11-28T00:00:00	""	SEM VÍTIMA	FINALIZADA	CASA AMARELA	AV NORTE MIGUEL ARRAES DE ALENCAR	4913,0	""	""	CASA AMARELA	""	SUBURBIO	COLISÃO TRASEIRA	2,0	0,0	0,0	0,0	0,0	0,0	0,0	0,0	0,0	0,0	0,0	Longo da via	Bom	Não existe	Perfeito estado	Seca	Perfeito estado	Não existe	Não há placas	""	Dupla	Faixa seccionada	""	""
2396	202228316,0	2022-11-28T00:00:00	""	COM VÍTIMA	FINALIZADA	APIPUCOS	RUA DE APIPUCOS	261,0	""	AÇUDE DE APIPUCOS	APIPUCOS	""	""	COLISÃO TRASEIRA	1,0	1,0	0,0	0,0	0,0	0,0	0,0	0,0	0,0	2,0	0,0	Longo da via	Bom	Não existe	Perfeito estado	Seca	Perfeito estado	Não existe	Não há placas	""	Dupla	Faixa contínua	""	""
2397	202228335,0	2022-11-29T00:00:00	""	COM VÍTIMA	FINALIZADA	IPUTINGA	AV CAXANGA	""	""	EM FRENTE AO GOLF CLUB SENT. CIDADE	IPUTINGA	""	""	COLISÃO TRASEIRA	1,0	1,0	0,0	0,0	0,0	0,0	0,0	0,0	0,0	1,0	0,0	""	""	""	""	""	""	""	""	""	""	""	""	""
2398	202228337,0	2022-11-29T00:00:00	""	COM VÍTIMA	FINALIZADA	VÁRZEA	RUA ACADEMICO HELIO RAMOS	238,0	""	PROX. AO RESTAURANTE CEU DA BOCA	VÁRZEA	""	""	COLISÃO LATERAL	1,0	1,0	0,0	0,0	0,0	0,0	0,0	0,0	0,0	1,0	0,0	""	""	""	""	""	""	""	""	""	""	""	""	""
2399	202228343,0	2022-11-29T00:00:00	""	COM VÍTIMA	FINALIZADA	ESPINHEIRO	RUA CONS PORTELA	1716,0	AV JOAO DE BARROS	POR TRÁS DO BANCO ITAÚ	ESPINHEIRO	""	""	COLISÃO TRASEIRA	1,0	1,0	0,0	0,0	0,0	0,0	0,0	0,0	0,0	1,0	0,0	""	""	""	""	""	""	""	""	""	""	""	""	""
2400	202228351,0	2022-11-29T00:00:00	""	COM VÍTIMA	FINALIZADA	ESPINHEIRO	RUA CONS PORTELA	""	AV JOAO DE BARROS	AV JOÃO DE BARROS	ESPINHEIRO	""	""	COLISÃO LATERAL	1,0	2,0	0,0	0,0	0,0	0,0	0,0	0,0	0,0	2,0	0,0	""	""	""	""	""	""	""	""	""	""	""	""	""
2401	202228356,0	2022-11-29T00:00:00	""	COM VÍTIMA	FINALIZADA	SANTO AMARO	RUA DOS PALMARES	""	""	EM FRENTE A POLICLINICA VALDEMAR DE OLIVEIRA	SANTO AMARO	""	""	COLISÃO LATERAL	1,0	1,0	0,0	0,0	0,0	0,0	0,0	0,0	0,0	1,0	0,0	""	""	""	""	""	""	""	""	""	""	""	""	""
2402	202228373,0	2022-11-29T00:00:00	""	COM VÍTIMA	FINALIZADA	PINA	AV ANTONIO DE GOES	742,0	""	EM FRENTE AO EMPRESARIAL JOPIN	PINA	""	""	COLISÃO TRASEIRA	1,0	1,0	0,0	0,0	0,0	0,0	0,0	0,0	0,0	1,0	0,0	""	""	""	""	""	""	""	""	""	""	""	""	""
2403	202228376,0	2022-11-29T00:00:00	""	COM VÍTIMA	FINALIZADA	CORDEIRO	AV CAXANGA	1777,0	""	RANCHO ALEGRE PRODUTOS AGROPECUÁRIO	CORDEIRO	""	""	ATROPELAMENTO DE PESSOA	0,0	1,0	0,0	0,0	1,0	0,0	0,0	0,0	0,0	1,0	0,0	""	""	""	""	""	""	""	""	""	""	""	""	""
2404	202228387,0	2022-11-29T00:00:00	""	COM VÍTIMA	FINALIZADA	IPUTINGA	EST DO BARBALHO	""	""	E/F  AUTO ESCOLA CEFOC PROX AO DETRAN	IPUTINGA	""	""	COLISÃO FRONTAL	0,0	0,0	1,0	0,0	0,0	1,0	0,0	0,0	0,0	1,0	0,0	""	""	""	""	""	""	""	""	""	""	""	""	""
2405	202228390,0	2022-11-29T00:00:00	""	COM VÍTIMA	FINALIZADA	IPSEP	AV RECIFE	""	""	E/F AO SUPERMERCADO ECONOMICO	IPSEP	""	CIDADE	COLISÃO FRONTAL	0,0	2,0	0,0	0,0	0,0	0,0	0,0	0,0	0,0	2,0	0,0	""	""	""	""	""	""	""	""	""	""	""	""	""
2406	202228391,0	2022-11-29T00:00:00	""	COM VÍTIMA	FINALIZADA	SÃO JOSÉ	AV SUL	""	""	PROXIMO A SAIDA DA ROCAN	SÃO JOSÉ	""	""	COLISÃO LATERAL	0,0	2,0	0,0	0,0	0,0	0,0	0,0	0,0	0,0	1,0	0,0	""	""	""	""	""	""	""	""	""	""	""	""	""
2407	202228406,0	2022-11-29T00:00:00	""	COM VÍTIMA	FINALIZADA	IPUTINGA	AV MARECHAL CORDEIRO DE FARIAS	""	""	NA RUA DO MUSEU DA MOEDA	IPUTINGA	""	""	COLISÃO LATERAL	1,0	1,0	0,0	0,0	0,0	0,0	0,0	0,0	0,0	1,0	0,0	""	""	""	""	""	""	""	""	""	""	""	""	""
2408	202228414,0	2022-11-30T00:00:00	""	COM VÍTIMA	FINALIZADA	SANTO AMARO	AV JOAO DE BARROS	860,0	""	PRÓXIMO AO VIADUTO	SANTO AMARO	""	""	COLISÃO TRASEIRA	1,0	0,0	0,0	0,0	0,0	1,0	0,0	0,0	0,0	1,0	0,0	""	""	""	""	""	""	""	""	""	""	""	""	""
2409	202228416,0	2022-11-30T00:00:00	""	SEM VÍTIMA	FINALIZADA	CASA AMARELA	AV NORTE MIGUEL ARRAES DE ALENCAR	5280,0	""	APÓS O SEMÁFORO 312 SENTIDO CIDADE / SUBÚRBIO	CASA AMARELA	312,0	CIDADE	CHOQUE	0,0	0,0	0,0	0,0	0,0	0,0	0,0	1,0	0,0	0,0	0,0	Longo da via	Nublado	Sem defeito	Perfeito estado	Seca	Perfeito estado	Faixa de pedestre	Outras	""	Dupla	Canteiro central	""	""
2410	202228419,0	2022-11-30T00:00:00	""	COM VÍTIMA	FINALIZADA	IMBIRIBEIRA	AV MARECHAL MASCARENHAS DE MORAES	4555,0	""	PRÓX. À CONCESSIONÁRIA TOYOLEX	IMBIRIBEIRA	""	""	COLISÃO TRASEIRA	1,0	1,0	0,0	0,0	0,0	0,0	0,0	0,0	0,0	1,0	0,0	""	""	""	""	""	""	""	""	""	""	""	""	""
2411	202228436,0	2022-11-30T00:00:00	""	SEM VÍTIMA	FINALIZADA	MADALENA	AV CAXANGA	""	""	PRÓXIMO A FARMÁCIA PAGUE MENOS , LADO OPOSTO 166	MADALENA	""	CIDADE	COLISÃO TRASEIRA	1,0	0,0	0,0	0,0	0,0	0,0	0,0	1,0	0,0	0,0	0,0	Longo da via	Chuvoso	Não existe	Perfeito estado	Molhada	Perfeito estado	Não existe	Não há placas	60 km/h	Única	Faixa seccionada	""	""
2412	202228437,0	2022-11-30T00:00:00	""	SEM VÍTIMA	FINALIZADA	MADALENA	AV CAXANGA	172,0	""	NO ESTACIONAMENTO DA FARMÁCIA PAGUE MENOS	MADALENA	""	CIDADE	CHOQUE	1,0	0,0	0,0	0,0	0,0	0,0	0,0	1,0	0,0	0,0	0,0	Outros	Chuvoso	Não existe	Não existente	Molhada	Perfeito estado	Não existe	Não há placas	60 km/h	Única	Canteiro central	""	""
2413	202228450,0	2022-11-30T00:00:00	""	COM VÍTIMA	FINALIZADA	BRASÍLIA TEIMOSA	RUA ATUM	118,0	""	DESCIDA DO VIADUTO, SENTIDO CIDADE	BRASÍLIA TEIMOSA	""	""	QUEDA	0,0	1,0	0,0	0,0	0,0	0,0	0,0	0,0	0,0	1,0	0,0	""	""	""	""	""	""	""	""	""	""	""	""	""
2414	202228475,0	2022-11-30T00:00:00	""	COM VÍTIMA	FINALIZADA	IBURA	AV CHAPADA DO ARARIPE	""	""	ESCOLA MUNICIPAL MONTE VERDE	IBURA	""	""	COLISÃO FRONTAL	0,0	2,0	0,0	0,0	0,0	0,0	0,0	0,0	0,0	1,0	0,0	""	""	""	""	""	""	""	""	""	""	""	""	""
2415	202228535,0	2022-12-01T00:00:00	""	COM VÍTIMA	FINALIZADA	AREIAS	AV RECIFE	3415,0	""	PRÓXIMO AO SUPERMECADO MAX	AREIAS	""	""	COLISÃO LATERAL	0,0	1,0	0,0	0,0	0,0	0,0	1,0	0,0	0,0	1,0	0,0	Longo da via	Bom	Não existe	Perfeito estado	Seca	Perfeito estado	Não existe	Não há placas	""	Dupla	Não existe	""	""
2416	202228549,0	2022-12-01T00:00:00	""	COM VÍTIMA	FINALIZADA	AFOGADOS	RUA SAO MIGUEL	""	""	EM FRENTE AO BODE DO NO	AFOGADOS	392,0	""	ATROPELAMENTO DE PESSOA	0,0	0,0	0,0	0,0	1,0	1,0	0,0	0,0	0,0	1,0	0,0	Longo da via	Bom	Sem defeito	Incompleta	Seca	Perfeito estado	Não existe	Não há placas	""	Dupla	Não existe	""	""
2417	202228572,0	2022-12-01T00:00:00	""	COM VÍTIMA	FINALIZADA	APIPUCOS	RUA DOIS IRMAOS	92,0	""	EM FRENTE A FUNDAÇÃO JOAQUM NABUCO	APIPUCOS	""	SUBURBIO	COLISÃO LATERAL	1,0	1,0	0,0	0,0	0,0	0,0	0,0	0,0	0,0	1,0	0,0	Longo da via	Bom	Não existe	Perfeito estado	Seca	Perfeito estado	Não existe	Não há placas	""	Dupla	Faixa contínua	""	""
2418	202228573,0	2022-12-01T00:00:00	""	SEM VÍTIMA	FINALIZADA	SANTO AMARO	AV GOVERNADOR AGAMENON MAGALHAES	2615,0	AV JOAO DE BARROS	AO LADO DO EMPRESARIAL BURLE MARX	SANTO AMARO	""	CIDADE	CHOQUE	0,0	0,0	0,0	0,0	0,0	0,0	1,0	0,0	1,0	0,0	0,0	Cruzamento	Bom	Não existe	Perfeito estado	Seca	Perfeito estado	Não existe	"Placas ""Dê a preferência"""	""	Única	Canteiro central	""	""
2419	202228582,0	2022-12-02T00:00:00	""	COM VÍTIMA	FINALIZADA	BOA VIAGEM	AV ENGENHEIRO DOMINGOS FERREIRA	3436,0	RUA PADRE CARAPUCEIRO	IGREJA UNIVERSAL	BOA VIAGEM	216,0	SUBURBIO	COLISÃO TRANSVERSAL	1,0	1,0	0,0	0,0	0,0	0,0	0,0	0,0	0,0	2,0	0,0	Cruzamento	Bom	Sem defeito	Perfeito estado	Seca	Perfeito estado	""	Outras	40 km/h	Única	Canteiro central	""	""
2420	202228600,0	2022-12-02T00:00:00	""	COM VÍTIMA	FINALIZADA	BEBERIBE	PRC DA CONVENCAO	""	RUA COMPOSITOR VINICIUS DE MORAIS	SUPERMERCADO TEM	BEBERIBE	""	""	COLISÃO LATERAL	1,0	1,0	0,0	0,0	0,0	0,0	0,0	0,0	0,0	1,0	0,0	Cruzamento	Bom	Não existe	Incompleta	Seca	Mal conservada	Não existe	Outras	""	Dupla	Canteiro central	""	""
2421	202228602,0	2022-12-02T00:00:00	""	COM VÍTIMA	FINALIZADA	SAN MARTIN	RUA VINTE E UM DE ABRIL	1877,0	RUA BOM JARDIM	PROX A IGREJA ASSEMBLEIA DE DEUS	SAN MARTIN	""	SUBURBIO	COLISÃO LATERAL	1,0	1,0	0,0	0,0	0,0	0,0	0,0	0,0	0,0	2,0	0,0	Longo da via	Bom	Não existe	""	Seca	""	Não existe	"Placas ""Pare"""	40 km/h	Dupla	Faixa seccionada	""	""
2422	202228637,0	2022-12-02T00:00:00	""	SEM VÍTIMA	FINALIZADA	BOA VIAGEM	AV CONSELHEIRO AGUIAR	""	RUA RIBEIRO DE BRITO	ED. ROLIDAY	BOA VIAGEM	147,0	CIDADE	""	1,0	0,0	0,0	0,0	0,0	1,0	0,0	0,0	0,0	0,0	0,0	Cruzamento	Bom	Sem defeito	Perfeito estado	Seca	Perfeito estado	Faixa de pedestre	Outras	60 km/h	Única	Não existe	""	""
2423	202228655,0	2022-12-02T00:00:00	""	COM VÍTIMA	FINALIZADA	TORRE	RUA JOSE BONIFACIO	1315,0	""	NO ESTAC. DO CARREFOUR	TORRE	""	""	COLISÃO LATERAL	1,0	1,0	0,0	0,0	0,0	0,0	0,0	0,0	0,0	1,0	0,0	Cruzamento	Bom	Não existe	Incompleta	Seca	Perfeito estado	Não existe	""	""	Única	Não existe	""	""
2424	202228675,0	2022-12-02T00:00:00	""	COM VÍTIMA	FINALIZADA	JOANA BEZERRA	VIADUTO CAPITAO TEMUDO	""	""	AO LADO DO FÓRUM JOANA BEZERRA	JOANA BEZERRA	""	CIDADE	COLISÃO TRASEIRA	1,0	1,0	0,0	0,0	0,0	0,0	0,0	0,0	0,0	1,0	0,0	Longo da via	Bom	Não existe	""	Seca	Perfeito estado	Não existe	Não há placas	""	Única	Não existe	""	""
2425	202228689,0	2022-12-02T00:00:00	""	COM VÍTIMA	FINALIZADA	CASA AMARELA	RUA DOIS DE FEVEREIRO	459,0	""	PROX A MERCEARIA DOIS IRMÃOS	CASA AMARELA	""	CIDADE	COLISÃO COM CICLISTA	1,0	0,0	0,0	1,0	0,0	0,0	0,0	0,0	0,0	2,0	0,0	Longo da via	Bom	Não existe	Incompleta	Seca	Mal conservada	Não existe	Não há placas	""	Dupla	Não existe	""	""
2426	202228703,0	2022-12-02T00:00:00	""	COM VÍTIMA	FINALIZADA	VÁRZEA	RUA PROFESSOR ANTONIO COELHO	447,0	RUA MARECHAL MANOEL LUIS OSORIO	PROX AO COLEGIO PONTUAL	VÁRZEA	""	CIDADE	COLISÃO FRONTAL	0,0	1,0	0,0	0,0	0,0	1,0	0,0	0,0	0,0	1,0	0,0	Cruzamento	Bom	Não existe	Perfeito estado	Seca	Perfeito estado	Faixa de pedestre	"Placas ""Pare"""	30 km/h	Dupla	Não existe	""	""
2427	202228710,0	2022-12-02T00:00:00	""	COM VÍTIMA	FINALIZADA	IBURA	AV DOIS RIOS	1289,0	""	CONSELHO TUTELAR	IBURA	""	SUBURBIO	COLISÃO FRONTAL	1,0	1,0	0,0	0,0	0,0	0,0	0,0	0,0	0,0	1,0	0,0	Longo da via	Bom	Não existe	Perfeito estado	Seca	Perfeito estado	Não existe	Não há placas	""	Dupla	Faixa contínua	""	""
2428	202228718,0	2022-12-02T00:00:00	""	COM VÍTIMA	FINALIZADA	SAN MARTIN	AV GENERAL SAN MARTIN	706,0	""	MERCADO IDEAL MIX	SAN MARTIN	""	SUBURBIO	COLISÃO FRONTAL	1,0	1,0	0,0	0,0	0,0	0,0	0,0	0,0	0,0	2,0	0,0	Longo da via	Bom	Não existe	Ilegível	Seca	Perfeito estado	Não existe	Não há placas	60 km/h	Dupla	Não existe	""	""
2429	202228722,0	2022-12-02T00:00:00	""	COM VÍTIMA	FINALIZADA	ÁGUA FRIA	RUA CORONEL URBANO RIBEIRO DE SENA	""	AV BEBERIBE	""	ÁGUA FRIA	307,0	SUBURBIO	COLISÃO FRONTAL	1,0	1,0	0,0	0,0	0,0	0,0	0,0	0,0	0,0	1,0	0,0	Cruzamento	Bom	Sem defeito	Perfeito estado	Seca	Perfeito estado	Não existe	Não há placas	60 km/h	Dupla	Não existe	""	""
2430	202228729,0	2022-12-03T00:00:00	""	COM VÍTIMA	FINALIZADA	CASA FORTE	AV DEZESSETE DE AGOSTO	""	AV FLOR DE SANTANA	EM FRENTE A BURGKING	CASA FORTE	614,0	SUBURBIO	CHOQUE	0,0	0,0	0,0	0,0	0,0	0,0	0,0	1,0	0,0	1,0	0,0	Esquina	Bom	Intermitente	Perfeito estado	Seca	Perfeito estado	Faixa de pedestre	R-6a	""	Dupla	Faixa contínua	""	""
2431	202228747,0	2022-12-03T00:00:00	""	COM VÍTIMA	FINALIZADA	GUABIRABA	AV DA RECUPERACAO	600,0	""	AO LADO DO MOTEL SENZALA	GUABIRABA	""	""	COLISÃO LATERAL	1,0	1,0	0,0	0,0	0,0	0,0	0,0	0,0	0,0	1,0	0,0	Longo da via	Bom	Não existe	Ilegível	Seca	Perfeito estado	Não existe	Não há placas	""	Única	Faixa seccionada	""	""
2432	202228756,0	2022-12-03T00:00:00	""	COM VÍTIMA	FINALIZADA	MADALENA	AV VISCONDE DE ALBUQUERQUE	668,0	""	EM FRENTE AO HOSPITAL D'ÁVILA	MADALENA	413,0	CIDADE	COLISÃO TRANSVERSAL	1,0	1,0	0,0	0,0	0,0	0,0	0,0	0,0	0,0	1,0	0,0	Longo da via	Bom	Não existe	Perfeito estado	Seca	Perfeito estado	Não existe	Outras	""	Única	Faixa seccionada	""	""
2433	202228758,0	2022-12-03T00:00:00	""	COM VÍTIMA	FINALIZADA	AFOGADOS	RUA SANTOS ARAUJO	""	RUA SAO MIGUEL	COLISÃO TRANSVERSAL UM VEICULO EVADIU+SE	AFOGADOS	""	""	COLISÃO TRANSVERSAL	1,0	1,0	0,0	0,0	0,0	0,0	0,0	0,0	0,0	1,0	0,0	""	""	""	""	""	""	""	""	""	""	""	""	""
2434	202228769,0	2022-12-03T00:00:00	""	SEM VÍTIMA	FINALIZADA	COHAB	RUA RIO SANHAUA	50,0	RUA PARANACITI	EM FRENTE AO Nº 50	COHAB	""	SUBURBIO	""	1,0	0,0	0,0	0,0	0,0	0,0	0,0	1,0	0,0	0,0	0,0	Outros	Chuvoso	Não existe	Não existente	Molhada	Perfeito estado	Não existe	Não há placas	""	Dupla	Não existe	""	""
2435	202228781,0	2022-12-03T00:00:00	""	SEM VÍTIMA	CANCELADA	BOA VIAGEM	RUA VISCONDE DE JEQUITINHONHA	860A	""	PROX AO PARQUE DONA LINDU	BOA VIAGEM	""	""	COLISÃO LATERAL	2,0	0,0	0,0	0,0	0,0	0,0	0,0	0,0	0,0	0,0	0,0	""	""	""	""	""	""	""	""	""	""	""	""	""