_id	Protocolo	data	hora	natureza	situacao	bairro	endereco	numero	detalhe_endereco_acidente	complemento	bairro_cruzamento	num_semaforo	sentido_via	tipo	auto	moto	ciclom	ciclista	pedestre	onibus	caminhao	viatura	outros	vitimas	vitimasfatais	acidente_verificado	tempo_clima	situacao_semaforo	sinalizacao	condicao_via	conservacao_via	ponto_controle	situacao_placa	velocidade_max_via	mao_direcao	divisao_via1	divisao_via2	divisao_via3
2436	202228787,0	2022-12-03T00:00:00	""	SEM VÍTIMA	FINALIZADA	BOA VISTA	RUA DO HOSPICIO	""	""	NO SEMÁFORO 032	BOA VISTA	32,0	""	ATROPELAMENTO DE PESSOA	1,0	0,0	0,0	0,0	1,0	0,0	0,0	0,0	0,0	0,0	0,0	Cruzamento	Bom	Sem defeito	Perfeito estado	Seca	Perfeito estado	Faixa de pedestre	R-6a	""	Dupla	Faixa seccionada	""	""
2437	202228807,0	2022-12-03T00:00:00	""	COM VÍTIMA	FINALIZADA	CAXANGÁ	AV CAXANGA	""	""	EM FRENTE AO GOLF CLUBE	CAXANGÁ	""	SUBURBIO	COLISÃO LATERAL	1,0	1,0	0,0	0,0	0,0	0,0	0,0	0,0	0,0	2,0	0,0	Longo da via	Bom	Sem defeito	Perfeito estado	Seca	Perfeito estado	Não existe	Não há placas	60 km/h	Única	Faixa seccionada	""	""
2438	202228813,0	2022-12-03T00:00:00	""	COM VÍTIMA	FINALIZADA	MUSTARDINHA	AV MANOEL GONCALVES DA LUZ	396,0	""	LANCHONETE BOCA LOCA	MUSTARDINHA	""	""	COLISÃO COM CICLISTA	0,0	0,0	0,0	1,0	0,0	1,0	0,0	0,0	0,0	1,0	0,0	Cruzamento	Bom	Não existe	Incompleta	Seca	Perfeito estado	Não existe	"Placas ""Pare"""	30 km/h	Dupla	Faixa seccionada	""	""
2439	202228814,0	2022-12-03T00:00:00	""	COM VÍTIMA	CANCELADA	CASA FORTE	RUA JAYME LOYO	""	""	AO LADO DA DROGARIA BRASIL	CASA FORTE	""	""	COLISÃO LATERAL	2,0	0,0	0,0	1,0	0,0	0,0	0,0	0,0	0,0	1,0	0,0	""	""	""	""	""	""	""	""	""	""	""	""	""
2440	202228822,0	2022-12-04T00:00:00	""	COM VÍTIMA	FINALIZADA	BOA VIAGEM	AV CONSELHEIRO AGUIAR	""	RUA PADRE CARAPUCEIRO	PROX.  VERDE FRUT	BOA VIAGEM	""	""	COLISÃO LATERAL	1,0	1,0	0,0	0,0	0,0	0,0	0,0	0,0	0,0	1,0	0,0	Cruzamento	Chuvoso	Sem defeito	Perfeito estado	Molhada	Perfeito estado	Faixa de pedestre	""	""	Única	Faixa seccionada	""	""
2441	202228866,0	2022-12-04T00:00:00	""	COM VÍTIMA	FINALIZADA	TOTÓ	AV LIBERDADE	811,0	""	E/F  ANTIGA CASA DO BREGA	TOTÓ	""	""	COLISÃO LATERAL	1,0	1,0	0,0	0,0	0,0	0,0	0,0	0,0	0,0	1,0	0,0	Longo da via	Bom	Não existe	Não existente	Seca	Perfeito estado	Não existe	"Placas ""Dê a preferência"""	40 km/h	Dupla	Não existe	""	""
2442	202228895,0	2022-12-04T00:00:00	""	COM VÍTIMA	FINALIZADA	MADALENA	EST DOS REMEDIOS	""	""	POLICLÍNICA LESSA DE ANDRADE	MADALENA	""	""	COLISÃO LATERAL	0,0	0,0	0,0	0,0	0,0	0,0	0,0	0,0	0,0	1,0	0,0	Cruzamento	Bom	Sem defeito	Perfeito estado	Seca	Perfeito estado	Outros	R-24a	""	Única	Faixa seccionada	""	""
2443	202228896,0	2022-12-04T00:00:00	""	COM VÍTIMA	FINALIZADA	VÁRZEA	RUA ESCRITOR JOAQUIM NOBERTO	""	""	NO COSME DAMIAO  UR7  PROX A  PONTE  DA ARENA	VÁRZEA	""	""	ATROPELAMENTO DE PESSOA	1,0	0,0	0,0	0,0	1,0	0,0	0,0	0,0	0,0	1,0	0,0	Cruzamento	Bom	Não existe	Não existente	Seca	Mal conservada	Não existe	Não há placas	30 km/h	Única	Não existe	""	""
2444	202228903,0	2022-12-04T00:00:00	""	VÍTIMA FATAL	FINALIZADA	IMBIRIBEIRA	AV MARECHAL MASCARENHAS DE MORAES	6997,0	""	ANTES DO TÚNEL FELIPE CAMARÃO	IMBIRIBEIRA	""	CIDADE	COLISÃO TRASEIRA	0,0	2,0	0,0	0,0	0,0	0,0	0,0	0,0	0,0	1,0	1,0	Longo da via	Bom	Não existe	Perfeito estado	Seca	Perfeito estado	Não existe	Outras	""	Dupla	Faixa seccionada	Canteiro central	""
2445	202228905,0	2022-12-04T00:00:00	""	SEM VÍTIMA	FINALIZADA	BOA VIAGEM	RUA VISCONDE DE JEQUITINHONHA	""	RUA BALTAZAR PASSOS	SOB O SEMÁFORO Nº 154	BOA VIAGEM	154,0	SUBURBIO	COLISÃO TRANSVERSAL	2,0	0,0	0,0	0,0	0,0	0,0	0,0	0,0	0,0	0,0	0,0	Cruzamento	Bom	Sem defeito	Perfeito estado	Seca	Perfeito estado	Faixa de pedestre	Outras	""	Única	Canal	""	""
2446	202228913,0	2022-12-04T00:00:00	""	SEM VÍTIMA	FINALIZADA	BOA VIAGEM	RUA PADRE CARAPUCEIRO	""	AV FERNANDO SIMOES BARBOSA	SOB O SEMÁFORO Nº 321	BOA VIAGEM	321,0	SUBURBIO	COLISÃO TRANSVERSAL	2,0	0,0	0,0	0,0	0,0	0,0	0,0	0,0	0,0	0,0	0,0	Cruzamento	Chuvoso	Sem defeito	Perfeito estado	Molhada	Perfeito estado	Faixa de pedestre	Outras	""	Dupla	Canal	""	""
2447	202228944,0	2022-12-05T00:00:00	""	COM VÍTIMA	FINALIZADA	JARDIM SÃO PAULO	AV RECIFE	5704,0	""	BARATÃO DAS EMBALAGENS	JARDIM SÃO PAULO	""	""	COLISÃO TRASEIRA	1,0	1,0	0,0	0,0	0,0	0,0	0,0	0,0	0,0	2,0	0,0	Longo da via	Chuvoso	Sem defeito	Perfeito estado	Molhada	Perfeito estado	Não existe	Não há placas	""	Única	Faixa seccionada	""	""
2448	202228950,0	2022-12-05T00:00:00	""	SEM VÍTIMA	FINALIZADA	TORRE	RUA JOSE BONIFACIO	""	""	AO LADO DO CARREFOUR	TORRE	""	CIDADE	COLISÃO TRASEIRA	1,0	1,0	0,0	0,0	0,0	0,0	0,0	0,0	0,0	0,0	0,0	Ponte	Chuvoso	Não existe	Perfeito estado	Molhada	Perfeito estado	Não existe	""	""	Dupla	Canteiro central	""	""
2449	202228961,0	2022-12-05T00:00:00	""	COM VÍTIMA	FINALIZADA	SAN MARTIN	RUA APULCRO DE ASSUNCAO	17,0	RUA DELMIRO GOUVEIA	CAVALARIA	SAN MARTIN	""	CIDADE	COLISÃO LATERAL	1,0	1,0	0,0	0,0	0,0	0,0	0,0	0,0	0,0	1,0	0,0	Esquina	Bom	Não existe	Incompleta	Seca	Perfeito estado	Não existe	Não há placas	""	Dupla	Não existe	""	""
2450	202228989,0	2022-12-05T00:00:00	""	COM VÍTIMA	FINALIZADA	JARDIM SÃO PAULO	AV RECIFE	3943,0	RUA LAURA BANDEIRA DE MELLO	SEMÁFORO 705	JARDIM SÃO PAULO	705,0	""	COLISÃO TRASEIRA	1,0	1,0	0,0	0,0	0,0	0,0	0,0	0,0	0,0	2,0	0,0	Esquina	Chuvoso	Sem defeito	Perfeito estado	Molhada	Perfeito estado	Faixa de pedestre	Outras	""	Dupla	Canteiro central	""	""
2451	202228991,0	2022-12-05T00:00:00	""	COM VÍTIMA	CANCELADA	SANTO AMARO	AV GOVERNADOR AGAMENON MAGALHAES	""	""	GEEP / UPE	SANTO AMARO	""	""	COLISÃO TRASEIRA	1,0	1,0	0,0	0,0	0,0	0,0	0,0	0,0	0,0	1,0	0,0	""	""	""	""	""	""	""	""	""	""	""	""	""
2452	202228996,0	2022-12-05T00:00:00	""	SEM VÍTIMA	FINALIZADA	BARRO	AV DR JOSE RUFINO	2442,0	""	APOS A IGREJA DO BARRO	BARRO	""	""	COLISÃO LATERAL	1,0	0,0	0,0	0,0	0,0	0,0	1,0	0,0	0,0	0,0	0,0	""	""	""	""	""	""	""	""	""	""	""	""	""
2453	202228997,0	2022-12-05T00:00:00	""	SEM VÍTIMA	FINALIZADA	CABANGA	AV SUL	""	""	SEMÁFORO 260	CABANGA	""	CIDADE	COLISÃO TRASEIRA	2,0	0,0	0,0	0,0	0,0	0,0	0,0	0,0	0,0	0,0	0,0	Longo da via	Chuvoso	Sem defeito	Perfeito estado	Molhada	Perfeito estado	Não existe	Outras	""	Dupla	Canteiro central	""	""
2454	202229010,0	2022-12-05T00:00:00	""	COM VÍTIMA	FINALIZADA	CAXANGÁ	AV CAXANGA	1657,0	AV GENERAL SAN MARTIN	PROXIMO TERMINAL INTEGRADO DA CAXANGÁ 3	CAXANGÁ	80,0	CIDADE	COLISÃO LATERAL	1,0	1,0	0,0	0,0	0,0	0,0	0,0	0,0	0,0	1,0	0,0	Cruzamento	Chuvoso	Sem defeito	Perfeito estado	Molhada	Perfeito estado	Não existe	Não há placas	""	Única	Faixa seccionada	""	""
2455	202229016,0	2022-12-05T00:00:00	""	SEM VÍTIMA	FINALIZADA	IPUTINGA	AV CAXANGA	""	""	NO SEMÁFORO 229	IPUTINGA	229,0	SUBURBIO	COLISÃO LATERAL	1,0	0,0	0,0	0,0	0,0	0,0	0,0	1,0	0,0	0,0	0,0	""	""	""	""	""	""	""	""	""	""	""	""	""
2456	202229050,0	2022-12-06T00:00:00	""	COM VÍTIMA	FINALIZADA	ÁGUA FRIA	AV BEBERIBE	2018,0	""	EM FRENTE A MILENA MÓVEIS	ÁGUA FRIA	405,0	""	COLISÃO LATERAL	1,0	1,0	0,0	0,0	0,0	0,0	0,0	0,0	0,0	1,0	0,0	Longo da via	Bom	""	Perfeito estado	Seca	Perfeito estado	Faixa de pedestre	R-6a	""	Única	Não existe	""	""
2457	202229110,0	2022-12-06T00:00:00	""	COM VÍTIMA	FINALIZADA	ESTÂNCIA	AV DR JOSE RUFINO	535,0	""	PROXIMO COLEGIO INDEPENDENCIA	ESTÂNCIA	""	""	COLISÃO LATERAL	1,0	1,0	0,0	0,0	0,0	0,0	0,0	0,0	0,0	1,0	0,0	Cruzamento	Bom	Não existe	Incompleta	Seca	Perfeito estado	Não existe	R-6a	60 km/h	Dupla	Não existe	""	""
2458	202229118,0	2022-12-06T00:00:00	""	COM VÍTIMA	CANCELADA	JOANA BEZERRA	VIADUTO CAPITAO TEMUDO	""	""	EM CIMA DA VIADUTO/ SENTIDO BOA VIAGEM	JOANA BEZERRA	""	""	COLISÃO TRASEIRA	2,0	0,0	0,0	0,0	0,0	0,0	0,0	0,0	0,0	1,0	0,0	""	""	""	""	""	""	""	""	""	""	""	""	""
2459	202229139,0	2022-12-06T00:00:00	""	COM VÍTIMA	FINALIZADA	IMBIRIBEIRA	RUA ARQUITETO LUIZ NUNES	500,0	""	APOS O ASSAI   NA SEGUNDA LOMBADA ELETRONICA	IMBIRIBEIRA	""	""	COLISÃO TRASEIRA	1,0	1,0	0,0	0,0	0,0	0,0	0,0	0,0	0,0	1,0	0,0	Longo da via	Bom	Sem defeito	Perfeito estado	Seca	Perfeito estado	Faixa de pedestre	Não há placas	40 km/h	Dupla	Faixa contínua	""	""
2460	202229145,0	2022-12-06T00:00:00	""	COM VÍTIMA	FINALIZADA	BOA VIAGEM	RUA CAMBOIM	293,0	RUA DEZ DE JULHO	MAIZON CRISTAL	BOA VIAGEM	""	""	COLISÃO FRONTAL	1,0	1,0	0,0	0,0	0,0	0,0	0,0	0,0	0,0	1,0	0,0	Cruzamento	Bom	Não existe	Perfeito estado	Seca	Perfeito estado	Faixa de pedestre	"Placas ""Pare"""	""	Única	""	""	""
2461	202229147,0	2022-12-06T00:00:00	""	COM VÍTIMA	FINALIZADA	BOA VIAGEM	RUA RIBEIRO DE BRITO	""	""	PRÓXIMO A FACULDADE UNINASSAU SENTIDO AVENIDA RECIFE	BOA VIAGEM	""	""	QUEDA	0,0	1,0	0,0	0,0	0,0	0,0	0,0	0,0	0,0	1,0	0,0	Longo da via	Bom	Sem defeito	Perfeito estado	Seca	Perfeito estado	Faixa de pedestre	R-6a	""	Única	Faixa seccionada	""	""
2462	202229179,0	2022-12-07T00:00:00	""	COM VÍTIMA	FINALIZADA	AREIAS	AV RECIFE	5606,0	""	AO LADO DO CERPE, SENT. BR	AREIAS	""	""	COLISÃO TRASEIRA	2,0	1,0	0,0	0,0	0,0	0,0	0,0	0,0	0,0	1,0	0,0	Longo da via	Bom	Não existe	Perfeito estado	Seca	Perfeito estado	Não existe	Não há placas	""	Única	Faixa contínua	""	""
2463	202229186,0	2022-12-07T00:00:00	""	COM VÍTIMA	FINALIZADA	PARNAMIRIM	RUA FERREIRA LOPES	200,0	""	RUA DO BANCO DO BRASIL	PARNAMIRIM	""	""	COLISÃO FRONTAL	1,0	1,0	0,0	0,0	0,0	0,0	0,0	0,0	0,0	1,0	0,0	Esquina	Bom	Não existe	Perfeito estado	Seca	Perfeito estado	Faixa de retenção	Outras	""	Dupla	Faixa seccionada	""	""
2464	202229188,0	2022-12-07T00:00:00	""	COM VÍTIMA	FINALIZADA	BOA VIAGEM	RUA CAMBOIM	""	RUA COPACABANA	PRÓX. AO SINDICATO DOS AEROVIÁRIOS	BOA VIAGEM	""	""	COLISÃO LATERAL	1,0	1,0	0,0	0,0	0,0	0,0	0,0	0,0	0,0	1,0	0,0	Cruzamento	Bom	Não existe	Perfeito estado	Seca	Perfeito estado	Não existe	"Placas ""Pare"""	30 km/h	Dupla	Faixa seccionada	""	""
2465	202229200,0	2022-12-07T00:00:00	""	SEM VÍTIMA	FINALIZADA	BOA VIAGEM	RUA JOSE MARIA DE MIRANDA	318,0	""	BAR DO PAULINHO	BOA VIAGEM	""	CIDADE	COLISÃO LATERAL	1,0	0,0	0,0	0,0	0,0	0,0	0,0	1,0	0,0	0,0	0,0	Longo da via	Bom	Sem defeito	Perfeito estado	Seca	Perfeito estado	Faixa de pedestre	Não há placas	""	Única	Não existe	""	""
2466	202229223,0	2022-12-07T00:00:00	""	COM VÍTIMA	FINALIZADA	TEJIPIÓ	AV DR JOSE RUFINO	2930,0	""	PROX AO COND MIRANTE DO RECIFE	TEJIPIÓ	""	""	COLISÃO COM CICLISTA	1,0	0,0	0,0	1,0	0,0	0,0	0,0	0,0	0,0	1,0	0,0	Cruzamento	Bom	Não existe	Não existente	Seca	Perfeito estado	Não existe	Não há placas	""	Dupla	Não existe	""	""
2467	202229232,0	2022-12-07T00:00:00	""	COM VÍTIMA	FINALIZADA	BOA VIAGEM	AV CONSELHEIRO AGUIAR	4264,0	""	EM FRENTE AO HABIBES	BOA VIAGEM	""	""	COLISÃO LATERAL	0,0	1,0	0,0	0,0	0,0	1,0	0,0	0,0	0,0	1,0	0,0	Cruzamento	Bom	Sem defeito	Perfeito estado	Seca	Perfeito estado	Faixa de pedestre	R-6a	""	Única	Faixa seccionada	""	""
2468	202229242,0	2022-12-07T00:00:00	""	COM VÍTIMA	FINALIZADA	CASA AMARELA	AV PEDRO ALLAIN	""	""	NA RUA DA RETIFICA PADRAO   S/T  SUB	CASA AMARELA	""	""	COLISÃO COM CICLISTA	1,0	0,0	0,0	1,0	0,0	0,0	0,0	0,0	0,0	1,0	0,0	Longo da via	Bom	Não existe	Incompleta	Seca	Perfeito estado	Não existe	Outras	30 km/h	Única	Não existe	""	""
2469	202229244,0	2022-12-07T00:00:00	""	COM VÍTIMA	CANCELADA	SANTO ANTÔNIO	AV DANTAS BARRETO	""	PRC DA REPUBLICA	""	SANTO ANTÔNIO	""	""	COLISÃO LATERAL	0,0	0,0	0,0	0,0	0,0	0,0	0,0	0,0	0,0	1,0	0,0	""	""	""	""	""	""	""	""	""	""	""	""	""
2470	202229247,0	2022-12-07T00:00:00	""	COM VÍTIMA	FINALIZADA	CAMPO GRANDE	EST DE BELEM	425,0	""	AO LADO DA SECRETARIA DA FAZENDA	CAMPO GRANDE	""	""	COLISÃO LATERAL	0,0	1,0	0,0	0,0	0,0	1,0	0,0	0,0	0,0	1,0	0,0	Longo da via	Bom	Não existe	Perfeito estado	Seca	Perfeito estado	Não existe	Não há placas	""	Dupla	Faixa contínua	Faixa seccionada	""
2471	202229253,0	2022-12-07T00:00:00	""	COM VÍTIMA	FINALIZADA	IBURA	RUA RIO XINGU	115,0	AV DOIS RIOS	""	IBURA	""	""	ATROPELAMENTO DE PESSOA	0,0	1,0	0,0	0,0	1,0	0,0	0,0	0,0	0,0	1,0	0,0	Longo da via	Bom	Não existe	Não existente	Seca	Mal conservada	Não existe	Não há placas	""	Dupla	Não existe	""	""
2472	202229254,0	2022-12-07T00:00:00	""	COM VÍTIMA	FINALIZADA	CAXANGÁ	AV CAXANGA	2271,0	""	EM FRENTE A LOJA AMERICANAS	CAXANGÁ	""	CIDADE	COLISÃO FRONTAL	0,0	2,0	0,0	0,0	0,0	0,0	0,0	0,0	0,0	1,0	0,0	Cruzamento	Bom	Sem defeito	Perfeito estado	Seca	Perfeito estado	Faixa de pedestre	Outras	""	Dupla	""	""	""
2473	202229255,0	2022-12-07T00:00:00	""	COM VÍTIMA	FINALIZADA	IMBIRIBEIRA	AV MARECHAL MASCARENHAS DE MORAES	""	""	EM FRENTE A CAIXA ECONOMICA / AO LADO DO AEROPORTO	IMBIRIBEIRA	""	CIDADE	ATROPELAMENTO DE PESSOA	0,0	1,0	0,0	0,0	0,0	0,0	0,0	0,0	0,0	2,0	0,0	Longo da via	Bom	""	Perfeito estado	Seca	Perfeito estado	Não existe	R-19	60 km/h	Dupla	Canteiro central	""	""
2474	202229294,0	2022-12-08T00:00:00	""	SEM VÍTIMA	FINALIZADA	SÃO JOSÉ	AV SUL	""	RUA LOURENCO DA SILVA	NO SENTIDO SUBÚRBIO / CIDADE .  LOGO APÓS O VIADUTO PAPA JOÃO  PAULO II.   INFORMAÇÃO REPASSADA PELO MUINÍCIPE	SÃO JOSÉ	""	CIDADE	ATROPELAMENTO DE ANIMAL	0,0	0,0	0,0	0,0	0,0	0,0	0,0	0,0	0,0	0,0	0,0	""	""	""	""	""	""	""	""	""	""	""	""	""
2475	202229301,0	2022-12-08T00:00:00	""	COM VÍTIMA	FINALIZADA	SANCHO	AV LIBERDADE	135,0	""	EM FRENTE À VIDRAÇARIA SÃO PAULO	SANCHO	""	""	COLISÃO FRONTAL	1,0	1,0	0,0	0,0	0,0	0,0	0,0	0,0	0,0	1,0	0,0	Cruzamento	Bom	Não existe	Incompleta	Seca	Mal conservada	Não existe	R-6a	40 km/h	Dupla	Não existe	""	""
2476	202229306,0	2022-12-08T00:00:00	""	COM VÍTIMA	FINALIZADA	SÃO JOSÉ	RUA IMPERIAL	1898,0	""	""	SÃO JOSÉ	""	""	COLISÃO LATERAL	1,0	1,0	0,0	0,0	0,0	0,0	0,0	0,0	0,0	1,0	0,0	Longo da via	Bom	Não existe	Não existente	Seca	Perfeito estado	Não existe	Não há placas	""	Única	Não existe	""	""
2477	202229319,0	2022-12-08T00:00:00	""	COM VÍTIMA	FINALIZADA	SÃO JOSÉ	AV MARTINS DE BARROS	593,0	""	PROXIMO TOMAIS DE AQUINO	SÃO JOSÉ	""	""	COLISÃO TRASEIRA	0,0	0,0	0,0	0,0	0,0	2,0	0,0	0,0	0,0	3,0	0,0	Outros	Bom	Sem defeito	Perfeito estado	Seca	Perfeito estado	Outros	R-6c	""	Única	Faixa seccionada	""	""
2478	202229328,0	2022-12-08T00:00:00	""	SEM VÍTIMA	FINALIZADA	CASA AMARELA	AV NORTE MIGUEL ARRAES DE ALENCAR	""	""	ESCOLA PROFISSIONALIZANTE DOM BOSCO	CASA AMARELA	""	SUBURBIO	CHOQUE	2,0	1,0	0,0	0,0	0,0	0,0	0,0	0,0	0,0	0,0	0,0	Longo da via	Bom	Não existe	Perfeito estado	Seca	Perfeito estado	Não existe	Não há placas	60 km/h	Dupla	Canteiro central	""	""
2479	202229330,0	2022-12-08T00:00:00	""	COM VÍTIMA	FINALIZADA	IMBIRIBEIRA	RUA DUQUE ESTRADA	160,0	""	COLEGIO COGNITIVO	IMBIRIBEIRA	""	""	CHOQUE	2,0	0,0	0,0	0,0	0,0	0,0	0,0	0,0	0,0	2,0	0,0	Longo da via	Bom	""	Perfeito estado	Seca	Perfeito estado	Não existe	"Placas ""Pare"""	""	Dupla	Não existe	""	""
2480	202229334,0	2022-12-08T00:00:00	""	COM VÍTIMA	FINALIZADA	SÃO JOSÉ	RUA IMPERIAL	217,0	RUA LOURENCO DA SILVA	APÓS O COLÉGIO JOAQUIM NABUCO	SÃO JOSÉ	""	""	COLISÃO TRANSVERSAL	1,0	1,0	0,0	0,0	0,0	0,0	0,0	0,0	0,0	1,0	0,0	Cruzamento	Bom	Não existe	Não existente	Seca	Perfeito estado	Não existe	Não há placas	""	Única	Faixa seccionada	""	""
2481	202229343,0	2022-12-08T00:00:00	""	COM VÍTIMA	FINALIZADA	BOA VIAGEM	RUA DEZ DE JULHO	210,0	""	""	BOA VIAGEM	""	""	COLISÃO FRONTAL	1,0	1,0	0,0	0,0	0,0	0,0	0,0	0,0	0,0	1,0	0,0	Cruzamento	Bom	Não existe	Perfeito estado	Seca	Perfeito estado	Faixa de pedestre	"Placas ""Pare"""	""	Dupla	Não existe	""	""
2482	202229358,0	2022-12-09T00:00:00	""	COM VÍTIMA	FINALIZADA	TAMARINEIRA	RUA PADRE ROMA	160,0	""	RESTAURANTE FAACA	TAMARINEIRA	""	""	COLISÃO LATERAL	1,0	1,0	0,0	0,0	0,0	0,0	0,0	0,0	0,0	1,0	0,0	Longo da via	Bom	Sem defeito	Perfeito estado	Seca	Perfeito estado	Faixa de retenção	Não há placas	""	Única	Faixa contínua	""	""
2483	202229375,0	2022-12-09T00:00:00	""	SEM VÍTIMA	FINALIZADA	SANTO AMARO	AV CRUZ CABUGA	""	""	COLÉGIO GINASIO PERNAMBUCANO	SANTO AMARO	""	""	COLISÃO FRONTAL	1,0	0,0	0,0	0,0	0,0	0,0	0,0	1,0	0,0	0,0	0,0	Cruzamento	Bom	Sem defeito	Perfeito estado	Seca	Perfeito estado	Faixa de pedestre	R-6a	""	Dupla	Faixa contínua	""	""
2484	202229380,0	2022-12-09T00:00:00	""	COM VÍTIMA	FINALIZADA	BOA VISTA	RUA DO PRINCIPE	652,0	""	EM FRENTE A CATOLICA	BOA VISTA	""	""	COLISÃO TRASEIRA	1,0	0,0	0,0	0,0	0,0	0,0	0,0	0,0	0,0	1,0	0,0	Longo da via	Bom	Não existe	Perfeito estado	Seca	Perfeito estado	Faixa de pedestre	Não há placas	""	Única	Faixa contínua	""	""
2485	202229388,0	2022-12-09T00:00:00	""	COM VÍTIMA	FINALIZADA	IMBIRIBEIRA	AV MARECHAL MASCARENHAS DE MORAES	841,0	""	E/F A LOJA  FLORARTE  S/T SUB	IMBIRIBEIRA	""	""	COLISÃO LATERAL	1,0	1,0	0,0	0,0	0,0	0,0	0,0	0,0	0,0	1,0	0,0	Cruzamento	Bom	Sem defeito	Perfeito estado	Seca	Perfeito estado	Faixa de pedestre	R-6a	""	Dupla	Canteiro central	""	""
2486	202229399,0	2022-12-09T00:00:00	""	COM VÍTIMA	FINALIZADA	IPSEP	RUA JEAN EMILE FAVRE	""	""	PROXIMO AO DELEGACIA DO IPSEP	IPSEP	70,0	""	COLISÃO TRASEIRA	1,0	1,0	0,0	0,0	0,0	0,0	0,0	0,0	0,0	1,0	0,0	Cruzamento	Bom	Sem defeito	Perfeito estado	Seca	Perfeito estado	Faixa de pedestre	R-6a	""	Dupla	Faixa contínua	""	""
2487	202229431,0	2022-12-10T00:00:00	""	VÍTIMA FATAL	FINALIZADA	TORRÕES	AV ENGENHEIRO ABDIAS DE CARVALHO	""	""	VIADUTO  CAMILO PEREIRA CARNEIRO	TORRÕES	""	""	TOMBAMENTO	1,0	0,0	0,0	0,0	0,0	0,0	0,0	0,0	0,0	1,0	4,0	""	""	""	""	""	""	""	""	""	""	""	""	""
2488	202229473,0	2022-12-10T00:00:00	""	COM VÍTIMA	CANCELADA	TEJIPIÓ	AV LIBERDADE	""	""	EM FRENTE AO  AO GALPÃO BHF	TEJIPIÓ	""	""	COLISÃO LATERAL	1,0	1,0	0,0	0,0	0,0	0,0	0,0	0,0	0,0	1,0	0,0	""	""	""	""	""	""	""	""	""	""	""	""	""
2489	202229492,0	2022-12-10T00:00:00	""	COM VÍTIMA	FINALIZADA	CAXANGÁ	RUA EMILIANO BRAGA	""	""	NA FRENTE DO TERMINAL DE ÔNIBUS	CAXANGÁ	""	""	COLISÃO LATERAL	2,0	0,0	0,0	0,0	0,0	0,0	0,0	0,0	0,0	1,0	0,0	Cruzamento	Chuvoso	Não existe	Incompleta	Seca	Perfeito estado	Faixa de pedestre	R-6a	""	Única	Faixa contínua	Faixa seccionada	""
2490	202229494,0	2022-12-10T00:00:00	""	COM VÍTIMA	FINALIZADA	LINHA DO TIRO	RUA URIEL DE HOLANDA	1800,0	""	EM FRENTE AO ARMAZEM SHALON	LINHA DO TIRO	""	""	COLISÃO FRONTAL	1,0	1,0	0,0	0,0	0,0	0,0	0,0	0,0	0,0	1,0	0,0	Esquina	Bom	Não existe	Perfeito estado	Seca	Perfeito estado	Não existe	R-6a	30 km/h	Dupla	Não existe	""	""
2491	202229543,0	2022-12-11T00:00:00	""	COM VÍTIMA	FINALIZADA	IBURA	RUA PINTOR AGENOR DE ALBUQUERQUE CESAR	190,0	""	PROX AO SESI, SENTIOD BR	IBURA	""	""	COLISÃO FRONTAL	0,0	3,0	0,0	0,0	0,0	0,0	0,0	0,0	0,0	2,0	0,0	Longo da via	Bom	Não existe	Não existente	Seca	Mal conservada	Não existe	Não há placas	""	Dupla	Não existe	""	""
2492	202229554,0	2022-12-11T00:00:00	""	COM VÍTIMA	FINALIZADA	GRAÇAS	AV GOVERNADOR AGAMENON MAGALHAES	""	""	EM FRENTE AO MAC DONALD	GRAÇAS	""	""	COLISÃO TRASEIRA	2,0	1,0	0,0	0,0	0,0	0,0	0,0	0,0	0,0	1,0	0,0	Longo da via	Bom	Não existe	Não existente	Seca	Perfeito estado	Não existe	Não há placas	""	Única	Faixa seccionada	""	""
2493	202229557,0	2022-12-11T00:00:00	""	SEM VÍTIMA	FINALIZADA	JARDIM SÃO PAULO	AV RECIFE	""	""	SOB O SEMÁFORO DE Nº 705 , SENTIDO CEASA/AEROPORTO	JARDIM SÃO PAULO	705,0	SUBURBIO	COLISÃO TRASEIRA	2,0	0,0	0,0	0,0	0,0	0,0	0,0	0,0	0,0	0,0	0,0	Longo da via	Bom	Sem defeito	""	Seca	Perfeito estado	Faixa de pedestre	"Placas ""Dê a preferência"""	""	Dupla	Canteiro central	""	""
2494	202229568,0	2022-12-11T00:00:00	""	COM VÍTIMA	FINALIZADA	BOA VIAGEM	RUA VISCONDE DE JEQUITINHONHA	""	RUA BALTAZAR PASSOS	NO SEMÁFORO 154	BOA VIAGEM	154,0	""	COLISÃO COM CICLISTA	1,0	0,0	0,0	1,0	0,0	0,0	0,0	0,0	0,0	1,0	0,0	Cruzamento	Bom	Sem defeito	Perfeito estado	Seca	Perfeito estado	Faixa de pedestre	Outras	""	Dupla	Faixa contínua	""	""